nohup: ignoring input
   📂 Loaded 0 previous confirmed profits

╔════════════════════════════════════════════════════════════════════╗
║               RUN UNTIL PROFIT — PERSISTENT MONITOR                ║
╠════════════════════════════════════════════════════════════════════╣
║ Target: 5 confirmed profitable transactions                        ║
║ Started: 2026-03-01 09:19:19                                       ║
║ Max runtime: 48h                                                   ║
╚════════════════════════════════════════════════════════════════════╝

   📒 Ledger reset to $0.00

======================================================================
  🚀 ENGINE RUN #1 | Profits: 0/5 | Elapsed: 0.00h
======================================================================
   📒 Loaded existing ledger state ($0.00)
📒 Profit Ledger initialized
   Phase: phase_1_cold_start
   Cumulative P&L: $0.00
   Phase 2 threshold: $2,500
   Phase 3 threshold: $45,000
🗺️  Heat Map initialized
⛽ Gas Optimizer initialized
   Chains: 8
   Min margin: 1% / $0.01
⚡ Flash Loan Router initialized
   Providers: 6
     balancer: 0.0bps, chains=[1, 42161, 10, 137, 8453, 43114]
     dodo: 0.0bps, chains=[1, 56, 42161, 137, 10]
     aave_v3: 5.0bps, chains=[1, 42161, 10, 137, 8453, 43114]
     aave_v2: 9.0bps, chains=[1, 137]
     uniswap_v3: 30.0bps, chains=[1, 42161, 10, 137, 8453]
     maker: 0.0bps, chains=[1]
🔄 Capital Multiplier initialized
   Reinvestment Rate: 60%
   Avg Return/Trade:  0.35%
   Target Trades/Hr:  45
   Max Exposure:      $50,000,000
   📡 Endpoint Pool: 24 endpoints across 8 chains
      Chain 1: 5 endpoints (public, alchemy, flashbots)
      Chain 10: 3 endpoints (public, alchemy)
      Chain 56: 3 endpoints (public, alchemy)
      Chain 137: 3 endpoints (public, alchemy)
      Chain 324: 2 endpoints (public, alchemy)
      Chain 8453: 3 endpoints (public, alchemy)
      Chain 42161: 3 endpoints (public, alchemy)
      Chain 43114: 2 endpoints (public, alchemy)
🔌 RPC Gateway initialized
🔍 Opportunity Scanner initialized
   Scan interval: 2.0s
   Min profit: $0.01
   Vectors: 6
⚙️  Execution Manager initialized

======================================================================
  ⚡ TRIANGULATED PROFIT ENGINE
  ⚡ Multi-Vector Flash Loan Extraction System
======================================================================
  Phase:            phase_1_cold_start
  Vectors:          6 (liquidation, preemptive, protocols, cross-chain, pools, NFT)
  Flash Providers:  6
  Gas Chains:       8
  Min Profit:       $0.01
======================================================================

🚀 STARTING TRIANGULATED PROFIT ENGINE
   Time: 2026-03-01 09:19:19
   Phase: phase_1_cold_start

   ✅ RPC Gateway RUNNING (health checks + batch aggregator)
   🔌 Scanner using RPC Gateway (8 chains)
   Connected to 8 chains
   🎯 Executor wallet: 0xB323C6E32C6efe28FB9cfB1A83F4071c544eA1e4
   ⚡ Flashbots Protect: enabled
   ⚡ Zero-Revert Pipeline initialized
      ⚠️ Oracle LINK/USD chain=10: Could not transact with/call contract function, is contract deployed correctly a
      ⚠️ Oracle MATIC/USD chain=137: Could not transact with/call contract function, is contract deployed correctly a
   🔮 Oracle Reactor: 29 feeds loaded
      AAVE/USD: $113.03
      ARB/USD: $0.10
      AVAX/USD: $8.96
      BTC/USD: $65,749.44
      COMP/USD: $17.84
      CRV/USD: $0.24
      DAI/USD: $1.00
      ETH/USD: $1,956.64
      LINK/USD: $8.75
      MKR/USD: $1,588.42
      OP/USD: $0.12
      SNX/USD: $0.31
      UNI/USD: $3.77
      USDC/USD: $1.00
      cbETH/USD: $2,207.79
      rETH/USD: $1.16
      stETH/USD: $1,976.07
   ✅ Zero-Revert Pipeline RUNNING
      Oracle feeds: 17
      Execution: DIRECT (no simulation)
      Flashbots: enabled

⚙️  Starting Execution Manager...

💰 Initializing Liquidation Executor...
   ✅ Loaded LiquidationExecutor V1
   ✅ Loaded LiquidationExecutor V2
   ✅ Loaded FlashLoanArbitrageExecutor
   📋 Registered 7 liquidation protocols
   ✅ Executor V1: 0xA968eC40f51e842a9C71FbaaA906B029147469f0
   ✅ Executor V2: 0x77c069CF41EcD6f282b34DA316597901CCfB2cf6
   ✅ Flash Executor: 0xc16bF067F7218efCdeA022FB3481eBa66F5d6bc4
   ✅ Treasury: 0xB323C6E32C6efe28FB9cfB1A83F4071c544eA1e4
   📋 Registered 7 liquidation protocols
   ✅ Liquidation Executor initialized

🔄 Initializing Arbitrage Executor...
   ✅ Arbitrage Executor initialized

🏃 Initializing Backrun Executor...
   ✅ Backrun Executor initialized

🌉 Initializing Cross-Chain Executor...
   ✅ Cross-Chain Executor initialized
   ✅ Execution Manager started
✅ All systems online — scanning for profit opportunities...


🔍 Opportunity Scanner ACTIVE
   📇 Position indexer starting...
   📇 Chain 1: +710 borrowers from 2249 events (total tracked: 710)
   📇 Chain 137: +35 borrowers from 51 events (total tracked: 745)
   👁️  WATCHLIST +1: HF=1.1538 debt=$157,562 chain=1 (0xb6d8214fda...)
   👁️  WATCHLIST +1: HF=1.1696 debt=$52 chain=1 (0x547b324b3f...)
   👁️  WATCHLIST +1: HF=1.0623 debt=$69,128 chain=1 (0xaf3de92ced...)
   👁️  WATCHLIST +1: HF=1.1741 debt=$36,169 chain=1 (0xd6ec26b4dd...)
   👁️  WATCHLIST +1: HF=1.1517 debt=$629 chain=137 (0x4aee25eaa1...)
   👁️  WATCHLIST +1: HF=1.1134 debt=$1,558 chain=137 (0x3c55ddfc6f...)
   👁️  WATCHLIST +1: HF=1.1294 debt=$17,539 chain=137 (0x9f951c6c28...)
   👁️  WATCHLIST +1: HF=1.1340 debt=$248 chain=137 (0xf3cdddf70f...)
   👁️  WATCHLIST +1: HF=1.0898 debt=$15,599 chain=137 (0x3f48cb78d2...)
   👁️  WATCHLIST +1: HF=1.0437 debt=$217 chain=137 (0x21cfe08c7d...)
   👁️  WATCHLIST +1: HF=1.0535 debt=$7,233 chain=137 (0x86ac481b0f...)
   👁️  WATCHLIST +1: HF=1.0748 debt=$3,113 chain=137 (0x733e72fc59...)
   👁️  WATCHLIST +1: HF=1.1255 debt=$22 chain=137 (0xe37466a054...)
   👁️  WATCHLIST +1: HF=1.1310 debt=$2,804 chain=137 (0x1342a29f18...)
   👁️  WATCHLIST +1: HF=1.1399 debt=$2,186 chain=137 (0xa55eb05d7c...)
   👁️  Watchlist scanner starting...
   👁️  WATCHLIST +1: HF=1.1189 debt=$39,875 chain=1 (0xcd5adcb3a1...)
   👁️  WATCHLIST +1: HF=1.0488 debt=$75,641 chain=1 (0xe88f8699a0...)
   👁️  WATCHLIST +1: HF=1.1028 debt=$25,506 chain=1 (0x38d6bdce2c...)
   👁️  WATCHLIST +1: HF=1.0389 debt=$70,714 chain=1 (0x6294969d39...)
   👁️  WATCHLIST +1: HF=1.1326 debt=$11,878 chain=1 (0x36fb64501d...)
   👁️  WATCHLIST +1: HF=1.1279 debt=$35,117 chain=1 (0x5507bdc7df...)
   👁️  WATCHLIST +1: HF=1.1390 debt=$142,667 chain=1 (0xd14f076044...)
   👁️  WATCHLIST +1: HF=1.1062 debt=$3,609 chain=1 (0xec6bf4b36d...)
      [BW] total_positions=746 checking_top=15 w3_chains=[1, 10, 56, 137, 324, 8453, 42161, 43114]

  ┌─ STATUS [0:00:49] ─────────────────────────────────────────┐
  │ Profits: 0/5 | Total P&L: $0.00 | Phase: phase_1_cold_start
  │ Positions: 745 | Opps: found=0 exec=0 skip=0
  │ Vectors: undercollateralized_pool=3
  │ Gas: 0.0831 gwei | Engine: RUNNING
  └──────────────────────────────────────────────────────────┘
   ⏱️  Scan #1 | Positions: 745 | Watchlist: 49 | Opps found: 0 | ETH gas: 0.0941 gwei | Vectors: 1/6 active
   👁️  WATCHLIST +1: HF=1.0838 debt=$4,279 chain=1 (0x39693e168c...)
   👁️  WATCHLIST +1: HF=1.1742 debt=$2,315 chain=1 (0xd3b6c73db6...)
   👁️  WATCHLIST +1: HF=1.1475 debt=$600 chain=1 (0x18188d40c6...)
   👁️  WATCHLIST +1: HF=1.0702 debt=$12,919 chain=1 (0x81ec2081df...)
   👁️  WATCHLIST +1: HF=1.0219 debt=$416,634 chain=1 (0xe9a8e03d42...)
   👁️  WATCHLIST +1: HF=1.1089 debt=$206,671 chain=1 (0x80e104550c...)
   👁️  WATCHLIST +1: HF=1.1802 debt=$1,782 chain=1 (0x51095c0371...)
   👁️  WATCHLIST +1: HF=1.1581 debt=$181,832 chain=1 (0xbf3401cee6...)
   👁️  WATCHLIST +1: HF=1.1595 debt=$341,492 chain=1 (0x7cf67a1a48...)
   👁️  WATCHLIST +1: HF=1.0686 debt=$1,532,063 chain=1 (0xe7cd2fa44c...)
   👁️  WATCHLIST +1: HF=1.0677 debt=$24,912 chain=1 (0x9dc2645d21...)

  📊 [phase_1_cold_start] 0.02h | P&L: $0.00 | Rate: $0.00/hr | TXs: 0 | Cap: $0.00 | Mult: inactive
   ⏱️  Scan #2 | Positions: 745 | Watchlist: 79 | Opps found: 1 | ETH gas: 0.0954 gwei | Vectors: 2/6 active
   📇 Chain 137: +2 borrowers from 52 events (total tracked: 747)

  ┌─ STATUS [0:01:34] ─────────────────────────────────────────┐
  │ Profits: 0/5 | Total P&L: $0.00 | Phase: phase_1_cold_start
  │ Positions: 747 | Opps: found=1 exec=0 skip=1
  │ Vectors: new_protocol=1, undercollateralized_pool=9
  │ Gas: 0.0954 gwei | Engine: RUNNING
  └──────────────────────────────────────────────────────────┘
   👁️  WATCHLIST +1: HF=1.0223 debt=$376,651 chain=1 (0xa1d0cfcd74...)
   👁️  WATCHLIST +1: HF=1.1742 debt=$122,777 chain=1 (0x0563189164...)
   👁️  WATCHLIST +1: HF=1.0445 debt=$56,628 chain=1 (0x2dfbdc7045...)
   👁️  WATCHLIST +1: HF=1.0489 debt=$145,030 chain=1 (0x772fbc0953...)
   👁️  WATCHLIST +1: HF=1.0466 debt=$3,355 chain=1 (0x92561d51c7...)
   👁️  WATCHLIST +1: HF=1.1571 debt=$652,139 chain=1 (0xc8097d434b...)
   👁️  WATCHLIST +1: HF=1.1145 debt=$6,888 chain=137 (0x403acd9f7a...)
   ⏱️  Scan #3 | Positions: 747 | Watchlist: 95 | Opps found: 1 | ETH gas: 0.0859 gwei | Vectors: 2/6 active
   👁️  WATCHLIST +1: HF=1.0364 debt=$29,206,498 chain=1 (0xa260b049dd...)
   👁️  WATCHLIST +1: HF=1.0604 debt=$35,933,989 chain=1 (0xe6d0ca9844...)
   👁️  WATCHLIST +1: HF=1.1143 debt=$56,670 chain=1 (0x44d322a634...)
   👁️  WATCHLIST +1: HF=1.0341 debt=$1,580 chain=1 (0x950556fe43...)
   👁️  WATCHLIST +1: HF=1.1072 debt=$1,317 chain=1 (0xb3af1f2bf9...)
   👁️  WATCHLIST +1: HF=1.1436 debt=$64,012 chain=1 (0xcc17289fe8...)
   👁️  WATCHLIST +1: HF=1.1059 debt=$10,324 chain=1 (0x7e68c279ea...)
   👁️  WATCHLIST +1: HF=1.1281 debt=$7 chain=1 (0x6638968acb...)
   👁️  WATCHLIST +1: HF=1.1318 debt=$83,926 chain=1 (0x812ba3f527...)
   👁️  WATCHLIST +1: HF=1.0935 debt=$21,734 chain=1 (0x547564a93e...)
   👁️  WATCHLIST +1: HF=1.0488 debt=$8,615 chain=1 (0x4a89c6fb06...)

  ┌─ STATUS [0:02:19] ─────────────────────────────────────────┐
  │ Profits: 0/5 | Total P&L: $0.00 | Phase: phase_1_cold_start
  │ Positions: 747 | Opps: found=1 exec=0 skip=1
  │ Vectors: new_protocol=1, undercollateralized_pool=12
  │ Gas: 0.0859 gwei | Engine: RUNNING
  └──────────────────────────────────────────────────────────┘
   📡 [RPC Gateway] reqs=0 rps=0.0 batched=0 failovers=0 429s=0
   ⚡ [ZRP] positions=748 checks=75 fired=0 confirmed=0 reverted=0 profit=$0.00 gas=$0.0000
      Index: ETH/USD:748
   👁️  WATCHLIST +1: HF=1.1768 debt=$590 chain=1 (0xb07b576bba...)
   👁️  WATCHLIST +1: HF=1.1376 debt=$33,844 chain=1 (0x80d50cff6c...)
   👁️  WATCHLIST +1: HF=1.0219 debt=$538,838 chain=1 (0xc31bbd2bcc...)
   👁️  WATCHLIST +1: HF=1.0998 debt=$691,801 chain=1 (0xeeb5f24608...)
   👁️  WATCHLIST +1: HF=1.0761 debt=$2,774 chain=1 (0xb107ed364a...)
   👁️  WATCHLIST +1: HF=1.1444 debt=$12,342 chain=1 (0x1c56038011...)
   👁️  WATCHLIST +1: HF=1.0394 debt=$1,219,158,683 chain=1 (0x9600a48ed0...)
   👁️  WATCHLIST +1: HF=1.0931 debt=$31,704 chain=1 (0x2d407e8245...)
   👁️  WATCHLIST +1: HF=1.1682 debt=$475,375 chain=1 (0x07f266c236...)
   👁️  WATCHLIST +1: HF=1.0891 debt=$5,593 chain=1 (0xffce138b69...)
   👁️  WATCHLIST +1: HF=1.0927 debt=$16,691 chain=1 (0xb3170d7a89...)
   ⏱️  Scan #4 | Positions: 747 | Watchlist: 140 | Opps found: 1 | ETH gas: 0.0889 gwei | Vectors: 2/6 active

  📊 [phase_1_cold_start] 0.05h | P&L: $0.00 | Rate: $0.00/hr | TXs: 0 | Cap: $0.00 | Mult: inactive
   📇 Chain 1: +1 borrowers from 2256 events (total tracked: 748)
   👁️  WATCHLIST +1: HF=1.1527 debt=$50,017 chain=1 (0x97b90fbc89...)
   👁️  WATCHLIST +1: HF=1.0614 debt=$9,066 chain=1 (0xc846d321ae...)
   👁️  WATCHLIST +1: HF=1.1704 debt=$5,995 chain=1 (0xaa7ca0c0ca...)
   👁️  WATCHLIST +1: HF=1.0242 debt=$500,304 chain=1 (0x01d1f55d94...)
   👁️  WATCHLIST +1: HF=1.1590 debt=$25,582 chain=1 (0x5a742f64f2...)
   👁️  WATCHLIST +1: HF=1.1468 debt=$2,725 chain=1 (0x251fe070aa...)
   👁️  WATCHLIST +1: HF=1.1679 debt=$21,890 chain=1 (0x29614a3197...)
   👁️  WATCHLIST +1: HF=1.0367 debt=$13 chain=1 (0x8ae928cb08...)
   👁️  WATCHLIST +1: HF=1.0934 debt=$49,213 chain=1 (0x46224adc61...)
   👁️  WATCHLIST +1: HF=1.1290 debt=$9,615 chain=1 (0x0ac921401d...)
   👁️  WATCHLIST +1: HF=1.0480 debt=$53,884 chain=1 (0x172dd54776...)

  ┌─ STATUS [0:03:08] ─────────────────────────────────────────┐
  │ Profits: 0/5 | Total P&L: $0.00 | Phase: phase_1_cold_start
  │ Positions: 748 | Opps: found=1 exec=0 skip=1
  │ Vectors: new_protocol=1, undercollateralized_pool=15
  │ Gas: 0.1004 gwei | Engine: RUNNING
  └──────────────────────────────────────────────────────────┘
   ⏱️  Scan #5 | Positions: 748 | Watchlist: 161 | Opps found: 1 | ETH gas: 0.1004 gwei | Vectors: 2/6 active
   👁️  WATCHLIST +1: HF=1.1705 debt=$226,555 chain=1 (0xe47358eae0...)
   👁️  WATCHLIST +1: HF=1.1592 debt=$37,385 chain=1 (0x676fe70aea...)
   👁️  WATCHLIST +1: HF=1.0226 debt=$761,222 chain=1 (0x2db279e5e8...)
   👁️  WATCHLIST +1: HF=1.0581 debt=$8,416 chain=1 (0x50dd9ba784...)
   👁️  WATCHLIST +1: HF=1.0952 debt=$16,317,250 chain=1 (0x3b3bdaa446...)
   👁️  WATCHLIST +1: HF=1.0515 debt=$4,072 chain=1 (0xa67f5996ec...)
   ⏱️  Scan #6 | Positions: 748 | Watchlist: 178 | Opps found: 1 | ETH gas: 0.0861 gwei | Vectors: 2/6 active

  ┌─ STATUS [0:03:54] ─────────────────────────────────────────┐
  │ Profits: 0/5 | Total P&L: $0.00 | Phase: phase_1_cold_start
  │ Positions: 748 | Opps: found=1 exec=0 skip=1
  │ Vectors: new_protocol=1, undercollateralized_pool=21
  │ Gas: 0.0861 gwei | Engine: RUNNING
  └──────────────────────────────────────────────────────────┘
   👁️  WATCHLIST +1: HF=1.1368 debt=$128,975 chain=1 (0x2513d73a64...)
   👁️  WATCHLIST +1: HF=1.1656 debt=$126,067 chain=1 (0x3f213681bf...)
   👁️  WATCHLIST +1: HF=1.1178 debt=$9,887 chain=1 (0x937f60e41b...)
   👁️  WATCHLIST +1: HF=1.1496 debt=$25,158 chain=1 (0x693a30834e...)
   👁️  WATCHLIST +1: HF=1.1146 debt=$186,376 chain=1 (0x75b4257dc0...)
   👁️  WATCHLIST +1: HF=1.1738 debt=$3,079 chain=1 (0xc7068657fd...)
   👁️  WATCHLIST +1: HF=1.1932 debt=$69,474 chain=1 (0xce09fad0dd...)
   👁️  WATCHLIST +1: HF=1.0713 debt=$1,774 chain=1 (0x86530a6857...)
   👁️  WATCHLIST +1: HF=1.1462 debt=$115,034 chain=1 (0xed1ab35b1d...)
   👁️  WATCHLIST +1: HF=1.0625 debt=$115,048 chain=1 (0xae49fc11cc...)
   👁️  WATCHLIST +1: HF=1.1899 debt=$135,669 chain=1 (0xfe7a590b78...)
   👁️  WATCHLIST +1: HF=1.1187 debt=$3,981 chain=1 (0x3be6d37399...)
   👁️  WATCHLIST +1: HF=1.0618 debt=$14,884 chain=1 (0x64362046cb...)
   👁️  WATCHLIST +1: HF=1.1503 debt=$34,285 chain=1 (0xf4da47d5aa...)
   ⏱️  Scan #7 | Positions: 748 | Watchlist: 205 | Opps found: 1 | ETH gas: 0.1017 gwei | Vectors: 2/6 active

  📊 [phase_1_cold_start] 0.07h | P&L: $0.00 | Rate: $0.00/hr | TXs: 0 | Cap: $0.00 | Mult: inactive
   📇 Chain 137: +1 borrowers from 55 events (total tracked: 749)
   👁️  WATCHLIST +1: HF=1.1008 debt=$1,093 chain=1 (0xcbd4aeb02a...)
   👁️  WATCHLIST +1: HF=1.0869 debt=$36,802 chain=1 (0x572372831a...)
   👁️  WATCHLIST +1: HF=1.0528 debt=$118,375 chain=1 (0x8067335db1...)
   👁️  WATCHLIST +1: HF=1.1685 debt=$58 chain=1 (0x04cd06028d...)
   👁️  WATCHLIST +1: HF=1.1265 debt=$637,824 chain=1 (0x3ca0d03370...)
   👁️  WATCHLIST +1: HF=1.0958 debt=$15,081 chain=1 (0x8f605eb0f0...)
   👁️  WATCHLIST +1: HF=1.0679 debt=$155,133 chain=1 (0xc5890af3fa...)
   👁️  WATCHLIST +1: HF=1.1393 debt=$7,147 chain=1 (0x0d51d069ec...)
   👁️  WATCHLIST +1: HF=1.0556 debt=$265,110 chain=1 (0xe82e513b86...)
   👁️  WATCHLIST +1: HF=1.0658 debt=$58,904 chain=1 (0xbbb2d9f583...)
   👁️  WATCHLIST +1: HF=1.0988 debt=$501 chain=1 (0x5e6460ade7...)
   👁️  WATCHLIST +1: HF=1.1101 debt=$1,441 chain=1 (0xb09e3f7540...)
   📡 [RPC Gateway] reqs=0 rps=0.0 batched=0 failovers=0 429s=0
   ⚡ [ZRP] positions=749 checks=135 fired=0 confirmed=0 reverted=0 profit=$0.00 gas=$0.0000
      Index: ETH/USD:749

  ┌─ STATUS [0:04:52] ─────────────────────────────────────────┐
  │ Profits: 0/5 | Total P&L: $0.00 | Phase: phase_1_cold_start
  │ Positions: 749 | Opps: found=1 exec=0 skip=1
  │ Vectors: new_protocol=1, undercollateralized_pool=24
  │ Gas: 0.0998 gwei | Engine: RUNNING
  └──────────────────────────────────────────────────────────┘
   ⏱️  Scan #8 | Positions: 749 | Watchlist: 228 | Opps found: 1 | ETH gas: 0.0998 gwei | Vectors: 2/6 active
   👁️  WATCHLIST +1: HF=1.0163 debt=$24,363 chain=1 (0x4dc41ad378...)
   👁️  WATCHLIST +1: HF=1.1388 debt=$244,006 chain=1 (0xadd13c505c...)
   👁️  WATCHLIST +1: HF=1.1808 debt=$14,014 chain=1 (0xe4c66916d4...)
   👁️  WATCHLIST +1: HF=1.0556 debt=$2,326 chain=1 (0xb0105f6582...)
   👁️  WATCHLIST +1: HF=1.0709 debt=$14,824 chain=1 (0x27ef7be927...)

  🔧 ADAPTIVE: No new profits in 300s
     min_profit: $0.01 → $0.01
     min_confidence: 0.01 → 0.01
     Positions tracked: 749

  📊 HEALTH FACTOR DISTRIBUTION (sampled 30 of 749):
           <1.0:   0 
       1.0-1.05:   0 
      1.05-1.10:   0 
      1.10-1.20:   2 ██
      1.20-1.50:   3 ███
          >1.50:  25 █████████████████████████
          error:   0 
     Closest to liquidation: HF=1.1538 debt=$157,562 (0xb6d8214f...)
   ⏱️  Scan #9 | Positions: 749 | Watchlist: 246 | Opps found: 1 | ETH gas: 0.0961 gwei | Vectors: 2/6 active

  📊 [phase_1_cold_start] 0.09h | P&L: $0.00 | Rate: $0.00/hr | TXs: 0 | Cap: $0.00 | Mult: inactive
   ⚠️ SELF-HEAL: No new opportunities in 10 minutes — relaxing thresholds

  ┌─ STATUS [0:06:03] ─────────────────────────────────────────┐
  │ Profits: 0/5 | Total P&L: $0.00 | Phase: phase_1_cold_start
  │ Positions: 749 | Opps: found=1 exec=0 skip=1
  │ Vectors: new_protocol=1, undercollateralized_pool=30
  │ Gas: 0.0961 gwei | Engine: RUNNING
  └──────────────────────────────────────────────────────────┘
   👁️  WATCHLIST +1: HF=1.0409 debt=$60,701 chain=1 (0x988a9dd893...)
   👁️  WATCHLIST +1: HF=1.1043 debt=$30,536 chain=1 (0x37c88abd80...)
   👁️  WATCHLIST +1: HF=1.0400 debt=$704,777 chain=1 (0x3fe2461f7c...)
   👁️  WATCHLIST +1: HF=1.0385 debt=$66 chain=1 (0x562e2c7374...)
   👁️  WATCHLIST +1: HF=1.1383 debt=$13,026 chain=1 (0xcc7c7e0dcd...)
   👁️  WATCHLIST +1: HF=1.0311 debt=$5,455,387 chain=1 (0xc6dd997606...)
   👁️  WATCHLIST +1: HF=1.1928 debt=$459,924 chain=1 (0xa39ad1a36c...)
   👁️  WATCHLIST +1: HF=1.1733 debt=$1,086 chain=1 (0xbcb23caeda...)
   👁️  WATCHLIST +1: HF=1.0899 debt=$12,618 chain=1 (0x6f9d320fb2...)
   👁️  WATCHLIST +1: HF=1.1367 debt=$1,433 chain=1 (0xd2e49e959a...)
   ⏱️  Scan #10 | Positions: 749 | Watchlist: 266 | Opps found: 1 | ETH gas: 0.1004 gwei | Vectors: 2/6 active
   👁️  WATCHLIST +1: HF=1.0925 debt=$10,127,307 chain=1 (0xb7b7eb7e96...)
   👁️  WATCHLIST +1: HF=1.1325 debt=$80,375 chain=1 (0xd76131c706...)
   👁️  WATCHLIST +1: HF=1.1278 debt=$1,928 chain=1 (0x509ea51dff...)
   👁️  WATCHLIST +1: HF=1.0266 debt=$1,005,377 chain=1 (0x97105cf9fe...)
   👁️  WATCHLIST +1: HF=1.1542 debt=$21,936 chain=1 (0x26d5adaa51...)
   👁️  WATCHLIST +1: HF=1.0220 debt=$4,266,056 chain=1 (0x1df2fba03a...)
   👁️  WATCHLIST +1: HF=1.0223 debt=$259,137 chain=1 (0xad78662714...)
   ⏱️  Scan #11 | Positions: 749 | Watchlist: 285 | Opps found: 1 | ETH gas: 0.0883 gwei | Vectors: 2/6 active

  ┌─ STATUS [0:06:59] ─────────────────────────────────────────┐
  │ Profits: 0/5 | Total P&L: $0.00 | Phase: phase_1_cold_start
  │ Positions: 749 | Opps: found=1 exec=0 skip=1
  │ Vectors: new_protocol=1, undercollateralized_pool=36
  │ Gas: 0.0883 gwei | Engine: RUNNING
  └──────────────────────────────────────────────────────────┘

  📊 [phase_1_cold_start] 0.12h | P&L: $0.00 | Rate: $0.00/hr | TXs: 0 | Cap: $0.00 | Mult: inactive
   📇 Chain 1: +1 borrowers from 2263 events (total tracked: 750)
   ⚡ [ZRP] positions=750 checks=195 fired=0 confirmed=0 reverted=0 profit=$0.00 gas=$0.0000
      Index: ETH/USD:750
   📡 [RPC Gateway] reqs=0 rps=0.0 batched=0 failovers=0 429s=0
   👁️  WATCHLIST +1: HF=1.1646 debt=$942 chain=1 (0xaa13fcb8d7...)
   ⏱️  Scan #12 | Positions: 750 | Watchlist: 289 | Opps found: 1 | ETH gas: 0.0847 gwei | Vectors: 2/6 active

  ┌─ STATUS [0:07:41] ─────────────────────────────────────────┐
  │ Profits: 0/5 | Total P&L: $0.00 | Phase: phase_1_cold_start
  │ Positions: 750 | Opps: found=1 exec=0 skip=1
  │ Vectors: new_protocol=1, undercollateralized_pool=39
  │ Gas: 0.0847 gwei | Engine: RUNNING
  └──────────────────────────────────────────────────────────┘
   ⏱️  Scan #13 | Positions: 750 | Watchlist: 289 | Opps found: 1 | ETH gas: 0.0917 gwei | Vectors: 2/6 active

  📊 [phase_1_cold_start] 0.14h | P&L: $0.00 | Rate: $0.00/hr | TXs: 0 | Cap: $0.00 | Mult: inactive

  ┌─ STATUS [0:08:24] ─────────────────────────────────────────┐
  │ Profits: 0/5 | Total P&L: $0.00 | Phase: phase_1_cold_start
  │ Positions: 750 | Opps: found=1 exec=0 skip=1
  │ Vectors: new_protocol=1, undercollateralized_pool=42
  │ Gas: 0.0917 gwei | Engine: RUNNING
  └──────────────────────────────────────────────────────────┘
   ⏱️  Scan #14 | Positions: 750 | Watchlist: 289 | Opps found: 1 | ETH gas: 0.0822 gwei | Vectors: 2/6 active

  ┌─ STATUS [0:09:38] ─────────────────────────────────────────┐
  │ Profits: 0/5 | Total P&L: $0.00 | Phase: phase_1_cold_start
  │ Positions: 750 | Opps: found=1 exec=0 skip=1
  │ Vectors: new_protocol=1, undercollateralized_pool=45
  │ Gas: 0.0822 gwei | Engine: RUNNING
  └──────────────────────────────────────────────────────────┘

  📊 [phase_1_cold_start] 0.16h | P&L: $0.00 | Rate: $0.00/hr | TXs: 0 | Cap: $0.00 | Mult: inactive
   ⏱️  Scan #15 | Positions: 750 | Watchlist: 288 | Opps found: 1 | ETH gas: 0.0747 gwei | Vectors: 2/6 active
   📡 [RPC Gateway] reqs=0 rps=0.0 batched=0 failovers=0 429s=0
   ⚡ [ZRP] positions=751 checks=240 fired=0 confirmed=0 reverted=0 profit=$0.00 gas=$0.0000
      Index: ETH/USD:751

  ┌─ STATUS [0:10:38] ─────────────────────────────────────────┐
  │ Profits: 0/5 | Total P&L: $0.00 | Phase: phase_1_cold_start
  │ Positions: 750 | Opps: found=1 exec=0 skip=1
  │ Vectors: new_protocol=1, undercollateralized_pool=48
  │ Gas: 0.0766 gwei | Engine: RUNNING
  └──────────────────────────────────────────────────────────┘
   ⏱️  Scan #16 | Positions: 750 | Watchlist: 288 | Opps found: 1 | ETH gas: 0.0766 gwei | Vectors: 2/6 active

  🔧 ADAPTIVE: No new profits in 300s
     min_profit: $0.01 → $0.01
     min_confidence: 0.01 → 0.01
     Positions tracked: 750

  📊 HEALTH FACTOR DISTRIBUTION (sampled 30 of 750):
           <1.0:   0 
       1.0-1.05:   0 
      1.05-1.10:   0 
      1.10-1.20:   2 ██
      1.20-1.50:   3 ███
          >1.50:  25 █████████████████████████
          error:   0 
     Closest to liquidation: HF=1.1538 debt=$157,562 (0xb6d8214f...)

  📊 [phase_1_cold_start] 0.19h | P&L: $0.00 | Rate: $0.00/hr | TXs: 0 | Cap: $0.00 | Mult: inactive
   ⏱️  Scan #17 | Positions: 750 | Watchlist: 288 | Opps found: 1 | ETH gas: 0.0672 gwei | Vectors: 2/6 active
   📇 Chain 137: +1 borrowers from 56 events (total tracked: 751)

  ┌─ STATUS [0:11:32] ─────────────────────────────────────────┐
  │ Profits: 0/5 | Total P&L: $0.00 | Phase: phase_1_cold_start
  │ Positions: 751 | Opps: found=1 exec=0 skip=1
  │ Vectors: new_protocol=1, undercollateralized_pool=54
  │ Gas: 0.0672 gwei | Engine: RUNNING
  └──────────────────────────────────────────────────────────┘
   ⏱️  Scan #18 | Positions: 751 | Watchlist: 287 | Opps found: 1 | ETH gas: 0.0675 gwei | Vectors: 2/6 active
   📡 [RPC Gateway] reqs=0 rps=0.0 batched=0 failovers=0 429s=0
   ⚡ [ZRP] positions=751 checks=285 fired=0 confirmed=0 reverted=0 profit=$0.00 gas=$0.0000
      Index: ETH/USD:751

  ┌─ STATUS [0:12:39] ─────────────────────────────────────────┐
  │ Profits: 0/5 | Total P&L: $0.00 | Phase: phase_1_cold_start
  │ Positions: 751 | Opps: found=1 exec=0 skip=1
  │ Vectors: new_protocol=1, undercollateralized_pool=57
  │ Gas: 0.0675 gwei | Engine: RUNNING
  └──────────────────────────────────────────────────────────┘
   ⏱️  Scan #19 | Positions: 751 | Watchlist: 288 | Opps found: 1 | ETH gas: 0.0618 gwei | Vectors: 2/6 active

  📊 [phase_1_cold_start] 0.21h | P&L: $0.00 | Rate: $0.00/hr | TXs: 0 | Cap: $0.00 | Mult: inactive
   👁️  WATCHLIST +1: HF=1.0878 debt=$23,625 chain=1 (0xed78afd8ac...)
   ⏱️  Scan #20 | Positions: 751 | Watchlist: 288 | Opps found: 1 | ETH gas: 0.0679 gwei | Vectors: 2/6 active

  ┌─ STATUS [0:13:39] ─────────────────────────────────────────┐
  │ Profits: 0/5 | Total P&L: $0.00 | Phase: phase_1_cold_start
  │ Positions: 751 | Opps: found=1 exec=0 skip=1
  │ Vectors: new_protocol=1, undercollateralized_pool=63
  │ Gas: 0.0679 gwei | Engine: RUNNING
  └──────────────────────────────────────────────────────────┘

  📊 [phase_1_cold_start] 0.24h | P&L: $0.00 | Rate: $0.00/hr | TXs: 0 | Cap: $0.00 | Mult: inactive
   ⏱️  Scan #21 | Positions: 751 | Watchlist: 288 | Opps found: 1 | ETH gas: 0.0672 gwei | Vectors: 2/6 active

  ┌─ STATUS [0:14:50] ─────────────────────────────────────────┐
  │ Profits: 0/5 | Total P&L: $0.00 | Phase: phase_1_cold_start
  │ Positions: 751 | Opps: found=1 exec=0 skip=1
  │ Vectors: new_protocol=1, undercollateralized_pool=66
  │ Gas: 0.0672 gwei | Engine: RUNNING
  └──────────────────────────────────────────────────────────┘
   📡 [RPC Gateway] reqs=0 rps=0.0 batched=0 failovers=0 429s=0
   ⚡ [ZRP] positions=752 checks=345 fired=0 confirmed=0 reverted=0 profit=$0.00 gas=$0.0000
      Index: ETH/USD:752
   ⏱️  Scan #22 | Positions: 751 | Watchlist: 287 | Opps found: 1 | ETH gas: 0.0732 gwei | Vectors: 2/6 active
   👁️  WATCHLIST +1: HF=1.1110 debt=$5,151 chain=1 (0x5e6460ade7...)
   ⏱️  Scan #23 | Positions: 751 | Watchlist: 288 | Opps found: 1 | ETH gas: 0.0719 gwei | Vectors: 2/6 active

  ┌─ STATUS [0:15:48] ─────────────────────────────────────────┐
  │ Profits: 0/5 | Total P&L: $0.00 | Phase: phase_1_cold_start
  │ Positions: 751 | Opps: found=1 exec=0 skip=1
  │ Vectors: new_protocol=1, undercollateralized_pool=72
  │ Gas: 0.0719 gwei | Engine: RUNNING
  └──────────────────────────────────────────────────────────┘

  📊 [phase_1_cold_start] 0.26h | P&L: $0.00 | Rate: $0.00/hr | TXs: 0 | Cap: $0.00 | Mult: inactive
   ⚠️ SELF-HEAL: No new opportunities in 10 minutes — relaxing thresholds
   ⏱️  Scan #24 | Positions: 751 | Watchlist: 288 | Opps found: 1 | ETH gas: 0.0658 gwei | Vectors: 2/6 active

  🔧 ADAPTIVE: No new profits in 300s
     min_profit: $0.01 → $0.01
     min_confidence: 0.01 → 0.01
     Positions tracked: 751

  📊 HEALTH FACTOR DISTRIBUTION (sampled 30 of 751):
           <1.0:   0 
       1.0-1.05:   0 
      1.05-1.10:   0 
      1.10-1.20:   2 ██
      1.20-1.50:   3 ███
          >1.50:  25 █████████████████████████
          error:   0 
     Closest to liquidation: HF=1.1538 debt=$157,562 (0xb6d8214f...)

  ┌─ STATUS [0:16:37] ─────────────────────────────────────────┐
  │ Profits: 0/5 | Total P&L: $0.00 | Phase: phase_1_cold_start
  │ Positions: 751 | Opps: found=1 exec=0 skip=1
  │ Vectors: new_protocol=1, undercollateralized_pool=75
  │ Gas: 0.0658 gwei | Engine: RUNNING
  └──────────────────────────────────────────────────────────┘

  📊 [phase_1_cold_start] 0.29h | P&L: $0.00 | Rate: $0.00/hr | TXs: 0 | Cap: $0.00 | Mult: inactive
   ⏱️  Scan #25 | Positions: 751 | Watchlist: 287 | Opps found: 1 | ETH gas: 0.0661 gwei | Vectors: 2/6 active
   ⚡ [ZRP] positions=752 checks=390 fired=0 confirmed=0 reverted=0 profit=$0.00 gas=$0.0000
      Index: ETH/USD:752
   📡 [RPC Gateway] reqs=0 rps=0.0 batched=0 failovers=0 429s=0

  ┌─ STATUS [0:17:46] ─────────────────────────────────────────┐
  │ Profits: 0/5 | Total P&L: $0.00 | Phase: phase_1_cold_start
  │ Positions: 751 | Opps: found=1 exec=0 skip=1
  │ Vectors: new_protocol=1, undercollateralized_pool=78
  │ Gas: 0.0661 gwei | Engine: RUNNING
  └──────────────────────────────────────────────────────────┘
   ⏱️  Scan #26 | Positions: 751 | Watchlist: 287 | Opps found: 1 | ETH gas: 0.0703 gwei | Vectors: 2/6 active
   ⏱️  Scan #27 | Positions: 751 | Watchlist: 287 | Opps found: 1 | ETH gas: 0.0606 gwei | Vectors: 2/6 active

  ┌─ STATUS [0:18:39] ─────────────────────────────────────────┐
  │ Profits: 0/5 | Total P&L: $0.00 | Phase: phase_1_cold_start
  │ Positions: 751 | Opps: found=1 exec=0 skip=1
  │ Vectors: new_protocol=1, undercollateralized_pool=84
  │ Gas: 0.0606 gwei | Engine: RUNNING
  └──────────────────────────────────────────────────────────┘

  📊 [phase_1_cold_start] 0.31h | P&L: $0.00 | Rate: $0.00/hr | TXs: 0 | Cap: $0.00 | Mult: inactive
   ⏱️  Scan #28 | Positions: 751 | Watchlist: 287 | Opps found: 1 | ETH gas: 0.0658 gwei | Vectors: 2/6 active

  ┌─ STATUS [0:19:23] ─────────────────────────────────────────┐
  │ Profits: 0/5 | Total P&L: $0.00 | Phase: phase_1_cold_start
  │ Positions: 751 | Opps: found=1 exec=0 skip=1
  │ Vectors: new_protocol=1, undercollateralized_pool=87
  │ Gas: 0.0658 gwei | Engine: RUNNING
  └──────────────────────────────────────────────────────────┘
   ⚡ [ZRP] positions=752 checks=450 fired=0 confirmed=0 reverted=0 profit=$0.00 gas=$0.0000
      Index: ETH/USD:752
   📡 [RPC Gateway] reqs=0 rps=0.0 batched=0 failovers=0 429s=0
   ⏱️  Scan #29 | Positions: 751 | Watchlist: 287 | Opps found: 1 | ETH gas: 0.0673 gwei | Vectors: 2/6 active

  📊 [phase_1_cold_start] 0.33h | P&L: $0.00 | Rate: $0.00/hr | TXs: 0 | Cap: $0.00 | Mult: inactive
   📇 Chain 1: +1 borrowers from 2251 events (total tracked: 752)

  ┌─ STATUS [0:20:32] ─────────────────────────────────────────┐
  │ Profits: 0/5 | Total P&L: $0.00 | Phase: phase_1_cold_start
  │ Positions: 752 | Opps: found=1 exec=0 skip=1
  │ Vectors: new_protocol=1, undercollateralized_pool=90
  │ Gas: 0.0673 gwei | Engine: RUNNING
  └──────────────────────────────────────────────────────────┘
   ⏱️  Scan #30 | Positions: 752 | Watchlist: 287 | Opps found: 1 | ETH gas: 0.0607 gwei | Vectors: 2/6 active

  📊 [phase_1_cold_start] 0.36h | P&L: $0.00 | Rate: $0.00/hr | TXs: 0 | Cap: $0.00 | Mult: inactive

  ┌─ STATUS [0:21:38] ─────────────────────────────────────────┐
  │ Profits: 0/5 | Total P&L: $0.00 | Phase: phase_1_cold_start
  │ Positions: 752 | Opps: found=1 exec=0 skip=1
  │ Vectors: new_protocol=1, undercollateralized_pool=93
  │ Gas: 0.0607 gwei | Engine: RUNNING
  └──────────────────────────────────────────────────────────┘
   📇 Chain 1: +1 borrowers from 2253 events (total tracked: 753)
   ⏱️  Scan #31 | Positions: 753 | Watchlist: 287 | Opps found: 1 | ETH gas: 0.0781 gwei | Vectors: 2/6 active

  🔧 ADAPTIVE: No new profits in 300s
     min_profit: $0.01 → $0.01
     min_confidence: 0.01 → 0.01
     Positions tracked: 753

  📊 HEALTH FACTOR DISTRIBUTION (sampled 30 of 753):
           <1.0:   0 
       1.0-1.05:   0 
      1.05-1.10:   0 
      1.10-1.20:   2 ██
      1.20-1.50:   3 ███
          >1.50:  25 █████████████████████████
          error:   0 
     Closest to liquidation: HF=1.1538 debt=$157,562 (0xb6d8214f...)
   ⚡ [ZRP] positions=753 checks=495 fired=0 confirmed=0 reverted=0 profit=$0.00 gas=$0.0000
      Index: ETH/USD:753
   📡 [RPC Gateway] reqs=0 rps=0.0 batched=0 failovers=0 429s=0
   ⏱️  Scan #32 | Positions: 753 | Watchlist: 287 | Opps found: 1 | ETH gas: 0.0839 gwei | Vectors: 2/6 active

  ┌─ STATUS [0:22:28] ─────────────────────────────────────────┐
  │ Profits: 0/5 | Total P&L: $0.00 | Phase: phase_1_cold_start
  │ Positions: 753 | Opps: found=1 exec=0 skip=1
  │ Vectors: new_protocol=1, undercollateralized_pool=99
  │ Gas: 0.0839 gwei | Engine: RUNNING
  └──────────────────────────────────────────────────────────┘

  📊 [phase_1_cold_start] 0.38h | P&L: $0.00 | Rate: $0.00/hr | TXs: 0 | Cap: $0.00 | Mult: inactive
   📇 Chain 1: +1 borrowers from 2252 events (total tracked: 754)
   ⏱️  Scan #33 | Positions: 754 | Watchlist: 288 | Opps found: 1 | ETH gas: 0.0861 gwei | Vectors: 2/6 active

  ┌─ STATUS [0:23:36] ─────────────────────────────────────────┐
  │ Profits: 0/5 | Total P&L: $0.00 | Phase: phase_1_cold_start
  │ Positions: 754 | Opps: found=1 exec=0 skip=1
  │ Vectors: new_protocol=1, undercollateralized_pool=102
  │ Gas: 0.0861 gwei | Engine: RUNNING
  └──────────────────────────────────────────────────────────┘
   ⏱️  Scan #34 | Positions: 754 | Watchlist: 288 | Opps found: 1 | ETH gas: 0.0862 gwei | Vectors: 2/6 active

  📊 [phase_1_cold_start] 0.41h | P&L: $0.00 | Rate: $0.00/hr | TXs: 0 | Cap: $0.00 | Mult: inactive

  ┌─ STATUS [0:24:34] ─────────────────────────────────────────┐
  │ Profits: 0/5 | Total P&L: $0.00 | Phase: phase_1_cold_start
  │ Positions: 754 | Opps: found=1 exec=0 skip=1
  │ Vectors: new_protocol=1, undercollateralized_pool=105
  │ Gas: 0.0862 gwei | Engine: RUNNING
  └──────────────────────────────────────────────────────────┘
   ⏱️  Scan #35 | Positions: 754 | Watchlist: 288 | Opps found: 1 | ETH gas: 0.0798 gwei | Vectors: 2/6 active
   📡 [RPC Gateway] reqs=0 rps=0.0 batched=0 failovers=0 429s=0
   ⚡ [ZRP] positions=755 checks=540 fired=0 confirmed=0 reverted=0 profit=$0.00 gas=$0.0000
      Index: ETH/USD:755
   ⏱️  Scan #36 | Positions: 754 | Watchlist: 288 | Opps found: 1 | ETH gas: 0.0886 gwei | Vectors: 2/6 active

  ┌─ STATUS [0:25:20] ─────────────────────────────────────────┐
  │ Profits: 0/5 | Total P&L: $0.00 | Phase: phase_1_cold_start
  │ Positions: 754 | Opps: found=1 exec=0 skip=1
  │ Vectors: new_protocol=1, undercollateralized_pool=111
  │ Gas: 0.0886 gwei | Engine: RUNNING
  └──────────────────────────────────────────────────────────┘

  📊 [phase_1_cold_start] 0.44h | P&L: $0.00 | Rate: $0.00/hr | TXs: 0 | Cap: $0.00 | Mult: inactive
   ⚠️ SELF-HEAL: No new opportunities in 10 minutes — relaxing thresholds
   ⏱️  Scan #37 | Positions: 754 | Watchlist: 288 | Opps found: 1 | ETH gas: 0.0826 gwei | Vectors: 2/6 active
   📇 Chain 1: +1 borrowers from 2253 events (total tracked: 755)

  ┌─ STATUS [0:26:38] ─────────────────────────────────────────┐
  │ Profits: 0/5 | Total P&L: $0.00 | Phase: phase_1_cold_start
  │ Positions: 755 | Opps: found=1 exec=0 skip=1
  │ Vectors: new_protocol=1, undercollateralized_pool=114
  │ Gas: 0.0826 gwei | Engine: RUNNING
  └──────────────────────────────────────────────────────────┘
   ⏱️  Scan #38 | Positions: 755 | Watchlist: 288 | Opps found: 1 | ETH gas: 0.0847 gwei | Vectors: 2/6 active
   📡 [RPC Gateway] reqs=0 rps=0.0 batched=0 failovers=0 429s=0
   ⚡ [ZRP] positions=756 checks=600 fired=0 confirmed=0 reverted=0 profit=$0.00 gas=$0.0000
      Index: ETH/USD:756

  📊 [phase_1_cold_start] 0.46h | P&L: $0.00 | Rate: $0.00/hr | TXs: 0 | Cap: $0.00 | Mult: inactive

  ┌─ STATUS [0:27:36] ─────────────────────────────────────────┐
  │ Profits: 0/5 | Total P&L: $0.00 | Phase: phase_1_cold_start
  │ Positions: 755 | Opps: found=1 exec=0 skip=1
  │ Vectors: new_protocol=1, undercollateralized_pool=117
  │ Gas: 0.0835 gwei | Engine: RUNNING
  └──────────────────────────────────────────────────────────┘
   ⏱️  Scan #39 | Positions: 755 | Watchlist: 288 | Opps found: 1 | ETH gas: 0.0835 gwei | Vectors: 2/6 active
   📇 Chain 1: +1 borrowers from 2254 events (total tracked: 756)

  🔧 ADAPTIVE: No new profits in 300s
     min_profit: $0.01 → $0.01
     min_confidence: 0.01 → 0.01
     Positions tracked: 756

  📊 HEALTH FACTOR DISTRIBUTION (sampled 30 of 756):
           <1.0:   0 
       1.0-1.05:   0 
      1.05-1.10:   0 
      1.10-1.20:   2 ██
      1.20-1.50:   3 ███
          >1.50:  25 █████████████████████████
          error:   0 
     Closest to liquidation: HF=1.1538 debt=$157,562 (0xb6d8214f...)
   ⏱️  Scan #40 | Positions: 756 | Watchlist: 288 | Opps found: 1 | ETH gas: 0.0877 gwei | Vectors: 2/6 active

  ┌─ STATUS [0:28:20] ─────────────────────────────────────────┐
  │ Profits: 0/5 | Total P&L: $0.00 | Phase: phase_1_cold_start
  │ Positions: 756 | Opps: found=1 exec=0 skip=1
  │ Vectors: new_protocol=1, undercollateralized_pool=123
  │ Gas: 0.0877 gwei | Engine: RUNNING
  └──────────────────────────────────────────────────────────┘
   ⏱️  Scan #41 | Positions: 756 | Watchlist: 288 | Opps found: 1 | ETH gas: 0.0783 gwei | Vectors: 2/6 active

  📊 [phase_1_cold_start] 0.48h | P&L: $0.00 | Rate: $0.00/hr | TXs: 0 | Cap: $0.00 | Mult: inactive

  ┌─ STATUS [0:29:31] ─────────────────────────────────────────┐
  │ Profits: 0/5 | Total P&L: $0.00 | Phase: phase_1_cold_start
  │ Positions: 756 | Opps: found=1 exec=0 skip=1
  │ Vectors: new_protocol=1, undercollateralized_pool=126
  │ Gas: 0.0783 gwei | Engine: RUNNING
  └──────────────────────────────────────────────────────────┘
   📝 Queued execution 63d04826... (priority 8)
   🎯 [preemptive_liquidation] chain=1 profit=$105.51 conf=6% pri=8
   ⏱️  Scan #42 | Positions: 756 | Watchlist: 288 | Opps found: 2 | ETH gas: 0.0767 gwei | Vectors: 3/6 active
   📡 [RPC Gateway] reqs=0 rps=0.0 batched=0 failovers=0 429s=0
   ⚡ [ZRP] positions=757 checks=660 fired=0 confirmed=0 reverted=0 profit=$0.00 gas=$0.0000
      Index: ETH/USD:757
   ❌ EXEC FAILED chain=1 user=?... reason=Unknown format '', attempted to normalize to '0x'
   ✅ Execution 63d04826... completed: failed

  ┌─ STATUS [0:30:27] ─────────────────────────────────────────┐
  │ Profits: 0/5 | Total P&L: $0.00 | Phase: phase_1_cold_start
  │ Positions: 756 | Opps: found=2 exec=1 skip=1
  │ Vectors: preemptive_liquidation=1, new_protocol=1, undercollateralized_pool=129
  │ Gas: 0.0751 gwei | Engine: RUNNING
  └──────────────────────────────────────────────────────────┘

  📊 [phase_1_cold_start] 0.51h | P&L: $0.00 | Rate: $0.00/hr | TXs: 1 | Cap: $0.00 | Mult: inactive
   ⏱️  Scan #43 | Positions: 756 | Watchlist: 288 | Opps found: 2 | ETH gas: 0.0751 gwei | Vectors: 3/6 active
   ⏱️  Scan #44 | Positions: 756 | Watchlist: 289 | Opps found: 2 | ETH gas: 0.0730 gwei | Vectors: 3/6 active

  ┌─ STATUS [0:31:08] ─────────────────────────────────────────┐
  │ Profits: 0/5 | Total P&L: $0.00 | Phase: phase_1_cold_start
  │ Positions: 756 | Opps: found=2 exec=1 skip=1
  │ Vectors: preemptive_liquidation=1, new_protocol=1, undercollateralized_pool=135
  │ Gas: 0.0730 gwei | Engine: RUNNING
  └──────────────────────────────────────────────────────────┘
   ⏱️  Scan #45 | Positions: 756 | Watchlist: 289 | Opps found: 2 | ETH gas: 0.0688 gwei | Vectors: 3/6 active

  📊 [phase_1_cold_start] 0.53h | P&L: $0.00 | Rate: $0.00/hr | TXs: 1 | Cap: $0.00 | Mult: inactive

  ┌─ STATUS [0:32:21] ─────────────────────────────────────────┐
  │ Profits: 0/5 | Total P&L: $0.00 | Phase: phase_1_cold_start
  │ Positions: 756 | Opps: found=2 exec=1 skip=1
  │ Vectors: preemptive_liquidation=1, new_protocol=1, undercollateralized_pool=138
  │ Gas: 0.0688 gwei | Engine: RUNNING
  └──────────────────────────────────────────────────────────┘
   ⏱️  Scan #46 | Positions: 756 | Watchlist: 289 | Opps found: 2 | ETH gas: 0.0666 gwei | Vectors: 3/6 active
   ⚡ [ZRP] positions=757 checks=705 fired=0 confirmed=0 reverted=0 profit=$0.00 gas=$0.0000
      Index: ETH/USD:757
   📡 [RPC Gateway] reqs=0 rps=0.0 batched=0 failovers=0 429s=0

  🔧 ADAPTIVE: No new profits in 300s
     min_profit: $0.01 → $0.01
     min_confidence: 0.01 → 0.01
     Positions tracked: 756

  📊 HEALTH FACTOR DISTRIBUTION (sampled 30 of 756):
           <1.0:   0 
       1.0-1.05:   0 
      1.05-1.10:   0 
      1.10-1.20:   2 ██
      1.20-1.50:   3 ███
          >1.50:  25 █████████████████████████
          error:   0 
     Closest to liquidation: HF=1.1538 debt=$157,562 (0xb6d8214f...)
   📝 Queued execution 2b061831... (priority 8)
   🎯 [preemptive_liquidation] chain=1 profit=$101.79 conf=5% pri=8
   ⏱️  Scan #47 | Positions: 756 | Watchlist: 289 | Opps found: 3 | ETH gas: 0.0702 gwei | Vectors: 3/6 active

  ┌─ STATUS [0:33:16] ─────────────────────────────────────────┐
  │ Profits: 0/5 | Total P&L: $0.00 | Phase: phase_1_cold_start
  │ Positions: 756 | Opps: found=3 exec=2 skip=1
  │ Vectors: preemptive_liquidation=2, new_protocol=1, undercollateralized_pool=144
  │ Gas: 0.0702 gwei | Engine: RUNNING
  └──────────────────────────────────────────────────────────┘

  📊 [phase_1_cold_start] 0.55h | P&L: $0.00 | Rate: $0.00/hr | TXs: 1 | Cap: $0.00 | Mult: inactive
   ❌ EXEC FAILED chain=1 user=?... reason=Unknown format '', attempted to normalize to '0x'
   ✅ Execution 2b061831... completed: failed
   ⏱️  Scan #48 | Positions: 756 | Watchlist: 289 | Opps found: 3 | ETH gas: 0.0737 gwei | Vectors: 3/6 active

  ┌─ STATUS [0:34:05] ─────────────────────────────────────────┐
  │ Profits: 0/5 | Total P&L: $0.00 | Phase: phase_1_cold_start
  │ Positions: 756 | Opps: found=3 exec=2 skip=1
  │ Vectors: preemptive_liquidation=2, new_protocol=1, undercollateralized_pool=147
  │ Gas: 0.0737 gwei | Engine: RUNNING
  └──────────────────────────────────────────────────────────┘

  📊 [phase_1_cold_start] 0.58h | P&L: $0.00 | Rate: $0.00/hr | TXs: 2 | Cap: $0.00 | Mult: inactive
   📇 Chain 137: +1 borrowers from 57 events (total tracked: 757)
   ⏱️  Scan #49 | Positions: 757 | Watchlist: 288 | Opps found: 3 | ETH gas: 0.0786 gwei | Vectors: 3/6 active

  ┌─ STATUS [0:35:16] ─────────────────────────────────────────┐
  │ Profits: 0/5 | Total P&L: $0.00 | Phase: phase_1_cold_start
  │ Positions: 757 | Opps: found=3 exec=2 skip=1
  │ Vectors: preemptive_liquidation=2, new_protocol=1, undercollateralized_pool=150
  │ Gas: 0.0786 gwei | Engine: RUNNING
  └──────────────────────────────────────────────────────────┘
   ⚡ [ZRP] positions=757 checks=765 fired=0 confirmed=0 reverted=0 profit=$0.00 gas=$0.0000
      Index: ETH/USD:757
   📡 [RPC Gateway] reqs=0 rps=0.0 batched=0 failovers=0 429s=0
   👁️  WATCHLIST +1: HF=1.1223 debt=$739,890 chain=137 (0x04903c4c14...)
   ⏱️  Scan #50 | Positions: 757 | Watchlist: 289 | Opps found: 3 | ETH gas: 0.0700 gwei | Vectors: 3/6 active

  ┌─ STATUS [0:36:17] ─────────────────────────────────────────┐
  │ Profits: 0/5 | Total P&L: $0.00 | Phase: phase_1_cold_start
  │ Positions: 757 | Opps: found=3 exec=2 skip=1
  │ Vectors: preemptive_liquidation=2, new_protocol=1, undercollateralized_pool=153
  │ Gas: 0.0700 gwei | Engine: RUNNING
  └──────────────────────────────────────────────────────────┘

  📊 [phase_1_cold_start] 0.60h | P&L: $0.00 | Rate: $0.00/hr | TXs: 2 | Cap: $0.00 | Mult: inactive
   ⚠️ SELF-HEAL: No new opportunities in 10 minutes — relaxing thresholds
   ⏱️  Scan #51 | Positions: 757 | Watchlist: 289 | Opps found: 3 | ETH gas: 0.0626 gwei | Vectors: 3/6 active
   ⏱️  Scan #52 | Positions: 757 | Watchlist: 289 | Opps found: 3 | ETH gas: 0.0696 gwei | Vectors: 3/6 active

  ┌─ STATUS [0:37:05] ─────────────────────────────────────────┐
  │ Profits: 0/5 | Total P&L: $0.00 | Phase: phase_1_cold_start
  │ Positions: 757 | Opps: found=3 exec=2 skip=1
  │ Vectors: preemptive_liquidation=2, new_protocol=1, undercollateralized_pool=159
  │ Gas: 0.0696 gwei | Engine: RUNNING
  └──────────────────────────────────────────────────────────┘
   📡 [RPC Gateway] reqs=0 rps=0.0 batched=0 failovers=0 429s=0
   ⚡ [ZRP] positions=758 checks=810 fired=0 confirmed=0 reverted=0 profit=$0.00 gas=$0.0000
      Index: ETH/USD:758

  📊 [phase_1_cold_start] 0.63h | P&L: $0.00 | Rate: $0.00/hr | TXs: 2 | Cap: $0.00 | Mult: inactive
   ⏱️  Scan #53 | Positions: 757 | Watchlist: 289 | Opps found: 3 | ETH gas: 0.0675 gwei | Vectors: 3/6 active

  ┌─ STATUS [0:38:14] ─────────────────────────────────────────┐
  │ Profits: 0/5 | Total P&L: $0.00 | Phase: phase_1_cold_start
  │ Positions: 757 | Opps: found=3 exec=2 skip=1
  │ Vectors: preemptive_liquidation=2, new_protocol=1, undercollateralized_pool=162
  │ Gas: 0.0675 gwei | Engine: RUNNING
  └──────────────────────────────────────────────────────────┘
   ⏱️  Scan #54 | Positions: 757 | Watchlist: 289 | Opps found: 3 | ETH gas: 0.0753 gwei | Vectors: 3/6 active

  🔧 ADAPTIVE: No new profits in 300s
     min_profit: $0.01 → $0.01
     min_confidence: 0.01 → 0.01
     Positions tracked: 757

  📊 HEALTH FACTOR DISTRIBUTION (sampled 30 of 757):
           <1.0:   0 
       1.0-1.05:   0 
      1.05-1.10:   0 
      1.10-1.20:   2 ██
      1.20-1.50:   3 ███
          >1.50:  25 █████████████████████████
          error:   0 
     Closest to liquidation: HF=1.1538 debt=$157,562 (0xb6d8214f...)

  📊 [phase_1_cold_start] 0.65h | P&L: $0.00 | Rate: $0.00/hr | TXs: 2 | Cap: $0.00 | Mult: inactive

  ┌─ STATUS [0:39:15] ─────────────────────────────────────────┐
  │ Profits: 0/5 | Total P&L: $0.00 | Phase: phase_1_cold_start
  │ Positions: 757 | Opps: found=3 exec=2 skip=1
  │ Vectors: preemptive_liquidation=2, new_protocol=1, undercollateralized_pool=165
  │ Gas: 0.0753 gwei | Engine: RUNNING
  └──────────────────────────────────────────────────────────┘
   ⏱️  Scan #55 | Positions: 757 | Watchlist: 289 | Opps found: 3 | ETH gas: 0.0794 gwei | Vectors: 3/6 active
   ⏱️  Scan #56 | Positions: 757 | Watchlist: 289 | Opps found: 3 | ETH gas: 0.0810 gwei | Vectors: 3/6 active
   📡 [RPC Gateway] reqs=0 rps=0.0 batched=0 failovers=0 429s=0
   ⚡ [ZRP] positions=758 checks=855 fired=0 confirmed=0 reverted=0 profit=$0.00 gas=$0.0000
      Index: ETH/USD:758

  ┌─ STATUS [0:40:04] ─────────────────────────────────────────┐
  │ Profits: 0/5 | Total P&L: $0.00 | Phase: phase_1_cold_start
  │ Positions: 757 | Opps: found=3 exec=2 skip=1
  │ Vectors: preemptive_liquidation=2, new_protocol=1, undercollateralized_pool=171
  │ Gas: 0.0810 gwei | Engine: RUNNING
  └──────────────────────────────────────────────────────────┘

  📊 [phase_1_cold_start] 0.68h | P&L: $0.00 | Rate: $0.00/hr | TXs: 2 | Cap: $0.00 | Mult: inactive
   ⏱️  Scan #57 | Positions: 757 | Watchlist: 289 | Opps found: 3 | ETH gas: 0.0784 gwei | Vectors: 3/6 active
   📇 Chain 1: +2 borrowers from 2250 events (total tracked: 759)

  ┌─ STATUS [0:41:11] ─────────────────────────────────────────┐
  │ Profits: 0/5 | Total P&L: $0.00 | Phase: phase_1_cold_start
  │ Positions: 759 | Opps: found=3 exec=2 skip=1
  │ Vectors: preemptive_liquidation=2, new_protocol=1, undercollateralized_pool=174
  │ Gas: 0.0784 gwei | Engine: RUNNING
  └──────────────────────────────────────────────────────────┘
   📝 Queued execution 259d2d1c... (priority 8)
   🎯 [preemptive_liquidation] chain=1 profit=$102.21 conf=5% pri=8
   ⏱️  Scan #58 | Positions: 759 | Watchlist: 289 | Opps found: 4 | ETH gas: 0.0803 gwei | Vectors: 3/6 active
   ❌ EXEC FAILED chain=1 user=?... reason=Unknown format '', attempted to normalize to '0x'
   ✅ Execution 259d2d1c... completed: failed

  ┌─ STATUS [0:42:13] ─────────────────────────────────────────┐
  │ Profits: 0/5 | Total P&L: $0.00 | Phase: phase_1_cold_start
  │ Positions: 759 | Opps: found=4 exec=3 skip=1
  │ Vectors: preemptive_liquidation=3, new_protocol=1, undercollateralized_pool=177
  │ Gas: 0.0803 gwei | Engine: RUNNING
  └──────────────────────────────────────────────────────────┘

  📊 [phase_1_cold_start] 0.70h | P&L: $0.00 | Rate: $0.00/hr | TXs: 3 | Cap: $0.00 | Mult: inactive
   ⏱️  Scan #59 | Positions: 759 | Watchlist: 289 | Opps found: 4 | ETH gas: 0.0916 gwei | Vectors: 3/6 active
   ⚡ [ZRP] positions=760 checks=915 fired=0 confirmed=0 reverted=0 profit=$0.00 gas=$0.0000
      Index: ETH/USD:760
   📡 [RPC Gateway] reqs=0 rps=0.0 batched=0 failovers=0 429s=0
   ⏱️  Scan #60 | Positions: 759 | Watchlist: 289 | Opps found: 4 | ETH gas: 0.0979 gwei | Vectors: 3/6 active

  ┌─ STATUS [0:43:02] ─────────────────────────────────────────┐
  │ Profits: 0/5 | Total P&L: $0.00 | Phase: phase_1_cold_start
  │ Positions: 759 | Opps: found=4 exec=3 skip=1
  │ Vectors: preemptive_liquidation=3, new_protocol=1, undercollateralized_pool=183
  │ Gas: 0.0979 gwei | Engine: RUNNING
  └──────────────────────────────────────────────────────────┘

  📊 [phase_1_cold_start] 0.73h | P&L: $0.00 | Rate: $0.00/hr | TXs: 3 | Cap: $0.00 | Mult: inactive
   ⏱️  Scan #61 | Positions: 759 | Watchlist: 289 | Opps found: 4 | ETH gas: 0.0882 gwei | Vectors: 3/6 active

  ┌─ STATUS [0:44:09] ─────────────────────────────────────────┐
  │ Profits: 0/5 | Total P&L: $0.00 | Phase: phase_1_cold_start
  │ Positions: 759 | Opps: found=4 exec=3 skip=1
  │ Vectors: preemptive_liquidation=3, new_protocol=1, undercollateralized_pool=186
  │ Gas: 0.0882 gwei | Engine: RUNNING
  └──────────────────────────────────────────────────────────┘

  🔧 ADAPTIVE: No new profits in 300s
     min_profit: $0.01 → $0.01
     min_confidence: 0.01 → 0.01
     Positions tracked: 759

  📊 HEALTH FACTOR DISTRIBUTION (sampled 30 of 759):
           <1.0:   0 
       1.0-1.05:   0 
      1.05-1.10:   0 
      1.10-1.20:   2 ██
      1.20-1.50:   3 ███
          >1.50:  25 █████████████████████████
          error:   0 
     Closest to liquidation: HF=1.1538 debt=$157,562 (0xb6d8214f...)
   ⏱️  Scan #62 | Positions: 759 | Watchlist: 289 | Opps found: 4 | ETH gas: 0.0921 gwei | Vectors: 3/6 active

  ┌─ STATUS [0:45:14] ─────────────────────────────────────────┐
  │ Profits: 0/5 | Total P&L: $0.00 | Phase: phase_1_cold_start
  │ Positions: 759 | Opps: found=4 exec=3 skip=1
  │ Vectors: preemptive_liquidation=3, new_protocol=1, undercollateralized_pool=189
  │ Gas: 0.0921 gwei | Engine: RUNNING
  └──────────────────────────────────────────────────────────┘

  📊 [phase_1_cold_start] 0.75h | P&L: $0.00 | Rate: $0.00/hr | TXs: 3 | Cap: $0.00 | Mult: inactive
   ⏱️  Scan #63 | Positions: 759 | Watchlist: 289 | Opps found: 4 | ETH gas: 0.0830 gwei | Vectors: 3/6 active
   ⚡ [ZRP] positions=760 checks=960 fired=0 confirmed=0 reverted=0 profit=$0.00 gas=$0.0000
      Index: ETH/USD:760
   📡 [RPC Gateway] reqs=0 rps=0.0 batched=0 failovers=0 429s=0
   📝 Queued execution 40b81592... (priority 8)
   🎯 [preemptive_liquidation] chain=1 profit=$119.21 conf=7% pri=8
   ⏱️  Scan #64 | Positions: 759 | Watchlist: 289 | Opps found: 5 | ETH gas: 0.0810 gwei | Vectors: 3/6 active

  ┌─ STATUS [0:46:03] ─────────────────────────────────────────┐
  │ Profits: 0/5 | Total P&L: $0.00 | Phase: phase_1_cold_start
  │ Positions: 759 | Opps: found=5 exec=4 skip=1
  │ Vectors: preemptive_liquidation=4, new_protocol=1, undercollateralized_pool=195
  │ Gas: 0.0810 gwei | Engine: RUNNING
  └──────────────────────────────────────────────────────────┘
   ❌ EXEC FAILED chain=1 user=?... reason=Unknown format '', attempted to normalize to '0x'
   ✅ Execution 40b81592... completed: failed

  📊 [phase_1_cold_start] 0.78h | P&L: $0.00 | Rate: $0.00/hr | TXs: 4 | Cap: $0.00 | Mult: inactive
   ⏱️  Scan #65 | Positions: 759 | Watchlist: 289 | Opps found: 5 | ETH gas: 0.0911 gwei | Vectors: 3/6 active

  ┌─ STATUS [0:47:11] ─────────────────────────────────────────┐
  │ Profits: 0/5 | Total P&L: $0.00 | Phase: phase_1_cold_start
  │ Positions: 759 | Opps: found=5 exec=4 skip=1
  │ Vectors: preemptive_liquidation=4, new_protocol=1, undercollateralized_pool=198
  │ Gas: 0.0911 gwei | Engine: RUNNING
  └──────────────────────────────────────────────────────────┘
   📝 Queued execution cd8274b3... (priority 8)
   🎯 [preemptive_liquidation] chain=1 profit=$182.38 conf=13% pri=8
   📝 Queued execution 2eefff0d... (priority 8)
   🎯 [preemptive_liquidation] chain=1 profit=$135.39 conf=9% pri=8
   ⏱️  Scan #66 | Positions: 759 | Watchlist: 289 | Opps found: 7 | ETH gas: 0.0905 gwei | Vectors: 3/6 active
   ⚡ [ZRP] positions=760 checks=1020 fired=0 confirmed=0 reverted=0 profit=$0.00 gas=$0.0000
      Index: ETH/USD:760
   📡 [RPC Gateway] reqs=0 rps=0.0 batched=0 failovers=0 429s=0
   ❌ EXEC FAILED chain=1 user=?... reason=Unknown format '', attempted to normalize to '0x'
   ✅ Execution cd8274b3... completed: failed
   ❌ EXEC FAILED chain=1 user=?... reason=Unknown format '', attempted to normalize to '0x'
   ✅ Execution 2eefff0d... completed: failed

  📊 [phase_1_cold_start] 0.80h | P&L: $0.00 | Rate: $0.00/hr | TXs: 6 | Cap: $0.00 | Mult: inactive

  ┌─ STATUS [0:48:12] ─────────────────────────────────────────┐
  │ Profits: 0/5 | Total P&L: $0.00 | Phase: phase_1_cold_start
  │ Positions: 759 | Opps: found=7 exec=6 skip=1
  │ Vectors: preemptive_liquidation=6, new_protocol=1, undercollateralized_pool=201
  │ Gas: 0.0905 gwei | Engine: RUNNING
  └──────────────────────────────────────────────────────────┘
   ⏱️  Scan #67 | Positions: 759 | Watchlist: 289 | Opps found: 7 | ETH gas: 0.0976 gwei | Vectors: 3/6 active
   ⏱️  Scan #68 | Positions: 759 | Watchlist: 288 | Opps found: 7 | ETH gas: 0.0981 gwei | Vectors: 3/6 active

  ┌─ STATUS [0:49:00] ─────────────────────────────────────────┐
  │ Profits: 0/5 | Total P&L: $0.00 | Phase: phase_1_cold_start
  │ Positions: 759 | Opps: found=7 exec=6 skip=1
  │ Vectors: preemptive_liquidation=6, new_protocol=1, undercollateralized_pool=207
  │ Gas: 0.0981 gwei | Engine: RUNNING
  └──────────────────────────────────────────────────────────┘
   ⚠️ SELF-HEAL: No new opportunities in 10 minutes — relaxing thresholds

  📊 [phase_1_cold_start] 0.83h | P&L: $0.00 | Rate: $0.00/hr | TXs: 6 | Cap: $0.00 | Mult: inactive

  🔧 ADAPTIVE: No new profits in 300s
     min_profit: $0.01 → $0.01
     min_confidence: 0.01 → 0.01
     Positions tracked: 759

  📊 HEALTH FACTOR DISTRIBUTION (sampled 30 of 759):
           <1.0:   0 
       1.0-1.05:   0 
      1.05-1.10:   0 
      1.10-1.20:   2 ██
      1.20-1.50:   3 ███
          >1.50:  25 █████████████████████████
          error:   0 
     Closest to liquidation: HF=1.1538 debt=$158,658 (0xb6d8214f...)
   ⏱️  Scan #69 | Positions: 759 | Watchlist: 288 | Opps found: 7 | ETH gas: 0.1113 gwei | Vectors: 3/6 active
   📇 Chain 1: +1 borrowers from 2253 events (total tracked: 760)
   📇 Chain 137: +1 borrowers from 57 events (total tracked: 761)

  ┌─ STATUS [0:50:09] ─────────────────────────────────────────┐
  │ Profits: 0/5 | Total P&L: $0.00 | Phase: phase_1_cold_start
  │ Positions: 761 | Opps: found=7 exec=6 skip=1
  │ Vectors: preemptive_liquidation=6, new_protocol=1, undercollateralized_pool=210
  │ Gas: 0.1113 gwei | Engine: RUNNING
  └──────────────────────────────────────────────────────────┘
   ⏱️  Scan #70 | Positions: 761 | Watchlist: 288 | Opps found: 7 | ETH gas: 0.1283 gwei | Vectors: 3/6 active
   📡 [RPC Gateway] reqs=0 rps=0.0 batched=0 failovers=0 429s=0
   ⚡ [ZRP] positions=760 checks=1065 fired=0 confirmed=0 reverted=0 profit=$0.00 gas=$0.0000
      Index: ETH/USD:760
   ⏱️  Scan #71 | Positions: 761 | Watchlist: 288 | Opps found: 7 | ETH gas: 0.1254 gwei | Vectors: 3/6 active

  📊 [phase_1_cold_start] 0.85h | P&L: $0.00 | Rate: $0.00/hr | TXs: 6 | Cap: $0.00 | Mult: inactive

  ┌─ STATUS [0:51:08] ─────────────────────────────────────────┐
  │ Profits: 0/5 | Total P&L: $0.00 | Phase: phase_1_cold_start
  │ Positions: 761 | Opps: found=7 exec=6 skip=1
  │ Vectors: preemptive_liquidation=6, new_protocol=1, undercollateralized_pool=216
  │ Gas: 0.1254 gwei | Engine: RUNNING
  └──────────────────────────────────────────────────────────┘
   📇 Chain 1: +1 borrowers from 2252 events (total tracked: 762)
   ⏱️  Scan #72 | Positions: 762 | Watchlist: 288 | Opps found: 7 | ETH gas: 0.1162 gwei | Vectors: 3/6 active

  ┌─ STATUS [0:51:56] ─────────────────────────────────────────┐
  │ Profits: 0/5 | Total P&L: $0.00 | Phase: phase_1_cold_start
  │ Positions: 762 | Opps: found=7 exec=6 skip=1
  │ Vectors: preemptive_liquidation=6, new_protocol=1, undercollateralized_pool=219
  │ Gas: 0.1162 gwei | Engine: RUNNING
  └──────────────────────────────────────────────────────────┘

  📊 [phase_1_cold_start] 0.88h | P&L: $0.00 | Rate: $0.00/hr | TXs: 6 | Cap: $0.00 | Mult: inactive
   ⏱️  Scan #73 | Positions: 762 | Watchlist: 288 | Opps found: 7 | ETH gas: 0.1177 gwei | Vectors: 3/6 active
   ⚡ [ZRP] positions=763 checks=1110 fired=0 confirmed=0 reverted=0 profit=$0.00 gas=$0.0000
      Index: ETH/USD:763
   📡 [RPC Gateway] reqs=0 rps=0.0 batched=0 failovers=0 429s=0

  ┌─ STATUS [0:53:07] ─────────────────────────────────────────┐
  │ Profits: 0/5 | Total P&L: $0.00 | Phase: phase_1_cold_start
  │ Positions: 762 | Opps: found=7 exec=6 skip=1
  │ Vectors: preemptive_liquidation=6, new_protocol=1, undercollateralized_pool=222
  │ Gas: 0.1177 gwei | Engine: RUNNING
  └──────────────────────────────────────────────────────────┘
   ⏱️  Scan #74 | Positions: 762 | Watchlist: 288 | Opps found: 7 | ETH gas: 0.1166 gwei | Vectors: 3/6 active
   ⏱️  Scan #75 | Positions: 762 | Watchlist: 288 | Opps found: 7 | ETH gas: 0.1194 gwei | Vectors: 3/6 active

  📊 [phase_1_cold_start] 0.90h | P&L: $0.00 | Rate: $0.00/hr | TXs: 6 | Cap: $0.00 | Mult: inactive

  ┌─ STATUS [0:53:56] ─────────────────────────────────────────┐
  │ Profits: 0/5 | Total P&L: $0.00 | Phase: phase_1_cold_start
  │ Positions: 762 | Opps: found=7 exec=6 skip=1
  │ Vectors: preemptive_liquidation=6, new_protocol=1, undercollateralized_pool=228
  │ Gas: 0.1194 gwei | Engine: RUNNING
  └──────────────────────────────────────────────────────────┘
   ⏱️  Scan #76 | Positions: 762 | Watchlist: 288 | Opps found: 7 | ETH gas: 0.1036 gwei | Vectors: 3/6 active

  ┌─ STATUS [0:54:44] ─────────────────────────────────────────┐
  │ Profits: 0/5 | Total P&L: $0.00 | Phase: phase_1_cold_start
  │ Positions: 762 | Opps: found=7 exec=6 skip=1
  │ Vectors: preemptive_liquidation=6, new_protocol=1, undercollateralized_pool=231
  │ Gas: 0.1036 gwei | Engine: RUNNING
  └──────────────────────────────────────────────────────────┘
   📡 [RPC Gateway] reqs=0 rps=0.0 batched=0 failovers=0 429s=0
   ⚡ [ZRP] positions=763 checks=1170 fired=0 confirmed=0 reverted=0 profit=$0.00 gas=$0.0000
      Index: ETH/USD:763

  🔧 ADAPTIVE: No new profits in 300s
     min_profit: $0.01 → $0.01
     min_confidence: 0.01 → 0.01
     Positions tracked: 762

  📊 HEALTH FACTOR DISTRIBUTION (sampled 30 of 762):
           <1.0:   0 
       1.0-1.05:   0 
      1.05-1.10:   0 
      1.10-1.20:   2 ██
      1.20-1.50:   3 ███
          >1.50:  25 █████████████████████████
          error:   0 
     Closest to liquidation: HF=1.1538 debt=$158,658 (0xb6d8214f...)

  📊 [phase_1_cold_start] 0.92h | P&L: $0.00 | Rate: $0.00/hr | TXs: 6 | Cap: $0.00 | Mult: inactive
   ⏱️  Scan #77 | Positions: 762 | Watchlist: 288 | Opps found: 7 | ETH gas: 0.1156 gwei | Vectors: 3/6 active

  ┌─ STATUS [0:55:58] ─────────────────────────────────────────┐
  │ Profits: 0/5 | Total P&L: $0.00 | Phase: phase_1_cold_start
  │ Positions: 762 | Opps: found=7 exec=6 skip=1
  │ Vectors: preemptive_liquidation=6, new_protocol=1, undercollateralized_pool=234
  │ Gas: 0.1156 gwei | Engine: RUNNING
  └──────────────────────────────────────────────────────────┘
   ⏱️  Scan #78 | Positions: 762 | Watchlist: 288 | Opps found: 7 | ETH gas: 0.1138 gwei | Vectors: 3/6 active
   ⏱️  Scan #79 | Positions: 762 | Watchlist: 288 | Opps found: 7 | ETH gas: 0.0951 gwei | Vectors: 3/6 active

  ┌─ STATUS [0:56:51] ─────────────────────────────────────────┐
  │ Profits: 0/5 | Total P&L: $0.00 | Phase: phase_1_cold_start
  │ Positions: 762 | Opps: found=7 exec=6 skip=1
  │ Vectors: preemptive_liquidation=6, new_protocol=1, undercollateralized_pool=237
  │ Gas: 0.0951 gwei | Engine: RUNNING
  └──────────────────────────────────────────────────────────┘

  📊 [phase_1_cold_start] 0.95h | P&L: $0.00 | Rate: $0.00/hr | TXs: 6 | Cap: $0.00 | Mult: inactive
   ⏱️  Scan #80 | Positions: 762 | Watchlist: 288 | Opps found: 7 | ETH gas: 0.1024 gwei | Vectors: 3/6 active
   📡 [RPC Gateway] reqs=0 rps=0.0 batched=0 failovers=0 429s=0
   ⚡ [ZRP] positions=763 checks=1215 fired=0 confirmed=0 reverted=0 profit=$0.00 gas=$0.0000
      Index: ETH/USD:763

  ┌─ STATUS [0:57:41] ─────────────────────────────────────────┐
  │ Profits: 0/5 | Total P&L: $0.00 | Phase: phase_1_cold_start
  │ Positions: 762 | Opps: found=7 exec=6 skip=1
  │ Vectors: preemptive_liquidation=6, new_protocol=1, undercollateralized_pool=243
  │ Gas: 0.1024 gwei | Engine: RUNNING
  └──────────────────────────────────────────────────────────┘

  📊 [phase_1_cold_start] 0.97h | P&L: $0.00 | Rate: $0.00/hr | TXs: 6 | Cap: $0.00 | Mult: inactive
   📝 Queued execution 23dc8bc1... (priority 8)
   🎯 [preemptive_liquidation] chain=1 profit=$101.09 conf=5% pri=8
   📇 Chain 1: +1 borrowers from 2251 events (total tracked: 763)
   ⏱️  Scan #81 | Positions: 763 | Watchlist: 288 | Opps found: 8 | ETH gas: 0.1220 gwei | Vectors: 3/6 active
   ❌ EXEC FAILED chain=1 user=?... reason=Unknown format '', attempted to normalize to '0x'
   ✅ Execution 23dc8bc1... completed: failed

  ┌─ STATUS [0:58:54] ─────────────────────────────────────────┐
  │ Profits: 0/5 | Total P&L: $0.00 | Phase: phase_1_cold_start
  │ Positions: 763 | Opps: found=8 exec=7 skip=1
  │ Vectors: preemptive_liquidation=7, new_protocol=1, undercollateralized_pool=246
  │ Gas: 0.1220 gwei | Engine: RUNNING
  └──────────────────────────────────────────────────────────┘
   ⏱️  Scan #82 | Positions: 763 | Watchlist: 288 | Opps found: 8 | ETH gas: 0.1136 gwei | Vectors: 3/6 active

  📊 [phase_1_cold_start] 1.00h | P&L: $0.00 | Rate: $0.00/hr | TXs: 7 | Cap: $0.00 | Mult: inactive

  ┌─ STATUS [0:59:48] ─────────────────────────────────────────┐
  │ Profits: 0/5 | Total P&L: $0.00 | Phase: phase_1_cold_start
  │ Positions: 763 | Opps: found=8 exec=7 skip=1
  │ Vectors: preemptive_liquidation=7, new_protocol=1, undercollateralized_pool=249
  │ Gas: 0.1158 gwei | Engine: RUNNING
  └──────────────────────────────────────────────────────────┘
   ⏱️  Scan #83 | Positions: 763 | Watchlist: 288 | Opps found: 8 | ETH gas: 0.1158 gwei | Vectors: 3/6 active
   ⚡ [ZRP] positions=764 checks=1275 fired=0 confirmed=0 reverted=0 profit=$0.00 gas=$0.0000
      Index: ETH/USD:764
   📡 [RPC Gateway] reqs=0 rps=0.0 batched=0 failovers=0 429s=0
   👁️  WATCHLIST +1: HF=1.0494 debt=$3,000,302 chain=1 (0x6a73204db7...)
   ⏱️  Scan #84 | Positions: 763 | Watchlist: 289 | Opps found: 9 | ETH gas: 0.1220 gwei | Vectors: 3/6 active

  🔧 ADAPTIVE: No new profits in 300s
     min_profit: $0.01 → $0.01
     min_confidence: 0.01 → 0.01
     Positions tracked: 763

  📊 HEALTH FACTOR DISTRIBUTION (sampled 30 of 763):
           <1.0:   0 
       1.0-1.05:   0 
      1.05-1.10:   0 
      1.10-1.20:   2 ██
      1.20-1.50:   3 ███
          >1.50:  25 █████████████████████████
          error:   0 
     Closest to liquidation: HF=1.1538 debt=$159,470 (0xb6d8214f...)

  ┌─ STATUS [1:00:29] ─────────────────────────────────────────┐
  │ Profits: 0/5 | Total P&L: $0.00 | Phase: phase_1_cold_start
  │ Positions: 763 | Opps: found=9 exec=7 skip=2
  │ Vectors: preemptive_liquidation=7, new_protocol=2, undercollateralized_pool=255
  │ Gas: 0.1220 gwei | Engine: RUNNING
  └──────────────────────────────────────────────────────────┘
   ⏱️  Scan #85 | Positions: 763 | Watchlist: 289 | Opps found: 9 | ETH gas: 0.1059 gwei | Vectors: 3/6 active

  📊 [phase_1_cold_start] 1.02h | P&L: $0.00 | Rate: $0.00/hr | TXs: 7 | Cap: $0.00 | Mult: inactive

  ┌─ STATUS [1:01:43] ─────────────────────────────────────────┐
  │ Profits: 0/5 | Total P&L: $0.00 | Phase: phase_1_cold_start
  │ Positions: 763 | Opps: found=9 exec=7 skip=2
  │ Vectors: preemptive_liquidation=7, new_protocol=2, undercollateralized_pool=258
  │ Gas: 0.1059 gwei | Engine: RUNNING
  └──────────────────────────────────────────────────────────┘
   ⏱️  Scan #86 | Positions: 763 | Watchlist: 289 | Opps found: 9 | ETH gas: 0.1087 gwei | Vectors: 3/6 active

  ┌─ STATUS [1:02:40] ─────────────────────────────────────────┐
  │ Profits: 0/5 | Total P&L: $0.00 | Phase: phase_1_cold_start
  │ Positions: 763 | Opps: found=9 exec=7 skip=2
  │ Vectors: preemptive_liquidation=7, new_protocol=2, undercollateralized_pool=261
  │ Gas: 0.1137 gwei | Engine: RUNNING
  └──────────────────────────────────────────────────────────┘

  📊 [phase_1_cold_start] 1.04h | P&L: $0.00 | Rate: $0.00/hr | TXs: 7 | Cap: $0.00 | Mult: inactive
   ⚠️ SELF-HEAL: No new opportunities in 10 minutes — relaxing thresholds
   ⏱️  Scan #87 | Positions: 763 | Watchlist: 289 | Opps found: 9 | ETH gas: 0.1137 gwei | Vectors: 3/6 active
   📇 Chain 1: +1 borrowers from 2251 events (total tracked: 764)
   ⚡ [ZRP] positions=764 checks=1320 fired=0 confirmed=0 reverted=0 profit=$0.00 gas=$0.0000
      Index: ETH/USD:764
   📡 [RPC Gateway] reqs=0 rps=0.0 batched=0 failovers=0 429s=0
   ⏱️  Scan #88 | Positions: 764 | Watchlist: 289 | Opps found: 9 | ETH gas: 0.1044 gwei | Vectors: 3/6 active

  ┌─ STATUS [1:03:21] ─────────────────────────────────────────┐
  │ Profits: 0/5 | Total P&L: $0.00 | Phase: phase_1_cold_start
  │ Positions: 764 | Opps: found=9 exec=7 skip=2
  │ Vectors: preemptive_liquidation=7, new_protocol=2, undercollateralized_pool=267
  │ Gas: 0.1044 gwei | Engine: RUNNING
  └──────────────────────────────────────────────────────────┘
   ⏱️  Scan #89 | Positions: 764 | Watchlist: 289 | Opps found: 9 | ETH gas: 0.1021 gwei | Vectors: 3/6 active

  📊 [phase_1_cold_start] 1.07h | P&L: $0.00 | Rate: $0.00/hr | TXs: 7 | Cap: $0.00 | Mult: inactive

  ┌─ STATUS [1:04:26] ─────────────────────────────────────────┐
  │ Profits: 0/5 | Total P&L: $0.00 | Phase: phase_1_cold_start
  │ Positions: 764 | Opps: found=9 exec=7 skip=2
  │ Vectors: preemptive_liquidation=7, new_protocol=2, undercollateralized_pool=270
  │ Gas: 0.1021 gwei | Engine: RUNNING
  └──────────────────────────────────────────────────────────┘
   ⏱️  Scan #90 | Positions: 764 | Watchlist: 289 | Opps found: 9 | ETH gas: 0.1107 gwei | Vectors: 3/6 active
   ⚡ [ZRP] positions=765 checks=1380 fired=0 confirmed=0 reverted=0 profit=$0.00 gas=$0.0000
      Index: ETH/USD:765
   📡 [RPC Gateway] reqs=0 rps=0.0 batched=0 failovers=0 429s=0

  ┌─ STATUS [1:05:24] ─────────────────────────────────────────┐
  │ Profits: 0/5 | Total P&L: $0.00 | Phase: phase_1_cold_start
  │ Positions: 764 | Opps: found=9 exec=7 skip=2
  │ Vectors: preemptive_liquidation=7, new_protocol=2, undercollateralized_pool=273
  │ Gas: 0.1063 gwei | Engine: RUNNING
  └──────────────────────────────────────────────────────────┘

  📊 [phase_1_cold_start] 1.09h | P&L: $0.00 | Rate: $0.00/hr | TXs: 7 | Cap: $0.00 | Mult: inactive
   ⏱️  Scan #91 | Positions: 764 | Watchlist: 289 | Opps found: 9 | ETH gas: 0.1063 gwei | Vectors: 3/6 active

  🔧 ADAPTIVE: No new profits in 300s
     min_profit: $0.01 → $0.01
     min_confidence: 0.01 → 0.01
     Positions tracked: 764

  📊 HEALTH FACTOR DISTRIBUTION (sampled 30 of 764):
           <1.0:   0 
       1.0-1.05:   0 
      1.05-1.10:   0 
      1.10-1.20:   2 ██
      1.20-1.50:   3 ███
          >1.50:  25 █████████████████████████
          error:   0 
     Closest to liquidation: HF=1.1538 debt=$159,470 (0xb6d8214f...)
   ⏱️  Scan #92 | Positions: 764 | Watchlist: 290 | Opps found: 9 | ETH gas: 0.1061 gwei | Vectors: 3/6 active

  ┌─ STATUS [1:06:08] ─────────────────────────────────────────┐
  │ Profits: 0/5 | Total P&L: $0.00 | Phase: phase_1_cold_start
  │ Positions: 764 | Opps: found=9 exec=7 skip=2
  │ Vectors: preemptive_liquidation=7, new_protocol=2, undercollateralized_pool=279
  │ Gas: 0.1061 gwei | Engine: RUNNING
  └──────────────────────────────────────────────────────────┘
   ⏱️  Scan #93 | Positions: 764 | Watchlist: 290 | Opps found: 9 | ETH gas: 0.1028 gwei | Vectors: 3/6 active

  📊 [phase_1_cold_start] 1.11h | P&L: $0.00 | Rate: $0.00/hr | TXs: 7 | Cap: $0.00 | Mult: inactive

  ┌─ STATUS [1:07:13] ─────────────────────────────────────────┐
  │ Profits: 0/5 | Total P&L: $0.00 | Phase: phase_1_cold_start
  │ Positions: 764 | Opps: found=9 exec=7 skip=2
  │ Vectors: preemptive_liquidation=7, new_protocol=2, undercollateralized_pool=282
  │ Gas: 0.1028 gwei | Engine: RUNNING
  └──────────────────────────────────────────────────────────┘
   ⏱️  Scan #94 | Positions: 764 | Watchlist: 290 | Opps found: 9 | ETH gas: 0.1029 gwei | Vectors: 3/6 active
   ⚡ [ZRP] positions=765 checks=1425 fired=0 confirmed=0 reverted=0 profit=$0.00 gas=$0.0000
      Index: ETH/USD:765
   📡 [RPC Gateway] reqs=0 rps=0.0 batched=0 failovers=0 429s=0

  ┌─ STATUS [1:08:14] ─────────────────────────────────────────┐
  │ Profits: 0/5 | Total P&L: $0.00 | Phase: phase_1_cold_start
  │ Positions: 764 | Opps: found=9 exec=7 skip=2
  │ Vectors: preemptive_liquidation=7, new_protocol=2, undercollateralized_pool=285
  │ Gas: 0.0943 gwei | Engine: RUNNING
  └──────────────────────────────────────────────────────────┘

  📊 [phase_1_cold_start] 1.14h | P&L: $0.00 | Rate: $0.00/hr | TXs: 7 | Cap: $0.00 | Mult: inactive
   ⏱️  Scan #95 | Positions: 764 | Watchlist: 290 | Opps found: 9 | ETH gas: 0.0943 gwei | Vectors: 3/6 active
   ⏱️  Scan #96 | Positions: 764 | Watchlist: 290 | Opps found: 9 | ETH gas: 0.0892 gwei | Vectors: 3/6 active

  ┌─ STATUS [1:08:58] ─────────────────────────────────────────┐
  │ Profits: 0/5 | Total P&L: $0.00 | Phase: phase_1_cold_start
  │ Positions: 764 | Opps: found=9 exec=7 skip=2
  │ Vectors: preemptive_liquidation=7, new_protocol=2, undercollateralized_pool=291
  │ Gas: 0.0892 gwei | Engine: RUNNING
  └──────────────────────────────────────────────────────────┘
   ⏱️  Scan #97 | Positions: 764 | Watchlist: 290 | Opps found: 9 | ETH gas: 0.0824 gwei | Vectors: 3/6 active

  📊 [phase_1_cold_start] 1.16h | P&L: $0.00 | Rate: $0.00/hr | TXs: 7 | Cap: $0.00 | Mult: inactive

  ┌─ STATUS [1:10:05] ─────────────────────────────────────────┐
  │ Profits: 0/5 | Total P&L: $0.00 | Phase: phase_1_cold_start
  │ Positions: 764 | Opps: found=9 exec=7 skip=2
  │ Vectors: preemptive_liquidation=7, new_protocol=2, undercollateralized_pool=294
  │ Gas: 0.0824 gwei | Engine: RUNNING
  └──────────────────────────────────────────────────────────┘
   ⚡ [ZRP] positions=765 checks=1485 fired=0 confirmed=0 reverted=0 profit=$0.00 gas=$0.0000
      Index: ETH/USD:765
   📡 [RPC Gateway] reqs=0 rps=0.0 batched=0 failovers=0 429s=0
   ⏱️  Scan #98 | Positions: 764 | Watchlist: 290 | Opps found: 9 | ETH gas: 0.0777 gwei | Vectors: 3/6 active
   ⏱️  Scan #99 | Positions: 764 | Watchlist: 290 | Opps found: 9 | ETH gas: 0.0748 gwei | Vectors: 3/6 active

  ┌─ STATUS [1:10:54] ─────────────────────────────────────────┐
  │ Profits: 0/5 | Total P&L: $0.00 | Phase: phase_1_cold_start
  │ Positions: 764 | Opps: found=9 exec=7 skip=2
  │ Vectors: preemptive_liquidation=7, new_protocol=2, undercollateralized_pool=300
  │ Gas: 0.0748 gwei | Engine: RUNNING
  └──────────────────────────────────────────────────────────┘

  📊 [phase_1_cold_start] 1.18h | P&L: $0.00 | Rate: $0.00/hr | TXs: 7 | Cap: $0.00 | Mult: inactive

  🔧 ADAPTIVE: No new profits in 300s
     min_profit: $0.01 → $0.01
     min_confidence: 0.01 → 0.01
     Positions tracked: 764

  📊 HEALTH FACTOR DISTRIBUTION (sampled 30 of 764):
           <1.0:   0 
       1.0-1.05:   0 
      1.05-1.10:   0 
      1.10-1.20:   2 ██
      1.20-1.50:   3 ███
          >1.50:  25 █████████████████████████
          error:   0 
     Closest to liquidation: HF=1.1538 debt=$159,470 (0xb6d8214f...)
   ⏱️  Scan #100 | Positions: 764 | Watchlist: 290 | Opps found: 9 | ETH gas: 0.0736 gwei | Vectors: 3/6 active

  ┌─ STATUS [1:11:42] ─────────────────────────────────────────┐
  │ Profits: 0/5 | Total P&L: $0.00 | Phase: phase_1_cold_start
  │ Positions: 764 | Opps: found=9 exec=7 skip=2
  │ Vectors: preemptive_liquidation=7, new_protocol=2, undercollateralized_pool=303
  │ Gas: 0.0736 gwei | Engine: RUNNING
  └──────────────────────────────────────────────────────────┘

  📊 [phase_1_cold_start] 1.21h | P&L: $0.00 | Rate: $0.00/hr | TXs: 7 | Cap: $0.00 | Mult: inactive
   ⏱️  Scan #101 | Positions: 764 | Watchlist: 290 | Opps found: 9 | ETH gas: 0.0709 gwei | Vectors: 3/6 active
   📇 Chain 1: +1 borrowers from 2244 events (total tracked: 765)
   ⚡ [ZRP] positions=765 checks=1530 fired=0 confirmed=0 reverted=0 profit=$0.00 gas=$0.0000
      Index: ETH/USD:765
   📡 [RPC Gateway] reqs=0 rps=0.0 batched=0 failovers=0 429s=0

  ┌─ STATUS [1:12:50] ─────────────────────────────────────────┐
  │ Profits: 0/5 | Total P&L: $0.00 | Phase: phase_1_cold_start
  │ Positions: 765 | Opps: found=9 exec=7 skip=2
  │ Vectors: preemptive_liquidation=7, new_protocol=2, undercollateralized_pool=306
  │ Gas: 0.0709 gwei | Engine: RUNNING
  └──────────────────────────────────────────────────────────┘
Circuit OPEN: alchemy_1_7883 (5 consecutive failures, recovery in 30.0s)
   📝 Queued execution d1014788... (priority 8)
   🎯 [preemptive_liquidation] chain=1 profit=$100.19 conf=5% pri=8
   ⏱️  Scan #102 | Positions: 765 | Watchlist: 290 | Opps found: 10 | ETH gas: 0.0717 gwei | Vectors: 3/6 active
   ❌ EXEC FAILED chain=1 user=?... reason=Unknown format '', attempted to normalize to '0x'
   ✅ Execution d1014788... completed: failed
Circuit OPEN: public_1_6186 (5 consecutive failures, recovery in 30.0s)
   📝 Queued execution 359f10d6... (priority 8)
   🎯 [preemptive_liquidation] chain=1 profit=$101.39 conf=5% pri=8
   ⏱️  Scan #103 | Positions: 765 | Watchlist: 290 | Opps found: 11 | ETH gas: 0.0676 gwei | Vectors: 3/6 active

  ┌─ STATUS [1:13:48] ─────────────────────────────────────────┐
  │ Profits: 0/5 | Total P&L: $0.00 | Phase: phase_1_cold_start
  │ Positions: 765 | Opps: found=11 exec=9 skip=2
  │ Vectors: preemptive_liquidation=9, new_protocol=2, undercollateralized_pool=312
  │ Gas: 0.0676 gwei | Engine: RUNNING
  └──────────────────────────────────────────────────────────┘

  📊 [phase_1_cold_start] 1.23h | P&L: $0.00 | Rate: $0.00/hr | TXs: 8 | Cap: $0.00 | Mult: inactive
   📇 Chain 137: +1 borrowers from 55 events (total tracked: 766)
   ❌ EXEC FAILED chain=1 user=?... reason=Unknown format '', attempted to normalize to '0x'
   ✅ Execution 359f10d6... completed: failed
Circuit OPEN: public_1_9801 (5 consecutive failures, recovery in 30.0s)
   ⏱️  Scan #104 | Positions: 766 | Watchlist: 291 | Opps found: 11 | ETH gas: 0.0592 gwei | Vectors: 3/6 active

  ┌─ STATUS [1:14:36] ─────────────────────────────────────────┐
  │ Profits: 0/5 | Total P&L: $0.00 | Phase: phase_1_cold_start
  │ Positions: 766 | Opps: found=11 exec=9 skip=2
  │ Vectors: preemptive_liquidation=9, new_protocol=2, undercollateralized_pool=315
  │ Gas: 0.0592 gwei | Engine: RUNNING
  └──────────────────────────────────────────────────────────┘
   📡 [RPC Gateway] reqs=0 rps=0.0 batched=0 failovers=0 429s=0
   ⚡ [ZRP] positions=767 checks=1590 fired=0 confirmed=0 reverted=0 profit=$0.00 gas=$0.0000
      Index: ETH/USD:767
Circuit OPEN: public_1_6668 (5 consecutive failures, recovery in 30.0s)

  📊 [phase_1_cold_start] 1.26h | P&L: $0.00 | Rate: $0.00/hr | TXs: 9 | Cap: $0.00 | Mult: inactive
   ⚠️ SELF-HEAL: No new opportunities in 10 minutes — relaxing thresholds
   ⏱️  Scan #105 | Positions: 766 | Watchlist: 291 | Opps found: 11 | ETH gas: 0.0634 gwei | Vectors: 3/6 active

  ┌─ STATUS [1:15:48] ─────────────────────────────────────────┐
  │ Profits: 0/5 | Total P&L: $0.00 | Phase: phase_1_cold_start
  │ Positions: 766 | Opps: found=11 exec=9 skip=2
  │ Vectors: preemptive_liquidation=9, new_protocol=2, undercollateralized_pool=318
  │ Gas: 0.0634 gwei | Engine: RUNNING
  └──────────────────────────────────────────────────────────┘
Circuit OPEN: flashbots_1_9328 (5 consecutive failures, recovery in 30.0s)
   ⏱️  Scan #106 | Positions: 766 | Watchlist: 291 | Opps found: 11 | ETH gas: 0.0539 gwei | Vectors: 3/6 active
Circuit OPEN: alchemy_42161_6649 (5 consecutive failures, recovery in 30.0s)
   ⏱️  Scan #107 | Positions: 766 | Watchlist: 291 | Opps found: 11 | ETH gas: 0.0608 gwei | Vectors: 3/6 active

  ┌─ STATUS [1:16:41] ─────────────────────────────────────────┐
  │ Profits: 0/5 | Total P&L: $0.00 | Phase: phase_1_cold_start
  │ Positions: 766 | Opps: found=11 exec=9 skip=2
  │ Vectors: preemptive_liquidation=9, new_protocol=2, undercollateralized_pool=324
  │ Gas: 0.0608 gwei | Engine: RUNNING
  └──────────────────────────────────────────────────────────┘

  📊 [phase_1_cold_start] 1.28h | P&L: $0.00 | Rate: $0.00/hr | TXs: 9 | Cap: $0.00 | Mult: inactive

  🔧 ADAPTIVE: No new profits in 300s
     min_profit: $0.01 → $0.01
     min_confidence: 0.01 → 0.01
     Positions tracked: 766

  📊 HEALTH FACTOR DISTRIBUTION (sampled 30 of 766):
           <1.0:   0 
       1.0-1.05:   0 
      1.05-1.10:   0 
      1.10-1.20:   2 ██
      1.20-1.50:   3 ███
          >1.50:  25 █████████████████████████
          error:   0 
     Closest to liquidation: HF=1.1538 debt=$158,668 (0xb6d8214f...)
Circuit OPEN: public_42161_9877 (5 consecutive failures, recovery in 30.0s)
   ⏱️  Scan #108 | Positions: 766 | Watchlist: 291 | Opps found: 11 | ETH gas: 0.0590 gwei | Vectors: 3/6 active
   ⚡ [ZRP] positions=768 checks=1635 fired=0 confirmed=0 reverted=0 profit=$0.00 gas=$0.0000
      Index: ETH/USD:768
   📡 [RPC Gateway] reqs=0 rps=0.0 batched=0 failovers=0 429s=0

  ┌─ STATUS [1:17:22] ─────────────────────────────────────────┐
  │ Profits: 0/5 | Total P&L: $0.00 | Phase: phase_1_cold_start
  │ Positions: 766 | Opps: found=11 exec=9 skip=2
  │ Vectors: preemptive_liquidation=9, new_protocol=2, undercollateralized_pool=327
  │ Gas: 0.0590 gwei | Engine: RUNNING
  └──────────────────────────────────────────────────────────┘
Circuit OPEN: public_42161_8112 (5 consecutive failures, recovery in 30.0s)
   ⏱️  Scan #109 | Positions: 766 | Watchlist: 291 | Opps found: 11 | ETH gas: 0.0565 gwei | Vectors: 3/6 active

  📊 [phase_1_cold_start] 1.30h | P&L: $0.00 | Rate: $0.00/hr | TXs: 9 | Cap: $0.00 | Mult: inactive

  ┌─ STATUS [1:18:36] ─────────────────────────────────────────┐
  │ Profits: 0/5 | Total P&L: $0.00 | Phase: phase_1_cold_start
  │ Positions: 766 | Opps: found=11 exec=9 skip=2
  │ Vectors: preemptive_liquidation=9, new_protocol=2, undercollateralized_pool=330
  │ Gas: 0.0565 gwei | Engine: RUNNING
  └──────────────────────────────────────────────────────────┘
Circuit OPEN: alchemy_10_4817 (5 consecutive failures, recovery in 30.0s)
   ⏱️  Scan #110 | Positions: 766 | Watchlist: 291 | Opps found: 11 | ETH gas: 0.0527 gwei | Vectors: 3/6 active
Circuit OPEN: public_10_4846 (5 consecutive failures, recovery in 30.0s)

  ┌─ STATUS [1:19:33] ─────────────────────────────────────────┐
  │ Profits: 0/5 | Total P&L: $0.00 | Phase: phase_1_cold_start
  │ Positions: 766 | Opps: found=11 exec=9 skip=2
  │ Vectors: preemptive_liquidation=9, new_protocol=2, undercollateralized_pool=333
  │ Gas: 0.0583 gwei | Engine: RUNNING
  └──────────────────────────────────────────────────────────┘

  📊 [phase_1_cold_start] 1.33h | P&L: $0.00 | Rate: $0.00/hr | TXs: 9 | Cap: $0.00 | Mult: inactive
   ⏱️  Scan #111 | Positions: 766 | Watchlist: 291 | Opps found: 11 | ETH gas: 0.0583 gwei | Vectors: 3/6 active
   📇 Chain 137: +2 borrowers from 57 events (total tracked: 768)
   📡 [RPC Gateway] reqs=0 rps=0.0 batched=0 failovers=0 429s=0
   ⚡ [ZRP] positions=768 checks=1680 fired=0 confirmed=0 reverted=0 profit=$0.00 gas=$0.0000
      Index: ETH/USD:768
   👁️  WATCHLIST +1: HF=1.1714 debt=$1,319 chain=137 (0xab3dc8ee91...)
Circuit OPEN: public_10_6325 (5 consecutive failures, recovery in 30.0s)
   ⏱️  Scan #112 | Positions: 768 | Watchlist: 292 | Opps found: 11 | ETH gas: 0.0573 gwei | Vectors: 3/6 active

  ┌─ STATUS [1:20:18] ─────────────────────────────────────────┐
  │ Profits: 0/5 | Total P&L: $0.00 | Phase: phase_1_cold_start
  │ Positions: 768 | Opps: found=11 exec=9 skip=2
  │ Vectors: preemptive_liquidation=9, new_protocol=2, undercollateralized_pool=339
  │ Gas: 0.0573 gwei | Engine: RUNNING
  └──────────────────────────────────────────────────────────┘
Circuit OPEN: alchemy_137_1156 (5 consecutive failures, recovery in 30.0s)
   ⏱️  Scan #113 | Positions: 768 | Watchlist: 292 | Opps found: 11 | ETH gas: 0.0567 gwei | Vectors: 3/6 active

  📊 [phase_1_cold_start] 1.35h | P&L: $0.00 | Rate: $0.00/hr | TXs: 9 | Cap: $0.00 | Mult: inactive
   📇 Chain 1: +1 borrowers from 2243 events (total tracked: 769)

  ┌─ STATUS [1:21:26] ─────────────────────────────────────────┐
  │ Profits: 0/5 | Total P&L: $0.00 | Phase: phase_1_cold_start
  │ Positions: 769 | Opps: found=11 exec=9 skip=2
  │ Vectors: preemptive_liquidation=9, new_protocol=2, undercollateralized_pool=342
  │ Gas: 0.0567 gwei | Engine: RUNNING
  └──────────────────────────────────────────────────────────┘
Circuit OPEN: public_137_3338 (5 consecutive failures, recovery in 30.0s)
   ⏱️  Scan #114 | Positions: 769 | Watchlist: 292 | Opps found: 11 | ETH gas: 0.0508 gwei | Vectors: 3/6 active
Circuit OPEN: public_137_410 (5 consecutive failures, recovery in 30.0s)
   ⏱️  Scan #115 | Positions: 769 | Watchlist: 292 | Opps found: 11 | ETH gas: 0.0540 gwei | Vectors: 3/6 active

  ┌─ STATUS [1:22:13] ─────────────────────────────────────────┐
  │ Profits: 0/5 | Total P&L: $0.00 | Phase: phase_1_cold_start
  │ Positions: 769 | Opps: found=11 exec=9 skip=2
  │ Vectors: preemptive_liquidation=9, new_protocol=2, undercollateralized_pool=348
  │ Gas: 0.0540 gwei | Engine: RUNNING
  └──────────────────────────────────────────────────────────┘

  📊 [phase_1_cold_start] 1.37h | P&L: $0.00 | Rate: $0.00/hr | TXs: 9 | Cap: $0.00 | Mult: inactive
   📇 Chain 137: +2 borrowers from 58 events (total tracked: 771)
   📡 [RPC Gateway] reqs=0 rps=0.0 batched=0 failovers=0 429s=0
   ⚡ [ZRP] positions=771 checks=1740 fired=0 confirmed=0 reverted=0 profit=$0.00 gas=$0.0000
      Index: ETH/USD:771

  🔧 ADAPTIVE: No new profits in 300s
     min_profit: $0.01 → $0.01
     min_confidence: 0.01 → 0.01
     Positions tracked: 771

  📊 HEALTH FACTOR DISTRIBUTION (sampled 30 of 771):
           <1.0:   0 
       1.0-1.05:   0 
      1.05-1.10:   0 
      1.10-1.20:   2 ██
      1.20-1.50:   3 ███
          >1.50:  25 █████████████████████████
          error:   0 
     Closest to liquidation: HF=1.1538 debt=$158,668 (0xb6d8214f...)
   👁️  WATCHLIST +1: HF=1.1500 debt=$6,941 chain=137 (0x4631c54ee8...)
   👁️  WATCHLIST +1: HF=1.0856 debt=$5,402 chain=137 (0x2632f01103...)
Circuit OPEN: alchemy_8453_4341 (5 consecutive failures, recovery in 30.0s)
   ⏱️  Scan #116 | Positions: 771 | Watchlist: 294 | Opps found: 11 | ETH gas: 0.0570 gwei | Vectors: 3/6 active

  ┌─ STATUS [1:23:03] ─────────────────────────────────────────┐
  │ Profits: 0/5 | Total P&L: $0.00 | Phase: phase_1_cold_start
  │ Positions: 771 | Opps: found=11 exec=9 skip=2
  │ Vectors: preemptive_liquidation=9, new_protocol=2, undercollateralized_pool=351
  │ Gas: 0.0570 gwei | Engine: RUNNING
  └──────────────────────────────────────────────────────────┘
Circuit OPEN: public_8453_611 (5 consecutive failures, recovery in 30.0s)

  📊 [phase_1_cold_start] 1.40h | P&L: $0.00 | Rate: $0.00/hr | TXs: 9 | Cap: $0.00 | Mult: inactive
   📇 Chain 1: +1 borrowers from 2242 events (total tracked: 772)
   ⏱️  Scan #117 | Positions: 772 | Watchlist: 293 | Opps found: 11 | ETH gas: 0.0533 gwei | Vectors: 3/6 active

  ┌─ STATUS [1:24:16] ─────────────────────────────────────────┐
  │ Profits: 0/5 | Total P&L: $0.00 | Phase: phase_1_cold_start
  │ Positions: 772 | Opps: found=11 exec=9 skip=2
  │ Vectors: preemptive_liquidation=9, new_protocol=2, undercollateralized_pool=354
  │ Gas: 0.0533 gwei | Engine: RUNNING
  └──────────────────────────────────────────────────────────┘
Circuit OPEN: public_8453_6388 (5 consecutive failures, recovery in 30.0s)
   ⏱️  Scan #118 | Positions: 772 | Watchlist: 293 | Opps found: 11 | ETH gas: 0.0491 gwei | Vectors: 3/6 active
   📡 [RPC Gateway] reqs=0 rps=0.0 batched=0 failovers=0 429s=0
   ⚡ [ZRP] positions=773 checks=1785 fired=0 confirmed=0 reverted=0 profit=$0.00 gas=$0.0000
      Index: ETH/USD:773
Circuit OPEN: alchemy_43114_4196 (5 consecutive failures, recovery in 30.0s)

  📊 [phase_1_cold_start] 1.42h | P&L: $0.00 | Rate: $0.00/hr | TXs: 9 | Cap: $0.00 | Mult: inactive

  ┌─ STATUS [1:25:13] ─────────────────────────────────────────┐
  │ Profits: 0/5 | Total P&L: $0.00 | Phase: phase_1_cold_start
  │ Positions: 772 | Opps: found=11 exec=9 skip=2
  │ Vectors: preemptive_liquidation=9, new_protocol=2, undercollateralized_pool=357
  │ Gas: 0.0513 gwei | Engine: RUNNING
  └──────────────────────────────────────────────────────────┘
   ⏱️  Scan #119 | Positions: 772 | Watchlist: 293 | Opps found: 11 | ETH gas: 0.0513 gwei | Vectors: 3/6 active
   📇 Chain 1: +1 borrowers from 2239 events (total tracked: 773)
Circuit OPEN: public_43114_3782 (5 consecutive failures, recovery in 30.0s)
   ⏱️  Scan #120 | Positions: 773 | Watchlist: 293 | Opps found: 11 | ETH gas: 0.0489 gwei | Vectors: 3/6 active

  ┌─ STATUS [1:25:58] ─────────────────────────────────────────┐
  │ Profits: 0/5 | Total P&L: $0.00 | Phase: phase_1_cold_start
  │ Positions: 773 | Opps: found=11 exec=9 skip=2
  │ Vectors: preemptive_liquidation=9, new_protocol=2, undercollateralized_pool=363
  │ Gas: 0.0489 gwei | Engine: RUNNING
  └──────────────────────────────────────────────────────────┘
Circuit OPEN: alchemy_56_5043 (5 consecutive failures, recovery in 30.0s)

  📊 [phase_1_cold_start] 1.44h | P&L: $0.00 | Rate: $0.00/hr | TXs: 9 | Cap: $0.00 | Mult: inactive
   ⚠️ SELF-HEAL: No new opportunities in 10 minutes — relaxing thresholds
   ⏱️  Scan #121 | Positions: 773 | Watchlist: 293 | Opps found: 11 | ETH gas: 0.0490 gwei | Vectors: 3/6 active
   📇 Chain 1: +4 borrowers from 2242 events (total tracked: 777)
   📇 Chain 137: +1 borrowers from 60 events (total tracked: 778)

  ┌─ STATUS [1:27:06] ─────────────────────────────────────────┐
  │ Profits: 0/5 | Total P&L: $0.00 | Phase: phase_1_cold_start
  │ Positions: 778 | Opps: found=11 exec=9 skip=2
  │ Vectors: preemptive_liquidation=9, new_protocol=2, undercollateralized_pool=366
  │ Gas: 0.0490 gwei | Engine: RUNNING
  └──────────────────────────────────────────────────────────┘
   📡 [RPC Gateway] reqs=0 rps=0.0 batched=0 failovers=0 429s=0
   ⚡ [ZRP] positions=775 checks=1845 fired=0 confirmed=0 reverted=0 profit=$0.00 gas=$0.0000
      Index: ETH/USD:775
Circuit OPEN: public_56_6500 (5 consecutive failures, recovery in 30.0s)
   ⏱️  Scan #122 | Positions: 778 | Watchlist: 293 | Opps found: 11 | ETH gas: 0.0459 gwei | Vectors: 3/6 active
Circuit OPEN: public_56_8107 (5 consecutive failures, recovery in 30.0s)
   ⏱️  Scan #123 | Positions: 778 | Watchlist: 293 | Opps found: 11 | ETH gas: 0.0477 gwei | Vectors: 3/6 active

  ┌─ STATUS [1:27:52] ─────────────────────────────────────────┐
  │ Profits: 0/5 | Total P&L: $0.00 | Phase: phase_1_cold_start
  │ Positions: 778 | Opps: found=11 exec=9 skip=2
  │ Vectors: preemptive_liquidation=9, new_protocol=2, undercollateralized_pool=372
  │ Gas: 0.0477 gwei | Engine: RUNNING
  └──────────────────────────────────────────────────────────┘

  📊 [phase_1_cold_start] 1.46h | P&L: $0.00 | Rate: $0.00/hr | TXs: 9 | Cap: $0.00 | Mult: inactive

  🔧 ADAPTIVE: No new profits in 300s
     min_profit: $0.01 → $0.01
     min_confidence: 0.01 → 0.01
     Positions tracked: 778

  📊 HEALTH FACTOR DISTRIBUTION (sampled 30 of 778):
           <1.0:   0 
       1.0-1.05:   0 
      1.05-1.10:   0 
      1.10-1.20:   2 ██
      1.20-1.50:   3 ███
          >1.50:  25 █████████████████████████
          error:   0 
     Closest to liquidation: HF=1.1538 debt=$158,668 (0xb6d8214f...)
Circuit OPEN: alchemy_324_2386 (5 consecutive failures, recovery in 30.0s)
   ⏱️  Scan #124 | Positions: 778 | Watchlist: 293 | Opps found: 11 | ETH gas: 0.0421 gwei | Vectors: 3/6 active

  ┌─ STATUS [1:28:45] ─────────────────────────────────────────┐
  │ Profits: 0/5 | Total P&L: $0.00 | Phase: phase_1_cold_start
  │ Positions: 778 | Opps: found=11 exec=9 skip=2
  │ Vectors: preemptive_liquidation=9, new_protocol=2, undercollateralized_pool=375
  │ Gas: 0.0421 gwei | Engine: RUNNING
  └──────────────────────────────────────────────────────────┘
Circuit OPEN: public_324_1282 (5 consecutive failures, recovery in 30.0s)

  📊 [phase_1_cold_start] 1.49h | P&L: $0.00 | Rate: $0.00/hr | TXs: 9 | Cap: $0.00 | Mult: inactive
   ⏱️  Scan #125 | Positions: 778 | Watchlist: 293 | Opps found: 11 | ETH gas: 0.0447 gwei | Vectors: 3/6 active
   ⚡ [ZRP] positions=780 checks=1890 fired=0 confirmed=0 reverted=0 profit=$0.00 gas=$0.0000
      Index: ETH/USD:780
   📡 [RPC Gateway] reqs=0 rps=0.0 batched=0 failovers=0 429s=0

  ┌─ STATUS [1:30:01] ─────────────────────────────────────────┐
  │ Profits: 0/5 | Total P&L: $0.00 | Phase: phase_1_cold_start
  │ Positions: 778 | Opps: found=11 exec=9 skip=2
  │ Vectors: preemptive_liquidation=9, new_protocol=2, undercollateralized_pool=378
  │ Gas: 0.0447 gwei | Engine: RUNNING
  └──────────────────────────────────────────────────────────┘
   ⏱️  Scan #126 | Positions: 778 | Watchlist: 293 | Opps found: 11 | ETH gas: 0.0427 gwei | Vectors: 3/6 active

  📊 [phase_1_cold_start] 1.52h | P&L: $0.00 | Rate: $0.00/hr | TXs: 9 | Cap: $0.00 | Mult: inactive

  ┌─ STATUS [1:31:03] ─────────────────────────────────────────┐
  │ Profits: 0/5 | Total P&L: $0.00 | Phase: phase_1_cold_start
  │ Positions: 778 | Opps: found=11 exec=9 skip=2
  │ Vectors: preemptive_liquidation=9, new_protocol=2, undercollateralized_pool=381
  │ Gas: 0.0427 gwei | Engine: RUNNING
  └──────────────────────────────────────────────────────────┘
   ⏱️  Scan #127 | Positions: 778 | Watchlist: 293 | Opps found: 11 | ETH gas: 0.0394 gwei | Vectors: 3/6 active
   ⏱️  Scan #128 | Positions: 778 | Watchlist: 293 | Opps found: 11 | ETH gas: 0.0416 gwei | Vectors: 3/6 active

  ┌─ STATUS [1:31:54] ─────────────────────────────────────────┐
  │ Profits: 0/5 | Total P&L: $0.00 | Phase: phase_1_cold_start
  │ Positions: 778 | Opps: found=11 exec=9 skip=2
  │ Vectors: preemptive_liquidation=9, new_protocol=2, undercollateralized_pool=387
  │ Gas: 0.0416 gwei | Engine: RUNNING
  └──────────────────────────────────────────────────────────┘
   ⚡ [ZRP] positions=780 checks=1935 fired=0 confirmed=0 reverted=0 profit=$0.00 gas=$0.0000
      Index: ETH/USD:780
   📡 [RPC Gateway] reqs=0 rps=0.0 batched=0 failovers=0 429s=0

  📊 [phase_1_cold_start] 1.54h | P&L: $0.00 | Rate: $0.00/hr | TXs: 9 | Cap: $0.00 | Mult: inactive
   📇 Chain 1: +2 borrowers from 2239 events (total tracked: 780)
   ⏱️  Scan #129 | Positions: 780 | Watchlist: 293 | Opps found: 11 | ETH gas: 0.0389 gwei | Vectors: 3/6 active

  ┌─ STATUS [1:33:04] ─────────────────────────────────────────┐
  │ Profits: 0/5 | Total P&L: $0.00 | Phase: phase_1_cold_start
  │ Positions: 780 | Opps: found=11 exec=9 skip=2
  │ Vectors: preemptive_liquidation=9, new_protocol=2, undercollateralized_pool=390
  │ Gas: 0.0389 gwei | Engine: RUNNING
  └──────────────────────────────────────────────────────────┘
   ⏱️  Scan #130 | Positions: 780 | Watchlist: 293 | Opps found: 11 | ETH gas: 0.0449 gwei | Vectors: 3/6 active

  🔧 ADAPTIVE: No new profits in 300s
     min_profit: $0.01 → $0.01
     min_confidence: 0.01 → 0.01
     Positions tracked: 780

  📊 HEALTH FACTOR DISTRIBUTION (sampled 30 of 780):
           <1.0:   0 
       1.0-1.05:   0 
      1.05-1.10:   0 
      1.10-1.20:   2 ██
      1.20-1.50:   3 ███
          >1.50:  25 █████████████████████████
          error:   0 
     Closest to liquidation: HF=1.1538 debt=$158,668 (0xb6d8214f...)

  📊 [phase_1_cold_start] 1.57h | P&L: $0.00 | Rate: $0.00/hr | TXs: 9 | Cap: $0.00 | Mult: inactive

  ┌─ STATUS [1:34:06] ─────────────────────────────────────────┐
  │ Profits: 0/5 | Total P&L: $0.00 | Phase: phase_1_cold_start
  │ Positions: 780 | Opps: found=11 exec=9 skip=2
  │ Vectors: preemptive_liquidation=9, new_protocol=2, undercollateralized_pool=393
  │ Gas: 0.0547 gwei | Engine: RUNNING
  └──────────────────────────────────────────────────────────┘
   ⏱️  Scan #131 | Positions: 780 | Watchlist: 293 | Opps found: 11 | ETH gas: 0.0547 gwei | Vectors: 3/6 active
   📡 [RPC Gateway] reqs=0 rps=0.0 batched=0 failovers=0 429s=0
   ⚡ [ZRP] positions=782 checks=1995 fired=0 confirmed=0 reverted=0 profit=$0.00 gas=$0.0000
      Index: ETH/USD:782
   ⏱️  Scan #132 | Positions: 780 | Watchlist: 293 | Opps found: 11 | ETH gas: 0.0505 gwei | Vectors: 3/6 active

  ┌─ STATUS [1:34:50] ─────────────────────────────────────────┐
  │ Profits: 0/5 | Total P&L: $0.00 | Phase: phase_1_cold_start
  │ Positions: 780 | Opps: found=11 exec=9 skip=2
  │ Vectors: preemptive_liquidation=9, new_protocol=2, undercollateralized_pool=399
  │ Gas: 0.0505 gwei | Engine: RUNNING
  └──────────────────────────────────────────────────────────┘

  📊 [phase_1_cold_start] 1.59h | P&L: $0.00 | Rate: $0.00/hr | TXs: 9 | Cap: $0.00 | Mult: inactive
   ⏱️  Scan #133 | Positions: 780 | Watchlist: 293 | Opps found: 11 | ETH gas: 0.0559 gwei | Vectors: 3/6 active
   📇 Chain 1: +1 borrowers from 2239 events (total tracked: 781)

  ┌─ STATUS [1:36:01] ─────────────────────────────────────────┐
  │ Profits: 0/5 | Total P&L: $0.00 | Phase: phase_1_cold_start
  │ Positions: 781 | Opps: found=11 exec=9 skip=2
  │ Vectors: preemptive_liquidation=9, new_protocol=2, undercollateralized_pool=402
  │ Gas: 0.0559 gwei | Engine: RUNNING
  └──────────────────────────────────────────────────────────┘
   ⏱️  Scan #134 | Positions: 781 | Watchlist: 293 | Opps found: 11 | ETH gas: 0.0459 gwei | Vectors: 3/6 active
   ⏱️  Scan #135 | Positions: 781 | Watchlist: 293 | Opps found: 11 | ETH gas: 0.0551 gwei | Vectors: 3/6 active

  ┌─ STATUS [1:36:53] ─────────────────────────────────────────┐
  │ Profits: 0/5 | Total P&L: $0.00 | Phase: phase_1_cold_start
  │ Positions: 781 | Opps: found=11 exec=9 skip=2
  │ Vectors: preemptive_liquidation=9, new_protocol=2, undercollateralized_pool=408
  │ Gas: 0.0551 gwei | Engine: RUNNING
  └──────────────────────────────────────────────────────────┘
   ⚠️ SELF-HEAL: No new opportunities in 10 minutes — relaxing thresholds

  📊 [phase_1_cold_start] 1.61h | P&L: $0.00 | Rate: $0.00/hr | TXs: 9 | Cap: $0.00 | Mult: inactive
   ⚡ [ZRP] positions=783 checks=2040 fired=0 confirmed=0 reverted=0 profit=$0.00 gas=$0.0000
      Index: ETH/USD:783
   📡 [RPC Gateway] reqs=0 rps=0.0 batched=0 failovers=0 429s=0
   ⏱️  Scan #136 | Positions: 781 | Watchlist: 293 | Opps found: 11 | ETH gas: 0.0611 gwei | Vectors: 3/6 active

  ┌─ STATUS [1:37:34] ─────────────────────────────────────────┐
  │ Profits: 0/5 | Total P&L: $0.00 | Phase: phase_1_cold_start
  │ Positions: 781 | Opps: found=11 exec=9 skip=2
  │ Vectors: preemptive_liquidation=9, new_protocol=2, undercollateralized_pool=411
  │ Gas: 0.0611 gwei | Engine: RUNNING
  └──────────────────────────────────────────────────────────┘
   ⏱️  Scan #137 | Positions: 781 | Watchlist: 293 | Opps found: 11 | ETH gas: 0.0607 gwei | Vectors: 3/6 active

  📊 [phase_1_cold_start] 1.64h | P&L: $0.00 | Rate: $0.00/hr | TXs: 9 | Cap: $0.00 | Mult: inactive

  ┌─ STATUS [1:38:40] ─────────────────────────────────────────┐
  │ Profits: 0/5 | Total P&L: $0.00 | Phase: phase_1_cold_start
  │ Positions: 781 | Opps: found=11 exec=9 skip=2
  │ Vectors: preemptive_liquidation=9, new_protocol=2, undercollateralized_pool=414
  │ Gas: 0.0607 gwei | Engine: RUNNING
  └──────────────────────────────────────────────────────────┘
   ⏱️  Scan #138 | Positions: 781 | Watchlist: 293 | Opps found: 11 | ETH gas: 0.0599 gwei | Vectors: 3/6 active
   📡 [RPC Gateway] reqs=0 rps=0.0 batched=0 failovers=0 429s=0
   ⚡ [ZRP] positions=783 checks=2100 fired=0 confirmed=0 reverted=0 profit=$0.00 gas=$0.0000
      Index: ETH/USD:783

  🔧 ADAPTIVE: No new profits in 300s
     min_profit: $0.01 → $0.01
     min_confidence: 0.01 → 0.01
     Positions tracked: 781

  📊 HEALTH FACTOR DISTRIBUTION (sampled 30 of 781):
           <1.0:   0 
       1.0-1.05:   0 
      1.05-1.10:   0 
      1.10-1.20:   2 ██
      1.20-1.50:   3 ███
          >1.50:  25 █████████████████████████
          error:   0 
     Closest to liquidation: HF=1.1538 debt=$158,668 (0xb6d8214f...)
   ⏱️  Scan #139 | Positions: 781 | Watchlist: 292 | Opps found: 11 | ETH gas: 0.0540 gwei | Vectors: 3/6 active

  ┌─ STATUS [1:39:41] ─────────────────────────────────────────┐
  │ Profits: 0/5 | Total P&L: $0.00 | Phase: phase_1_cold_start
  │ Positions: 781 | Opps: found=11 exec=9 skip=2
  │ Vectors: preemptive_liquidation=9, new_protocol=2, undercollateralized_pool=420
  │ Gas: 0.0540 gwei | Engine: RUNNING
  └──────────────────────────────────────────────────────────┘

  📊 [phase_1_cold_start] 1.66h | P&L: $0.00 | Rate: $0.00/hr | TXs: 9 | Cap: $0.00 | Mult: inactive
   ⏱️  Scan #140 | Positions: 781 | Watchlist: 292 | Opps found: 11 | ETH gas: 0.0506 gwei | Vectors: 3/6 active

  ┌─ STATUS [1:40:31] ─────────────────────────────────────────┐
  │ Profits: 0/5 | Total P&L: $0.00 | Phase: phase_1_cold_start
  │ Positions: 781 | Opps: found=11 exec=9 skip=2
  │ Vectors: preemptive_liquidation=9, new_protocol=2, undercollateralized_pool=423
  │ Gas: 0.0506 gwei | Engine: RUNNING
  └──────────────────────────────────────────────────────────┘

  📊 [phase_1_cold_start] 1.69h | P&L: $0.00 | Rate: $0.00/hr | TXs: 9 | Cap: $0.00 | Mult: inactive
   📇 Chain 1: +2 borrowers from 2238 events (total tracked: 783)
   ⏱️  Scan #141 | Positions: 783 | Watchlist: 292 | Opps found: 11 | ETH gas: 0.0482 gwei | Vectors: 3/6 active

  ┌─ STATUS [1:41:47] ─────────────────────────────────────────┐
  │ Profits: 0/5 | Total P&L: $0.00 | Phase: phase_1_cold_start
  │ Positions: 783 | Opps: found=11 exec=9 skip=2
  │ Vectors: preemptive_liquidation=9, new_protocol=2, undercollateralized_pool=426
  │ Gas: 0.0482 gwei | Engine: RUNNING
  └──────────────────────────────────────────────────────────┘
   ⚡ [ZRP] positions=783 checks=2145 fired=0 confirmed=0 reverted=0 profit=$0.00 gas=$0.0000
      Index: ETH/USD:783
   📡 [RPC Gateway] reqs=0 rps=0.0 batched=0 failovers=0 429s=0
   ⏱️  Scan #142 | Positions: 783 | Watchlist: 292 | Opps found: 11 | ETH gas: 0.0436 gwei | Vectors: 3/6 active

  📊 [phase_1_cold_start] 1.71h | P&L: $0.00 | Rate: $0.00/hr | TXs: 9 | Cap: $0.00 | Mult: inactive

  ┌─ STATUS [1:42:48] ─────────────────────────────────────────┐
  │ Profits: 0/5 | Total P&L: $0.00 | Phase: phase_1_cold_start
  │ Positions: 783 | Opps: found=11 exec=9 skip=2
  │ Vectors: preemptive_liquidation=9, new_protocol=2, undercollateralized_pool=429
  │ Gas: 0.0436 gwei | Engine: RUNNING
  └──────────────────────────────────────────────────────────┘
   📇 Chain 1: +1 borrowers from 2238 events (total tracked: 784)
   ⏱️  Scan #143 | Positions: 784 | Watchlist: 292 | Opps found: 11 | ETH gas: 0.0491 gwei | Vectors: 3/6 active
   ⏱️  Scan #144 | Positions: 784 | Watchlist: 292 | Opps found: 11 | ETH gas: 0.0497 gwei | Vectors: 3/6 active

  ┌─ STATUS [1:43:39] ─────────────────────────────────────────┐
  │ Profits: 0/5 | Total P&L: $0.00 | Phase: phase_1_cold_start
  │ Positions: 784 | Opps: found=11 exec=9 skip=2
  │ Vectors: preemptive_liquidation=9, new_protocol=2, undercollateralized_pool=435
  │ Gas: 0.0497 gwei | Engine: RUNNING
  └──────────────────────────────────────────────────────────┘

  📊 [phase_1_cold_start] 1.74h | P&L: $0.00 | Rate: $0.00/hr | TXs: 9 | Cap: $0.00 | Mult: inactive
   ⏱️  Scan #145 | Positions: 784 | Watchlist: 295 | Opps found: 11 | ETH gas: 0.0478 gwei | Vectors: 3/6 active
   📇 Chain 1: +1 borrowers from 2240 events (total tracked: 785)
   📡 [RPC Gateway] reqs=0 rps=0.0 batched=0 failovers=0 429s=0
   ⚡ [ZRP] positions=786 checks=2190 fired=0 confirmed=0 reverted=0 profit=$0.00 gas=$0.0000
      Index: ETH/USD:786

  ┌─ STATUS [1:44:50] ─────────────────────────────────────────┐
  │ Profits: 0/5 | Total P&L: $0.00 | Phase: phase_1_cold_start
  │ Positions: 785 | Opps: found=11 exec=9 skip=2
  │ Vectors: preemptive_liquidation=9, new_protocol=2, undercollateralized_pool=438
  │ Gas: 0.0478 gwei | Engine: RUNNING
  └──────────────────────────────────────────────────────────┘
   📝 Queued execution d9dd370e... (priority 8)
   🎯 [preemptive_liquidation] chain=1 profit=$101.13 conf=5% pri=8
   ⏱️  Scan #146 | Positions: 785 | Watchlist: 295 | Opps found: 12 | ETH gas: 0.0407 gwei | Vectors: 3/6 active

  🔧 ADAPTIVE: No new profits in 300s
     min_profit: $0.01 → $0.01
     min_confidence: 0.01 → 0.01
     Positions tracked: 785

  📊 HEALTH FACTOR DISTRIBUTION (sampled 30 of 785):
           <1.0:   0 
       1.0-1.05:   0 
      1.05-1.10:   0 
      1.10-1.20:   2 ██
      1.20-1.50:   3 ███
          >1.50:  25 █████████████████████████
          error:   0 
     Closest to liquidation: HF=1.1538 debt=$158,668 (0xb6d8214f...)
   ❌ EXEC FAILED chain=1 user=?... reason=Unknown format '', attempted to normalize to '0x'
   ✅ Execution d9dd370e... completed: failed

  📊 [phase_1_cold_start] 1.76h | P&L: $0.00 | Rate: $0.00/hr | TXs: 10 | Cap: $0.00 | Mult: inactive

  ┌─ STATUS [1:45:50] ─────────────────────────────────────────┐
  │ Profits: 0/5 | Total P&L: $0.00 | Phase: phase_1_cold_start
  │ Positions: 785 | Opps: found=12 exec=10 skip=2
  │ Vectors: preemptive_liquidation=10, new_protocol=2, undercollateralized_pool=441
  │ Gas: 0.0445 gwei | Engine: RUNNING
  └──────────────────────────────────────────────────────────┘
   ⏱️  Scan #147 | Positions: 785 | Watchlist: 295 | Opps found: 12 | ETH gas: 0.0445 gwei | Vectors: 3/6 active
   📇 Chain 137: +1 borrowers from 55 events (total tracked: 786)
   ⏱️  Scan #148 | Positions: 786 | Watchlist: 295 | Opps found: 12 | ETH gas: 0.0429 gwei | Vectors: 3/6 active

  ┌─ STATUS [1:46:40] ─────────────────────────────────────────┐
  │ Profits: 0/5 | Total P&L: $0.00 | Phase: phase_1_cold_start
  │ Positions: 786 | Opps: found=12 exec=10 skip=2
  │ Vectors: preemptive_liquidation=10, new_protocol=2, undercollateralized_pool=447
  │ Gas: 0.0429 gwei | Engine: RUNNING
  └──────────────────────────────────────────────────────────┘
   📡 [RPC Gateway] reqs=0 rps=0.0 batched=0 failovers=0 429s=0
   ⚡ [ZRP] positions=787 checks=2235 fired=0 confirmed=0 reverted=0 profit=$0.00 gas=$0.0000
      Index: ETH/USD:787
   ⚠️ SELF-HEAL: No new opportunities in 10 minutes — relaxing thresholds

  📊 [phase_1_cold_start] 1.79h | P&L: $0.00 | Rate: $0.00/hr | TXs: 10 | Cap: $0.00 | Mult: inactive
   ⏱️  Scan #149 | Positions: 786 | Watchlist: 295 | Opps found: 12 | ETH gas: 0.0366 gwei | Vectors: 3/6 active

  ┌─ STATUS [1:47:54] ─────────────────────────────────────────┐
  │ Profits: 0/5 | Total P&L: $0.00 | Phase: phase_1_cold_start
  │ Positions: 786 | Opps: found=12 exec=10 skip=2
  │ Vectors: preemptive_liquidation=10, new_protocol=2, undercollateralized_pool=450
  │ Gas: 0.0366 gwei | Engine: RUNNING
  └──────────────────────────────────────────────────────────┘
   📝 Queued execution de48440d... (priority 8)
   🎯 [preemptive_liquidation] chain=1 profit=$105.14 conf=6% pri=8
   ⏱️  Scan #150 | Positions: 786 | Watchlist: 295 | Opps found: 13 | ETH gas: 0.0383 gwei | Vectors: 3/6 active
   ❌ EXEC FAILED chain=1 user=?... reason=Unknown format '', attempted to normalize to '0x'
   ✅ Execution de48440d... completed: failed

  📊 [phase_1_cold_start] 1.81h | P&L: $0.00 | Rate: $0.00/hr | TXs: 11 | Cap: $0.00 | Mult: inactive

  ┌─ STATUS [1:48:53] ─────────────────────────────────────────┐
  │ Profits: 0/5 | Total P&L: $0.00 | Phase: phase_1_cold_start
  │ Positions: 786 | Opps: found=13 exec=11 skip=2
  │ Vectors: preemptive_liquidation=11, new_protocol=2, undercollateralized_pool=453
  │ Gas: 0.0383 gwei | Engine: RUNNING
  └──────────────────────────────────────────────────────────┘
   📇 Chain 1: +1 borrowers from 2239 events (total tracked: 787)
   ⏱️  Scan #151 | Positions: 787 | Watchlist: 295 | Opps found: 13 | ETH gas: 0.0479 gwei | Vectors: 3/6 active
   ⚡ [ZRP] positions=788 checks=2295 fired=0 confirmed=0 reverted=0 profit=$0.00 gas=$0.0000
      Index: ETH/USD:788
   📡 [RPC Gateway] reqs=0 rps=0.0 batched=0 failovers=0 429s=0
   ⏱️  Scan #152 | Positions: 787 | Watchlist: 295 | Opps found: 13 | ETH gas: 0.0566 gwei | Vectors: 3/6 active

  ┌─ STATUS [1:49:43] ─────────────────────────────────────────┐
  │ Profits: 0/5 | Total P&L: $0.00 | Phase: phase_1_cold_start
  │ Positions: 787 | Opps: found=13 exec=11 skip=2
  │ Vectors: preemptive_liquidation=11, new_protocol=2, undercollateralized_pool=459
  │ Gas: 0.0566 gwei | Engine: RUNNING
  └──────────────────────────────────────────────────────────┘

  📊 [phase_1_cold_start] 1.84h | P&L: $0.00 | Rate: $0.00/hr | TXs: 11 | Cap: $0.00 | Mult: inactive
   📝 Queued execution cdab5511... (priority 8)
   🎯 [preemptive_liquidation] chain=1 profit=$102.20 conf=5% pri=8
   ⏱️  Scan #153 | Positions: 787 | Watchlist: 295 | Opps found: 14 | ETH gas: 0.0567 gwei | Vectors: 3/6 active
   📇 Chain 1: +1 borrowers from 2243 events (total tracked: 788)

  🔧 ADAPTIVE: No new profits in 300s
     min_profit: $0.01 → $0.01
     min_confidence: 0.01 → 0.01
     Positions tracked: 788

  📊 HEALTH FACTOR DISTRIBUTION (sampled 30 of 788):
           <1.0:   0 
       1.0-1.05:   0 
      1.05-1.10:   0 
      1.10-1.20:   2 ██
      1.20-1.50:   3 ███
          >1.50:  25 █████████████████████████
          error:   0 
     Closest to liquidation: HF=1.1538 debt=$158,668 (0xb6d8214f...)
   ❌ EXEC FAILED chain=1 user=?... reason=Unknown format '', attempted to normalize to '0x'
   ✅ Execution cdab5511... completed: failed

  ┌─ STATUS [1:50:57] ─────────────────────────────────────────┐
  │ Profits: 0/5 | Total P&L: $0.00 | Phase: phase_1_cold_start
  │ Positions: 788 | Opps: found=14 exec=12 skip=2
  │ Vectors: preemptive_liquidation=12, new_protocol=2, undercollateralized_pool=462
  │ Gas: 0.0567 gwei | Engine: RUNNING
  └──────────────────────────────────────────────────────────┘
   ⏱️  Scan #154 | Positions: 788 | Watchlist: 295 | Opps found: 14 | ETH gas: 0.0538 gwei | Vectors: 3/6 active

  📊 [phase_1_cold_start] 1.86h | P&L: $0.00 | Rate: $0.00/hr | TXs: 12 | Cap: $0.00 | Mult: inactive

  ┌─ STATUS [1:51:55] ─────────────────────────────────────────┐
  │ Profits: 0/5 | Total P&L: $0.00 | Phase: phase_1_cold_start
  │ Positions: 788 | Opps: found=14 exec=12 skip=2
  │ Vectors: preemptive_liquidation=12, new_protocol=2, undercollateralized_pool=465
  │ Gas: 0.0514 gwei | Engine: RUNNING
  └──────────────────────────────────────────────────────────┘
   ⏱️  Scan #155 | Positions: 788 | Watchlist: 295 | Opps found: 14 | ETH gas: 0.0514 gwei | Vectors: 3/6 active
   📡 [RPC Gateway] reqs=0 rps=0.0 batched=0 failovers=0 429s=0
   ⚡ [ZRP] positions=790 checks=2340 fired=0 confirmed=0 reverted=0 profit=$0.00 gas=$0.0000
      Index: ETH/USD:790
   ⏱️  Scan #156 | Positions: 788 | Watchlist: 295 | Opps found: 14 | ETH gas: 0.0494 gwei | Vectors: 3/6 active

  ┌─ STATUS [1:52:39] ─────────────────────────────────────────┐
  │ Profits: 0/5 | Total P&L: $0.00 | Phase: phase_1_cold_start
  │ Positions: 788 | Opps: found=14 exec=12 skip=2
  │ Vectors: preemptive_liquidation=12, new_protocol=2, undercollateralized_pool=471
  │ Gas: 0.0494 gwei | Engine: RUNNING
  └──────────────────────────────────────────────────────────┘

  📊 [phase_1_cold_start] 1.89h | P&L: $0.00 | Rate: $0.00/hr | TXs: 12 | Cap: $0.00 | Mult: inactive
   ⏱️  Scan #157 | Positions: 788 | Watchlist: 295 | Opps found: 14 | ETH gas: 0.0420 gwei | Vectors: 3/6 active

  ┌─ STATUS [1:53:49] ─────────────────────────────────────────┐
  │ Profits: 0/5 | Total P&L: $0.00 | Phase: phase_1_cold_start
  │ Positions: 788 | Opps: found=14 exec=12 skip=2
  │ Vectors: preemptive_liquidation=12, new_protocol=2, undercollateralized_pool=474
  │ Gas: 0.0420 gwei | Engine: RUNNING
  └──────────────────────────────────────────────────────────┘
   ⏱️  Scan #158 | Positions: 788 | Watchlist: 295 | Opps found: 14 | ETH gas: 0.0462 gwei | Vectors: 3/6 active
   📡 [RPC Gateway] reqs=0 rps=0.0 batched=0 failovers=0 429s=0
   ⚡ [ZRP] positions=790 checks=2400 fired=0 confirmed=0 reverted=0 profit=$0.00 gas=$0.0000
      Index: ETH/USD:790
   ⏱️  Scan #159 | Positions: 788 | Watchlist: 295 | Opps found: 14 | ETH gas: 0.0458 gwei | Vectors: 3/6 active

  ┌─ STATUS [1:54:42] ─────────────────────────────────────────┐
  │ Profits: 0/5 | Total P&L: $0.00 | Phase: phase_1_cold_start
  │ Positions: 788 | Opps: found=14 exec=12 skip=2
  │ Vectors: preemptive_liquidation=12, new_protocol=2, undercollateralized_pool=480
  │ Gas: 0.0458 gwei | Engine: RUNNING
  └──────────────────────────────────────────────────────────┘

  📊 [phase_1_cold_start] 1.91h | P&L: $0.00 | Rate: $0.00/hr | TXs: 12 | Cap: $0.00 | Mult: inactive
   👁️  WATCHLIST +1: HF=1.1276 debt=$5,870,771 chain=1 (0xae3279da7e...)
   ⏱️  Scan #160 | Positions: 788 | Watchlist: 297 | Opps found: 14 | ETH gas: 0.0457 gwei | Vectors: 3/6 active

  ┌─ STATUS [1:55:23] ─────────────────────────────────────────┐
  │ Profits: 0/5 | Total P&L: $0.00 | Phase: phase_1_cold_start
  │ Positions: 788 | Opps: found=14 exec=12 skip=2
  │ Vectors: preemptive_liquidation=12, new_protocol=2, undercollateralized_pool=483
  │ Gas: 0.0457 gwei | Engine: RUNNING
  └──────────────────────────────────────────────────────────┘

  🔧 ADAPTIVE: No new profits in 300s
     min_profit: $0.01 → $0.01
     min_confidence: 0.01 → 0.01
     Positions tracked: 788

  📊 HEALTH FACTOR DISTRIBUTION (sampled 30 of 788):
           <1.0:   0 
       1.0-1.05:   0 
      1.05-1.10:   0 
      1.10-1.20:   2 ██
      1.20-1.50:   3 ███
          >1.50:  25 █████████████████████████
          error:   0 
     Closest to liquidation: HF=1.1538 debt=$158,668 (0xb6d8214f...)
   ⏱️  Scan #161 | Positions: 788 | Watchlist: 297 | Opps found: 14 | ETH gas: 0.0544 gwei | Vectors: 3/6 active

  📊 [phase_1_cold_start] 1.94h | P&L: $0.00 | Rate: $0.00/hr | TXs: 12 | Cap: $0.00 | Mult: inactive

  ┌─ STATUS [1:56:09] ─────────────────────────────────────────┐
  │ Profits: 0/5 | Total P&L: $0.00 | Phase: phase_1_cold_start
  │ Positions: 788 | Opps: found=14 exec=12 skip=2
  │ Vectors: preemptive_liquidation=12, new_protocol=2, undercollateralized_pool=486
  │ Gas: 0.0544 gwei | Engine: RUNNING
  └──────────────────────────────────────────────────────────┘
   📝 Queued execution ce09d761... (priority 8)
   🎯 [preemptive_liquidation] chain=1 profit=$101.39 conf=5% pri=8
   ⏱️  Scan #162 | Positions: 788 | Watchlist: 297 | Opps found: 15 | ETH gas: 0.0502 gwei | Vectors: 3/6 active
   ⚡ [ZRP] positions=790 checks=2445 fired=0 confirmed=0 reverted=0 profit=$0.00 gas=$0.0000
      Index: ETH/USD:790
   📡 [RPC Gateway] reqs=0 rps=0.0 batched=0 failovers=0 429s=0

  ┌─ STATUS [1:57:14] ─────────────────────────────────────────┐
  │ Profits: 0/5 | Total P&L: $0.00 | Phase: phase_1_cold_start
  │ Positions: 788 | Opps: found=15 exec=13 skip=2
  │ Vectors: preemptive_liquidation=13, new_protocol=2, undercollateralized_pool=489
  │ Gas: 0.0502 gwei | Engine: RUNNING
  └──────────────────────────────────────────────────────────┘
   ❌ EXEC FAILED chain=1 user=?... reason=Unknown format '', attempted to normalize to '0x'
   ✅ Execution ce09d761... completed: failed
   ⏱️  Scan #163 | Positions: 788 | Watchlist: 297 | Opps found: 15 | ETH gas: 0.0427 gwei | Vectors: 3/6 active

  📊 [phase_1_cold_start] 1.96h | P&L: $0.00 | Rate: $0.00/hr | TXs: 13 | Cap: $0.00 | Mult: inactive
   ⏱️  Scan #164 | Positions: 788 | Watchlist: 297 | Opps found: 15 | ETH gas: 0.0397 gwei | Vectors: 3/6 active

  ┌─ STATUS [1:58:05] ─────────────────────────────────────────┐
  │ Profits: 0/5 | Total P&L: $0.00 | Phase: phase_1_cold_start
  │ Positions: 788 | Opps: found=15 exec=13 skip=2
  │ Vectors: preemptive_liquidation=13, new_protocol=2, undercollateralized_pool=495
  │ Gas: 0.0397 gwei | Engine: RUNNING
  └──────────────────────────────────────────────────────────┘
   ⏱️  Scan #165 | Positions: 788 | Watchlist: 297 | Opps found: 15 | ETH gas: 0.0476 gwei | Vectors: 3/6 active
   ⚠️ SELF-HEAL: No new opportunities in 10 minutes — relaxing thresholds

  📊 [phase_1_cold_start] 1.98h | P&L: $0.00 | Rate: $0.00/hr | TXs: 13 | Cap: $0.00 | Mult: inactive

  ┌─ STATUS [1:59:10] ─────────────────────────────────────────┐
  │ Profits: 0/5 | Total P&L: $0.00 | Phase: phase_1_cold_start
  │ Positions: 788 | Opps: found=15 exec=13 skip=2
  │ Vectors: preemptive_liquidation=13, new_protocol=2, undercollateralized_pool=498
  │ Gas: 0.0476 gwei | Engine: RUNNING
  └──────────────────────────────────────────────────────────┘
   📡 [RPC Gateway] reqs=0 rps=0.0 batched=0 failovers=0 429s=0
   ⚡ [ZRP] positions=790 checks=2505 fired=0 confirmed=0 reverted=0 profit=$0.00 gas=$0.0000
      Index: ETH/USD:790
   ⏱️  Scan #166 | Positions: 788 | Watchlist: 297 | Opps found: 15 | ETH gas: 0.0520 gwei | Vectors: 3/6 active

  ┌─ STATUS [2:00:18] ─────────────────────────────────────────┐
  │ Profits: 0/5 | Total P&L: $0.00 | Phase: phase_1_cold_start
  │ Positions: 788 | Opps: found=15 exec=13 skip=2
  │ Vectors: preemptive_liquidation=13, new_protocol=2, undercollateralized_pool=501
  │ Gas: 0.0520 gwei | Engine: RUNNING
  └──────────────────────────────────────────────────────────┘

  📊 [phase_1_cold_start] 2.01h | P&L: $0.00 | Rate: $0.00/hr | TXs: 13 | Cap: $0.00 | Mult: inactive
   ⏱️  Scan #167 | Positions: 788 | Watchlist: 297 | Opps found: 15 | ETH gas: 0.0447 gwei | Vectors: 3/6 active
   ⏱️  Scan #168 | Positions: 788 | Watchlist: 297 | Opps found: 15 | ETH gas: 0.0491 gwei | Vectors: 3/6 active

  ┌─ STATUS [2:01:13] ─────────────────────────────────────────┐
  │ Profits: 0/5 | Total P&L: $0.00 | Phase: phase_1_cold_start
  │ Positions: 788 | Opps: found=15 exec=13 skip=2
  │ Vectors: preemptive_liquidation=13, new_protocol=2, undercollateralized_pool=507
  │ Gas: 0.0491 gwei | Engine: RUNNING
  └──────────────────────────────────────────────────────────┘

  🔧 ADAPTIVE: No new profits in 300s
     min_profit: $0.01 → $0.01
     min_confidence: 0.01 → 0.01
     Positions tracked: 788

  📊 HEALTH FACTOR DISTRIBUTION (sampled 30 of 788):
           <1.0:   0 
       1.0-1.05:   0 
      1.05-1.10:   0 
      1.10-1.20:   2 ██
      1.20-1.50:   3 ███
          >1.50:  25 █████████████████████████
          error:   0 
     Closest to liquidation: HF=1.1538 debt=$158,668 (0xb6d8214f...)

  📊 [phase_1_cold_start] 2.03h | P&L: $0.00 | Rate: $0.00/hr | TXs: 13 | Cap: $0.00 | Mult: inactive
   📇 Chain 137: +1 borrowers from 51 events (total tracked: 789)
   ⏱️  Scan #169 | Positions: 789 | Watchlist: 297 | Opps found: 15 | ETH gas: 0.0450 gwei | Vectors: 3/6 active
   📡 [RPC Gateway] reqs=0 rps=0.0 batched=0 failovers=0 429s=0
   ⚡ [ZRP] positions=790 checks=2550 fired=0 confirmed=0 reverted=0 profit=$0.00 gas=$0.0000
      Index: ETH/USD:790

  ┌─ STATUS [2:02:32] ─────────────────────────────────────────┐
  │ Profits: 0/5 | Total P&L: $0.00 | Phase: phase_1_cold_start
  │ Positions: 789 | Opps: found=15 exec=13 skip=2
  │ Vectors: preemptive_liquidation=13, new_protocol=2, undercollateralized_pool=510
  │ Gas: 0.0450 gwei | Engine: RUNNING
  └──────────────────────────────────────────────────────────┘
   ⏱️  Scan #170 | Positions: 789 | Watchlist: 297 | Opps found: 15 | ETH gas: 0.0399 gwei | Vectors: 3/6 active

  📊 [phase_1_cold_start] 2.06h | P&L: $0.00 | Rate: $0.00/hr | TXs: 13 | Cap: $0.00 | Mult: inactive

  ┌─ STATUS [2:03:30] ─────────────────────────────────────────┐
  │ Profits: 0/5 | Total P&L: $0.00 | Phase: phase_1_cold_start
  │ Positions: 789 | Opps: found=15 exec=13 skip=2
  │ Vectors: preemptive_liquidation=13, new_protocol=2, undercollateralized_pool=513
  │ Gas: 0.0400 gwei | Engine: RUNNING
  └──────────────────────────────────────────────────────────┘
   ⏱️  Scan #171 | Positions: 789 | Watchlist: 297 | Opps found: 15 | ETH gas: 0.0400 gwei | Vectors: 3/6 active
   ⏱️  Scan #172 | Positions: 789 | Watchlist: 297 | Opps found: 15 | ETH gas: 0.0461 gwei | Vectors: 3/6 active

  ┌─ STATUS [2:04:15] ─────────────────────────────────────────┐
  │ Profits: 0/5 | Total P&L: $0.00 | Phase: phase_1_cold_start
  │ Positions: 789 | Opps: found=15 exec=13 skip=2
  │ Vectors: preemptive_liquidation=13, new_protocol=2, undercollateralized_pool=519
  │ Gas: 0.0461 gwei | Engine: RUNNING
  └──────────────────────────────────────────────────────────┘
   📡 [RPC Gateway] reqs=0 rps=0.0 batched=0 failovers=0 429s=0
   ⚡ [ZRP] positions=791 checks=2610 fired=0 confirmed=0 reverted=0 profit=$0.00 gas=$0.0000
      Index: ETH/USD:791

  📊 [phase_1_cold_start] 2.08h | P&L: $0.00 | Rate: $0.00/hr | TXs: 13 | Cap: $0.00 | Mult: inactive
   ⏱️  Scan #173 | Positions: 789 | Watchlist: 297 | Opps found: 15 | ETH gas: 0.0429 gwei | Vectors: 3/6 active

  ┌─ STATUS [2:05:26] ─────────────────────────────────────────┐
  │ Profits: 0/5 | Total P&L: $0.00 | Phase: phase_1_cold_start
  │ Positions: 789 | Opps: found=15 exec=13 skip=2
  │ Vectors: preemptive_liquidation=13, new_protocol=2, undercollateralized_pool=522
  │ Gas: 0.0429 gwei | Engine: RUNNING
  └──────────────────────────────────────────────────────────┘
   ⏱️  Scan #174 | Positions: 789 | Watchlist: 297 | Opps found: 15 | ETH gas: 0.0362 gwei | Vectors: 3/6 active
   ⏱️  Scan #175 | Positions: 789 | Watchlist: 297 | Opps found: 15 | ETH gas: 0.0468 gwei | Vectors: 3/6 active

  ┌─ STATUS [2:06:20] ─────────────────────────────────────────┐
  │ Profits: 0/5 | Total P&L: $0.00 | Phase: phase_1_cold_start
  │ Positions: 789 | Opps: found=15 exec=13 skip=2
  │ Vectors: preemptive_liquidation=13, new_protocol=2, undercollateralized_pool=525
  │ Gas: 0.0468 gwei | Engine: RUNNING
  └──────────────────────────────────────────────────────────┘

  📊 [phase_1_cold_start] 2.11h | P&L: $0.00 | Rate: $0.00/hr | TXs: 13 | Cap: $0.00 | Mult: inactive
   ⏱️  Scan #176 | Positions: 789 | Watchlist: 296 | Opps found: 15 | ETH gas: 0.0429 gwei | Vectors: 3/6 active
   📡 [RPC Gateway] reqs=0 rps=0.0 batched=0 failovers=0 429s=0
   ⚡ [ZRP] positions=791 checks=2655 fired=0 confirmed=0 reverted=0 profit=$0.00 gas=$0.0000
      Index: ETH/USD:791

  🔧 ADAPTIVE: No new profits in 300s
     min_profit: $0.01 → $0.01
     min_confidence: 0.01 → 0.01
     Positions tracked: 789

  📊 HEALTH FACTOR DISTRIBUTION (sampled 30 of 789):
           <1.0:   0 
       1.0-1.05:   0 
      1.05-1.10:   0 
      1.10-1.20:   2 ██
      1.20-1.50:   3 ███
          >1.50:  25 █████████████████████████
          error:   0 
     Closest to liquidation: HF=1.1537 debt=$158,673 (0xb6d8214f...)

  ┌─ STATUS [2:07:07] ─────────────────────────────────────────┐
  │ Profits: 0/5 | Total P&L: $0.00 | Phase: phase_1_cold_start
  │ Positions: 789 | Opps: found=15 exec=13 skip=2
  │ Vectors: preemptive_liquidation=13, new_protocol=2, undercollateralized_pool=531
  │ Gas: 0.0429 gwei | Engine: RUNNING
  └──────────────────────────────────────────────────────────┘
   ⏱️  Scan #177 | Positions: 789 | Watchlist: 296 | Opps found: 15 | ETH gas: 0.0506 gwei | Vectors: 3/6 active

  📊 [phase_1_cold_start] 2.13h | P&L: $0.00 | Rate: $0.00/hr | TXs: 13 | Cap: $0.00 | Mult: inactive
   📇 Chain 1: +1 borrowers from 2255 events (total tracked: 790)

  ┌─ STATUS [2:08:16] ─────────────────────────────────────────┐
  │ Profits: 0/5 | Total P&L: $0.00 | Phase: phase_1_cold_start
  │ Positions: 790 | Opps: found=15 exec=13 skip=2
  │ Vectors: preemptive_liquidation=13, new_protocol=2, undercollateralized_pool=534
  │ Gas: 0.0506 gwei | Engine: RUNNING
  └──────────────────────────────────────────────────────────┘
   📝 Queued execution 753fe3ef... (priority 8)
   🎯 [preemptive_liquidation] chain=1 profit=$104.15 conf=5% pri=8
   ⏱️  Scan #178 | Positions: 790 | Watchlist: 296 | Opps found: 16 | ETH gas: 0.0572 gwei | Vectors: 3/6 active
   ❌ EXEC FAILED chain=1 user=?... reason=Unknown format '', attempted to normalize to '0x'
   ✅ Execution 753fe3ef... completed: failed
   ⏱️  Scan #179 | Positions: 790 | Watchlist: 296 | Opps found: 16 | ETH gas: 0.0540 gwei | Vectors: 3/6 active

  ┌─ STATUS [2:09:10] ─────────────────────────────────────────┐
  │ Profits: 0/5 | Total P&L: $0.00 | Phase: phase_1_cold_start
  │ Positions: 790 | Opps: found=16 exec=14 skip=2
  │ Vectors: preemptive_liquidation=14, new_protocol=2, undercollateralized_pool=540
  │ Gas: 0.0540 gwei | Engine: RUNNING
  └──────────────────────────────────────────────────────────┘

  📊 [phase_1_cold_start] 2.15h | P&L: $0.00 | Rate: $0.00/hr | TXs: 14 | Cap: $0.00 | Mult: inactive
   ⚡ [ZRP] positions=792 checks=2715 fired=0 confirmed=0 reverted=0 profit=$0.00 gas=$0.0000
      Index: ETH/USD:792
   📡 [RPC Gateway] reqs=0 rps=0.0 batched=0 failovers=0 429s=0
   ⏱️  Scan #180 | Positions: 790 | Watchlist: 296 | Opps found: 16 | ETH gas: 0.0484 gwei | Vectors: 3/6 active

  ┌─ STATUS [2:09:52] ─────────────────────────────────────────┐
  │ Profits: 0/5 | Total P&L: $0.00 | Phase: phase_1_cold_start
  │ Positions: 790 | Opps: found=16 exec=14 skip=2
  │ Vectors: preemptive_liquidation=14, new_protocol=2, undercollateralized_pool=543
  │ Gas: 0.0484 gwei | Engine: RUNNING
  └──────────────────────────────────────────────────────────┘
   ⏱️  Scan #181 | Positions: 790 | Watchlist: 296 | Opps found: 16 | ETH gas: 0.0417 gwei | Vectors: 3/6 active
   ⚠️ SELF-HEAL: No new opportunities in 10 minutes — relaxing thresholds

  📊 [phase_1_cold_start] 2.18h | P&L: $0.00 | Rate: $0.00/hr | TXs: 14 | Cap: $0.00 | Mult: inactive
   📇 Chain 1: +1 borrowers from 2256 events (total tracked: 791)

  ┌─ STATUS [2:11:00] ─────────────────────────────────────────┐
  │ Profits: 0/5 | Total P&L: $0.00 | Phase: phase_1_cold_start
  │ Positions: 791 | Opps: found=16 exec=14 skip=2
  │ Vectors: preemptive_liquidation=14, new_protocol=2, undercollateralized_pool=546
  │ Gas: 0.0417 gwei | Engine: RUNNING
  └──────────────────────────────────────────────────────────┘
   ⏱️  Scan #182 | Positions: 791 | Watchlist: 296 | Opps found: 16 | ETH gas: 0.0391 gwei | Vectors: 3/6 active
   ⏱️  Scan #183 | Positions: 791 | Watchlist: 296 | Opps found: 16 | ETH gas: 0.0457 gwei | Vectors: 3/6 active

  ┌─ STATUS [2:11:51] ─────────────────────────────────────────┐
  │ Profits: 0/5 | Total P&L: $0.00 | Phase: phase_1_cold_start
  │ Positions: 791 | Opps: found=16 exec=14 skip=2
  │ Vectors: preemptive_liquidation=14, new_protocol=2, undercollateralized_pool=552
  │ Gas: 0.0457 gwei | Engine: RUNNING
  └──────────────────────────────────────────────────────────┘

  📊 [phase_1_cold_start] 2.20h | P&L: $0.00 | Rate: $0.00/hr | TXs: 14 | Cap: $0.00 | Mult: inactive
   ⚡ [ZRP] positions=793 checks=2760 fired=0 confirmed=0 reverted=0 profit=$0.00 gas=$0.0000
      Index: ETH/USD:793
   📡 [RPC Gateway] reqs=0 rps=0.0 batched=0 failovers=0 429s=0
   ⏱️  Scan #184 | Positions: 791 | Watchlist: 296 | Opps found: 16 | ETH gas: 0.0419 gwei | Vectors: 3/6 active

  🔧 ADAPTIVE: No new profits in 300s
     min_profit: $0.01 → $0.01
     min_confidence: 0.01 → 0.01
     Positions tracked: 791

  📊 HEALTH FACTOR DISTRIBUTION (sampled 30 of 791):
           <1.0:   0 
       1.0-1.05:   0 
      1.05-1.10:   0 
      1.10-1.20:   2 ██
      1.20-1.50:   3 ███
          >1.50:  25 █████████████████████████
          error:   0 
     Closest to liquidation: HF=1.1537 debt=$158,673 (0xb6d8214f...)

  ┌─ STATUS [2:12:35] ─────────────────────────────────────────┐
  │ Profits: 0/5 | Total P&L: $0.00 | Phase: phase_1_cold_start
  │ Positions: 791 | Opps: found=16 exec=14 skip=2
  │ Vectors: preemptive_liquidation=14, new_protocol=2, undercollateralized_pool=555
  │ Gas: 0.0419 gwei | Engine: RUNNING
  └──────────────────────────────────────────────────────────┘
   ⏱️  Scan #185 | Positions: 791 | Watchlist: 296 | Opps found: 16 | ETH gas: 0.0403 gwei | Vectors: 3/6 active

  📊 [phase_1_cold_start] 2.22h | P&L: $0.00 | Rate: $0.00/hr | TXs: 14 | Cap: $0.00 | Mult: inactive

  ┌─ STATUS [2:13:42] ─────────────────────────────────────────┐
  │ Profits: 0/5 | Total P&L: $0.00 | Phase: phase_1_cold_start
  │ Positions: 791 | Opps: found=16 exec=14 skip=2
  │ Vectors: preemptive_liquidation=14, new_protocol=2, undercollateralized_pool=558
  │ Gas: 0.0403 gwei | Engine: RUNNING
  └──────────────────────────────────────────────────────────┘
   ⏱️  Scan #186 | Positions: 791 | Watchlist: 296 | Opps found: 16 | ETH gas: 0.0437 gwei | Vectors: 3/6 active
   📡 [RPC Gateway] reqs=0 rps=0.0 batched=0 failovers=0 429s=0
   ⚡ [ZRP] positions=793 checks=2820 fired=0 confirmed=0 reverted=0 profit=$0.00 gas=$0.0000
      Index: ETH/USD:793
   ⏱️  Scan #187 | Positions: 791 | Watchlist: 296 | Opps found: 16 | ETH gas: 0.0463 gwei | Vectors: 3/6 active

  ┌─ STATUS [2:14:32] ─────────────────────────────────────────┐
  │ Profits: 0/5 | Total P&L: $0.00 | Phase: phase_1_cold_start
  │ Positions: 791 | Opps: found=16 exec=14 skip=2
  │ Vectors: preemptive_liquidation=14, new_protocol=2, undercollateralized_pool=564
  │ Gas: 0.0463 gwei | Engine: RUNNING
  └──────────────────────────────────────────────────────────┘

  📊 [phase_1_cold_start] 2.24h | P&L: $0.00 | Rate: $0.00/hr | TXs: 14 | Cap: $0.00 | Mult: inactive
   📇 Chain 1: +2 borrowers from 2271 events (total tracked: 793)
   ⏱️  Scan #188 | Positions: 793 | Watchlist: 296 | Opps found: 16 | ETH gas: 0.0597 gwei | Vectors: 3/6 active

  ┌─ STATUS [2:15:12] ─────────────────────────────────────────┐
  │ Profits: 0/5 | Total P&L: $0.00 | Phase: phase_1_cold_start
  │ Positions: 793 | Opps: found=16 exec=14 skip=2
  │ Vectors: preemptive_liquidation=14, new_protocol=2, undercollateralized_pool=567
  │ Gas: 0.0597 gwei | Engine: RUNNING
  └──────────────────────────────────────────────────────────┘
   ⏱️  Scan #189 | Positions: 793 | Watchlist: 296 | Opps found: 16 | ETH gas: 0.0593 gwei | Vectors: 3/6 active

  📊 [phase_1_cold_start] 2.26h | P&L: $0.00 | Rate: $0.00/hr | TXs: 14 | Cap: $0.00 | Mult: inactive

  ┌─ STATUS [2:16:19] ─────────────────────────────────────────┐
  │ Profits: 0/5 | Total P&L: $0.00 | Phase: phase_1_cold_start
  │ Positions: 793 | Opps: found=16 exec=14 skip=2
  │ Vectors: preemptive_liquidation=14, new_protocol=2, undercollateralized_pool=570
  │ Gas: 0.0593 gwei | Engine: RUNNING
  └──────────────────────────────────────────────────────────┘
   ⏱️  Scan #190 | Positions: 793 | Watchlist: 296 | Opps found: 16 | ETH gas: 0.0531 gwei | Vectors: 3/6 active
   ⚡ [ZRP] positions=795 checks=2865 fired=0 confirmed=0 reverted=0 profit=$0.00 gas=$0.0000
      Index: ETH/USD:795
   📡 [RPC Gateway] reqs=0 rps=0.0 batched=0 failovers=0 429s=0
   👁️  WATCHLIST +1: HF=1.0224 debt=$60,541,973 chain=1 (0x0591926d5d...)
   👁️  WATCHLIST +1: HF=1.1040 debt=$425 chain=1 (0x1c5daa0e35...)
   ⏱️  Scan #191 | Positions: 793 | Watchlist: 299 | Opps found: 16 | ETH gas: 0.0555 gwei | Vectors: 3/6 active

  ┌─ STATUS [2:17:04] ─────────────────────────────────────────┐
  │ Profits: 0/5 | Total P&L: $0.00 | Phase: phase_1_cold_start
  │ Positions: 793 | Opps: found=16 exec=14 skip=2
  │ Vectors: preemptive_liquidation=14, new_protocol=2, undercollateralized_pool=576
  │ Gas: 0.0555 gwei | Engine: RUNNING
  └──────────────────────────────────────────────────────────┘

  📊 [phase_1_cold_start] 2.28h | P&L: $0.00 | Rate: $0.00/hr | TXs: 14 | Cap: $0.00 | Mult: inactive
   📇 Chain 1: +2 borrowers from 2270 events (total tracked: 795)
   ⏱️  Scan #192 | Positions: 795 | Watchlist: 299 | Opps found: 16 | ETH gas: 0.0523 gwei | Vectors: 3/6 active

  ┌─ STATUS [2:17:44] ─────────────────────────────────────────┐
  │ Profits: 0/5 | Total P&L: $0.00 | Phase: phase_1_cold_start
  │ Positions: 795 | Opps: found=16 exec=14 skip=2
  │ Vectors: preemptive_liquidation=14, new_protocol=2, undercollateralized_pool=579
  │ Gas: 0.0523 gwei | Engine: RUNNING
  └──────────────────────────────────────────────────────────┘

  🔧 ADAPTIVE: No new profits in 300s
     min_profit: $0.01 → $0.01
     min_confidence: 0.01 → 0.01
     Positions tracked: 795

  📊 HEALTH FACTOR DISTRIBUTION (sampled 30 of 795):
           <1.0:   0 
       1.0-1.05:   0 
      1.05-1.10:   0 
      1.10-1.20:   2 ██
      1.20-1.50:   3 ███
          >1.50:  25 █████████████████████████
          error:   0 
     Closest to liquidation: HF=1.1537 debt=$158,119 (0xb6d8214f...)
   ⏱️  Scan #193 | Positions: 795 | Watchlist: 299 | Opps found: 16 | ETH gas: 0.0526 gwei | Vectors: 3/6 active

  📊 [phase_1_cold_start] 2.31h | P&L: $0.00 | Rate: $0.00/hr | TXs: 14 | Cap: $0.00 | Mult: inactive

  ┌─ STATUS [2:18:25] ─────────────────────────────────────────┐
  │ Profits: 0/5 | Total P&L: $0.00 | Phase: phase_1_cold_start
  │ Positions: 795 | Opps: found=16 exec=14 skip=2
  │ Vectors: preemptive_liquidation=14, new_protocol=2, undercollateralized_pool=582
  │ Gas: 0.0526 gwei | Engine: RUNNING
  └──────────────────────────────────────────────────────────┘
   ⏱️  Scan #194 | Positions: 795 | Watchlist: 299 | Opps found: 16 | ETH gas: 0.0507 gwei | Vectors: 3/6 active

  ┌─ STATUS [2:19:42] ─────────────────────────────────────────┐
  │ Profits: 0/5 | Total P&L: $0.00 | Phase: phase_1_cold_start
  │ Positions: 795 | Opps: found=16 exec=14 skip=2
  │ Vectors: preemptive_liquidation=14, new_protocol=2, undercollateralized_pool=585
  │ Gas: 0.0507 gwei | Engine: RUNNING
  └──────────────────────────────────────────────────────────┘
   ⚡ [ZRP] positions=797 checks=2925 fired=0 confirmed=0 reverted=0 profit=$0.00 gas=$0.0000
      Index: ETH/USD:797
   📡 [RPC Gateway] reqs=0 rps=0.0 batched=0 failovers=0 429s=0

  📊 [phase_1_cold_start] 2.33h | P&L: $0.00 | Rate: $0.00/hr | TXs: 14 | Cap: $0.00 | Mult: inactive
   📇 Chain 1: +1 borrowers from 2266 events (total tracked: 796)
   ⏱️  Scan #195 | Positions: 796 | Watchlist: 299 | Opps found: 16 | ETH gas: 0.0481 gwei | Vectors: 3/6 active

  ┌─ STATUS [2:20:52] ─────────────────────────────────────────┐
  │ Profits: 0/5 | Total P&L: $0.00 | Phase: phase_1_cold_start
  │ Positions: 796 | Opps: found=16 exec=14 skip=2
  │ Vectors: preemptive_liquidation=14, new_protocol=2, undercollateralized_pool=588
  │ Gas: 0.0481 gwei | Engine: RUNNING
  └──────────────────────────────────────────────────────────┘
   ⏱️  Scan #196 | Positions: 796 | Watchlist: 298 | Opps found: 16 | ETH gas: 0.0522 gwei | Vectors: 3/6 active
   ⚠️ SELF-HEAL: No new opportunities in 10 minutes — relaxing thresholds

  📊 [phase_1_cold_start] 2.36h | P&L: $0.00 | Rate: $0.00/hr | TXs: 14 | Cap: $0.00 | Mult: inactive
   ⏱️  Scan #197 | Positions: 796 | Watchlist: 297 | Opps found: 16 | ETH gas: 0.0488 gwei | Vectors: 3/6 active

  ┌─ STATUS [2:21:47] ─────────────────────────────────────────┐
  │ Profits: 0/5 | Total P&L: $0.00 | Phase: phase_1_cold_start
  │ Positions: 796 | Opps: found=16 exec=14 skip=2
  │ Vectors: preemptive_liquidation=14, new_protocol=2, undercollateralized_pool=594
  │ Gas: 0.0488 gwei | Engine: RUNNING
  └──────────────────────────────────────────────────────────┘
   ⚡ [ZRP] positions=798 checks=2985 fired=0 confirmed=0 reverted=0 profit=$0.00 gas=$0.0000
      Index: ETH/USD:798
   📡 [RPC Gateway] reqs=0 rps=0.0 batched=0 failovers=0 429s=0
   ⏱️  Scan #198 | Positions: 796 | Watchlist: 297 | Opps found: 16 | ETH gas: 0.0440 gwei | Vectors: 3/6 active

  ┌─ STATUS [2:23:01] ─────────────────────────────────────────┐
  │ Profits: 0/5 | Total P&L: $0.00 | Phase: phase_1_cold_start
  │ Positions: 796 | Opps: found=16 exec=14 skip=2
  │ Vectors: preemptive_liquidation=14, new_protocol=2, undercollateralized_pool=597
  │ Gas: 0.0440 gwei | Engine: RUNNING
  └──────────────────────────────────────────────────────────┘

  📊 [phase_1_cold_start] 2.39h | P&L: $0.00 | Rate: $0.00/hr | TXs: 14 | Cap: $0.00 | Mult: inactive

  🔧 ADAPTIVE: No new profits in 300s
     min_profit: $0.01 → $0.01
     min_confidence: 0.01 → 0.01
     Positions tracked: 796

  📊 HEALTH FACTOR DISTRIBUTION (sampled 30 of 796):
           <1.0:   0 
       1.0-1.05:   0 
      1.05-1.10:   0 
      1.10-1.20:   2 ██
      1.20-1.50:   3 ███
          >1.50:  25 █████████████████████████
          error:   0 
     Closest to liquidation: HF=1.1537 debt=$158,119 (0xb6d8214f...)
   ⏱️  Scan #199 | Positions: 796 | Watchlist: 297 | Opps found: 16 | ETH gas: 0.0413 gwei | Vectors: 3/6 active

  ┌─ STATUS [2:24:12] ─────────────────────────────────────────┐
  │ Profits: 0/5 | Total P&L: $0.00 | Phase: phase_1_cold_start
  │ Positions: 796 | Opps: found=16 exec=14 skip=2
  │ Vectors: preemptive_liquidation=14, new_protocol=2, undercollateralized_pool=600
  │ Gas: 0.0413 gwei | Engine: RUNNING
  └──────────────────────────────────────────────────────────┘
   ⏱️  Scan #200 | Positions: 796 | Watchlist: 297 | Opps found: 16 | ETH gas: 0.0424 gwei | Vectors: 3/6 active
   ⚡ [ZRP] positions=798 checks=3030 fired=0 confirmed=0 reverted=0 profit=$0.00 gas=$0.0000
      Index: ETH/USD:798
   📡 [RPC Gateway] reqs=0 rps=0.0 batched=0 failovers=0 429s=0

  📊 [phase_1_cold_start] 2.42h | P&L: $0.00 | Rate: $0.00/hr | TXs: 14 | Cap: $0.00 | Mult: inactive
   ⏱️  Scan #201 | Positions: 796 | Watchlist: 297 | Opps found: 16 | ETH gas: 0.0386 gwei | Vectors: 3/6 active

  ┌─ STATUS [2:25:06] ─────────────────────────────────────────┐
  │ Profits: 0/5 | Total P&L: $0.00 | Phase: phase_1_cold_start
  │ Positions: 796 | Opps: found=16 exec=14 skip=2
  │ Vectors: preemptive_liquidation=14, new_protocol=2, undercollateralized_pool=606
  │ Gas: 0.0386 gwei | Engine: RUNNING
  └──────────────────────────────────────────────────────────┘
   📝 Queued execution d1036db4... (priority 8)
   🎯 [preemptive_liquidation] chain=1 profit=$108.21 conf=6% pri=8
   📝 Queued execution ab60f46a... (priority 8)
   🎯 [preemptive_liquidation] chain=1 profit=$113.14 conf=6% pri=8
   ⏱️  Scan #202 | Positions: 796 | Watchlist: 297 | Opps found: 18 | ETH gas: 0.0460 gwei | Vectors: 3/6 active

  ┌─ STATUS [2:26:20] ─────────────────────────────────────────┐
  │ Profits: 0/5 | Total P&L: $0.00 | Phase: phase_1_cold_start
  │ Positions: 796 | Opps: found=18 exec=16 skip=2
  │ Vectors: preemptive_liquidation=16, new_protocol=2, undercollateralized_pool=609
  │ Gas: 0.0460 gwei | Engine: RUNNING
  └──────────────────────────────────────────────────────────┘
   ❌ EXEC FAILED chain=1 user=?... reason=Unknown format '', attempted to normalize to '0x'
   ✅ Execution d1036db4... completed: failed
   ❌ EXEC FAILED chain=1 user=?... reason=Unknown format '', attempted to normalize to '0x'
   ✅ Execution ab60f46a... completed: failed

  📊 [phase_1_cold_start] 2.44h | P&L: $0.00 | Rate: $0.00/hr | TXs: 16 | Cap: $0.00 | Mult: inactive
   📇 Chain 137: +2 borrowers from 49 events (total tracked: 798)
   ⏱️  Scan #203 | Positions: 798 | Watchlist: 297 | Opps found: 18 | ETH gas: 0.0535 gwei | Vectors: 3/6 active
   👁️  WATCHLIST +1: HF=1.1860 debt=$1,878 chain=137 (0xb459168bcd...)
   📡 [RPC Gateway] reqs=0 rps=0.0 batched=0 failovers=0 429s=0
   ⚡ [ZRP] positions=798 checks=3075 fired=0 confirmed=0 reverted=0 profit=$0.00 gas=$0.0000
      Index: ETH/USD:798

  ┌─ STATUS [2:27:15] ─────────────────────────────────────────┐
  │ Profits: 0/5 | Total P&L: $0.00 | Phase: phase_1_cold_start
  │ Positions: 798 | Opps: found=18 exec=16 skip=2
  │ Vectors: preemptive_liquidation=16, new_protocol=2, undercollateralized_pool=612
  │ Gas: 0.0535 gwei | Engine: RUNNING
  └──────────────────────────────────────────────────────────┘
   ⏱️  Scan #204 | Positions: 798 | Watchlist: 298 | Opps found: 18 | ETH gas: 0.0612 gwei | Vectors: 3/6 active
   ⏱️  Scan #205 | Positions: 798 | Watchlist: 298 | Opps found: 18 | ETH gas: 0.0615 gwei | Vectors: 3/6 active

  📊 [phase_1_cold_start] 2.47h | P&L: $0.00 | Rate: $0.00/hr | TXs: 16 | Cap: $0.00 | Mult: inactive
   📇 Chain 1: +1 borrowers from 2272 events (total tracked: 799)

  ┌─ STATUS [2:27:59] ─────────────────────────────────────────┐
  │ Profits: 0/5 | Total P&L: $0.00 | Phase: phase_1_cold_start
  │ Positions: 799 | Opps: found=18 exec=16 skip=2
  │ Vectors: preemptive_liquidation=16, new_protocol=2, undercollateralized_pool=618
  │ Gas: 0.0615 gwei | Engine: RUNNING
  └──────────────────────────────────────────────────────────┘
   ⏱️  Scan #206 | Positions: 799 | Watchlist: 298 | Opps found: 18 | ETH gas: 0.0592 gwei | Vectors: 3/6 active

  🔧 ADAPTIVE: No new profits in 300s
     min_profit: $0.01 → $0.01
     min_confidence: 0.01 → 0.01
     Positions tracked: 799

  📊 HEALTH FACTOR DISTRIBUTION (sampled 30 of 799):
           <1.0:   0 
       1.0-1.05:   0 
      1.05-1.10:   0 
      1.10-1.20:   2 ██
      1.20-1.50:   3 ███
          >1.50:  25 █████████████████████████
          error:   0 
     Closest to liquidation: HF=1.1537 debt=$158,119 (0xb6d8214f...)

  ┌─ STATUS [2:29:05] ─────────────────────────────────────────┐
  │ Profits: 0/5 | Total P&L: $0.00 | Phase: phase_1_cold_start
  │ Positions: 799 | Opps: found=18 exec=16 skip=2
  │ Vectors: preemptive_liquidation=16, new_protocol=2, undercollateralized_pool=621
  │ Gas: 0.0592 gwei | Engine: RUNNING
  └──────────────────────────────────────────────────────────┘
   👁️  WATCHLIST +1: HF=1.0336 debt=$1,600 chain=1 (0x1e6153fce0...)
   ⏱️  Scan #207 | Positions: 799 | Watchlist: 300 | Opps found: 18 | ETH gas: 0.0581 gwei | Vectors: 3/6 active

  📊 [phase_1_cold_start] 2.49h | P&L: $0.00 | Rate: $0.00/hr | TXs: 16 | Cap: $0.00 | Mult: inactive
   ⚡ [ZRP] positions=801 checks=3135 fired=0 confirmed=0 reverted=0 profit=$0.00 gas=$0.0000
      Index: ETH/USD:801
   📡 [RPC Gateway] reqs=0 rps=0.0 batched=0 failovers=0 429s=0
   ⏱️  Scan #208 | Positions: 799 | Watchlist: 300 | Opps found: 18 | ETH gas: 0.0569 gwei | Vectors: 3/6 active

  ┌─ STATUS [2:29:54] ─────────────────────────────────────────┐
  │ Profits: 0/5 | Total P&L: $0.00 | Phase: phase_1_cold_start
  │ Positions: 799 | Opps: found=18 exec=16 skip=2
  │ Vectors: preemptive_liquidation=16, new_protocol=2, undercollateralized_pool=627
  │ Gas: 0.0569 gwei | Engine: RUNNING
  └──────────────────────────────────────────────────────────┘
   ⏱️  Scan #209 | Positions: 799 | Watchlist: 301 | Opps found: 18 | ETH gas: 0.0525 gwei | Vectors: 3/6 active

  📊 [phase_1_cold_start] 2.51h | P&L: $0.00 | Rate: $0.00/hr | TXs: 16 | Cap: $0.00 | Mult: inactive

  ┌─ STATUS [2:31:02] ─────────────────────────────────────────┐
  │ Profits: 0/5 | Total P&L: $0.00 | Phase: phase_1_cold_start
  │ Positions: 799 | Opps: found=18 exec=16 skip=2
  │ Vectors: preemptive_liquidation=16, new_protocol=2, undercollateralized_pool=630
  │ Gas: 0.0525 gwei | Engine: RUNNING
  └──────────────────────────────────────────────────────────┘
   ⏱️  Scan #210 | Positions: 799 | Watchlist: 301 | Opps found: 18 | ETH gas: 0.0540 gwei | Vectors: 3/6 active
   ⏱️  Scan #211 | Positions: 799 | Watchlist: 300 | Opps found: 18 | ETH gas: 0.0575 gwei | Vectors: 3/6 active

  ┌─ STATUS [2:31:52] ─────────────────────────────────────────┐
  │ Profits: 0/5 | Total P&L: $0.00 | Phase: phase_1_cold_start
  │ Positions: 799 | Opps: found=18 exec=16 skip=2
  │ Vectors: preemptive_liquidation=16, new_protocol=2, undercollateralized_pool=636
  │ Gas: 0.0575 gwei | Engine: RUNNING
  └──────────────────────────────────────────────────────────┘

  📊 [phase_1_cold_start] 2.53h | P&L: $0.00 | Rate: $0.00/hr | TXs: 16 | Cap: $0.00 | Mult: inactive
   ⚠️ SELF-HEAL: No new opportunities in 10 minutes — relaxing thresholds
   ⚡ [ZRP] positions=801 checks=3195 fired=0 confirmed=0 reverted=0 profit=$0.00 gas=$0.0000
      Index: ETH/USD:801
   📡 [RPC Gateway] reqs=0 rps=0.0 batched=0 failovers=0 429s=0
   ⏱️  Scan #212 | Positions: 799 | Watchlist: 301 | Opps found: 18 | ETH gas: 0.0519 gwei | Vectors: 3/6 active

  ┌─ STATUS [2:32:34] ─────────────────────────────────────────┐
  │ Profits: 0/5 | Total P&L: $0.00 | Phase: phase_1_cold_start
  │ Positions: 799 | Opps: found=18 exec=16 skip=2
  │ Vectors: preemptive_liquidation=16, new_protocol=2, undercollateralized_pool=639
  │ Gas: 0.0519 gwei | Engine: RUNNING
  └──────────────────────────────────────────────────────────┘
   ⏱️  Scan #213 | Positions: 799 | Watchlist: 302 | Opps found: 18 | ETH gas: 0.0560 gwei | Vectors: 3/6 active

  📊 [phase_1_cold_start] 2.55h | P&L: $0.00 | Rate: $0.00/hr | TXs: 16 | Cap: $0.00 | Mult: inactive

  ┌─ STATUS [2:33:17] ─────────────────────────────────────────┐
  │ Profits: 0/5 | Total P&L: $0.00 | Phase: phase_1_cold_start
  │ Positions: 799 | Opps: found=18 exec=16 skip=2
  │ Vectors: preemptive_liquidation=16, new_protocol=2, undercollateralized_pool=642
  │ Gas: 0.0560 gwei | Engine: RUNNING
  └──────────────────────────────────────────────────────────┘
   ⏱️  Scan #214 | Positions: 799 | Watchlist: 304 | Opps found: 18 | ETH gas: 0.0542 gwei | Vectors: 3/6 active

  🔧 ADAPTIVE: No new profits in 300s
     min_profit: $0.01 → $0.01
     min_confidence: 0.01 → 0.01
     Positions tracked: 799

  📊 HEALTH FACTOR DISTRIBUTION (sampled 30 of 799):
           <1.0:   0 
       1.0-1.05:   0 
      1.05-1.10:   0 
      1.10-1.20:   2 ██
      1.20-1.50:   3 ███
          >1.50:  25 █████████████████████████
          error:   0 
     Closest to liquidation: HF=1.1537 debt=$158,119 (0xb6d8214f...)

  ┌─ STATUS [2:34:26] ─────────────────────────────────────────┐
  │ Profits: 0/5 | Total P&L: $0.00 | Phase: phase_1_cold_start
  │ Positions: 799 | Opps: found=18 exec=16 skip=2
  │ Vectors: preemptive_liquidation=16, new_protocol=2, undercollateralized_pool=645
  │ Gas: 0.0542 gwei | Engine: RUNNING
  └──────────────────────────────────────────────────────────┘
   ⏱️  Scan #215 | Positions: 799 | Watchlist: 304 | Opps found: 18 | ETH gas: 0.0519 gwei | Vectors: 3/6 active

  📊 [phase_1_cold_start] 2.58h | P&L: $0.00 | Rate: $0.00/hr | TXs: 16 | Cap: $0.00 | Mult: inactive
   📡 [RPC Gateway] reqs=0 rps=0.0 batched=0 failovers=0 429s=0
   ⚡ [ZRP] positions=801 checks=3240 fired=0 confirmed=0 reverted=0 profit=$0.00 gas=$0.0000
      Index: ETH/USD:801
   ⏱️  Scan #216 | Positions: 799 | Watchlist: 304 | Opps found: 18 | ETH gas: 0.0510 gwei | Vectors: 3/6 active

  ┌─ STATUS [2:35:22] ─────────────────────────────────────────┐
  │ Profits: 0/5 | Total P&L: $0.00 | Phase: phase_1_cold_start
  │ Positions: 799 | Opps: found=18 exec=16 skip=2
  │ Vectors: preemptive_liquidation=16, new_protocol=2, undercollateralized_pool=651
  │ Gas: 0.0510 gwei | Engine: RUNNING
  └──────────────────────────────────────────────────────────┘
   ⏱️  Scan #217 | Positions: 799 | Watchlist: 304 | Opps found: 18 | ETH gas: 0.0511 gwei | Vectors: 3/6 active

  📊 [phase_1_cold_start] 2.60h | P&L: $0.00 | Rate: $0.00/hr | TXs: 16 | Cap: $0.00 | Mult: inactive
   📇 Chain 1: +1 borrowers from 2266 events (total tracked: 800)

  ┌─ STATUS [2:36:05] ─────────────────────────────────────────┐
  │ Profits: 0/5 | Total P&L: $0.00 | Phase: phase_1_cold_start
  │ Positions: 800 | Opps: found=18 exec=16 skip=2
  │ Vectors: preemptive_liquidation=16, new_protocol=2, undercollateralized_pool=654
  │ Gas: 0.0511 gwei | Engine: RUNNING
  └──────────────────────────────────────────────────────────┘
   ⏱️  Scan #218 | Positions: 800 | Watchlist: 304 | Opps found: 18 | ETH gas: 0.0500 gwei | Vectors: 3/6 active

  ┌─ STATUS [2:36:47] ─────────────────────────────────────────┐
  │ Profits: 0/5 | Total P&L: $0.00 | Phase: phase_1_cold_start
  │ Positions: 800 | Opps: found=18 exec=16 skip=2
  │ Vectors: preemptive_liquidation=16, new_protocol=2, undercollateralized_pool=657
  │ Gas: 0.0500 gwei | Engine: RUNNING
  └──────────────────────────────────────────────────────────┘
   📡 [RPC Gateway] reqs=0 rps=0.0 batched=0 failovers=0 429s=0
   ⚡ [ZRP] positions=801 checks=3300 fired=0 confirmed=0 reverted=0 profit=$0.00 gas=$0.0000
      Index: ETH/USD:801
   ⏱️  Scan #219 | Positions: 800 | Watchlist: 304 | Opps found: 18 | ETH gas: 0.0471 gwei | Vectors: 3/6 active

  📊 [phase_1_cold_start] 2.62h | P&L: $0.00 | Rate: $0.00/hr | TXs: 16 | Cap: $0.00 | Mult: inactive
   📇 Chain 1: +1 borrowers from 2265 events (total tracked: 801)

  ┌─ STATUS [2:37:57] ─────────────────────────────────────────┐
  │ Profits: 0/5 | Total P&L: $0.00 | Phase: phase_1_cold_start
  │ Positions: 801 | Opps: found=18 exec=16 skip=2
  │ Vectors: preemptive_liquidation=16, new_protocol=2, undercollateralized_pool=660
  │ Gas: 0.0471 gwei | Engine: RUNNING
  └──────────────────────────────────────────────────────────┘
   ⏱️  Scan #220 | Positions: 801 | Watchlist: 304 | Opps found: 18 | ETH gas: 0.0520 gwei | Vectors: 3/6 active
   ⏱️  Scan #221 | Positions: 801 | Watchlist: 304 | Opps found: 18 | ETH gas: 0.0499 gwei | Vectors: 3/6 active

  📊 [phase_1_cold_start] 2.65h | P&L: $0.00 | Rate: $0.00/hr | TXs: 16 | Cap: $0.00 | Mult: inactive

  ┌─ STATUS [2:38:53] ─────────────────────────────────────────┐
  │ Profits: 0/5 | Total P&L: $0.00 | Phase: phase_1_cold_start
  │ Positions: 801 | Opps: found=18 exec=16 skip=2
  │ Vectors: preemptive_liquidation=16, new_protocol=2, undercollateralized_pool=666
  │ Gas: 0.0499 gwei | Engine: RUNNING
  └──────────────────────────────────────────────────────────┘
   📇 Chain 1: +1 borrowers from 2267 events (total tracked: 802)

  🔧 ADAPTIVE: No new profits in 300s
     min_profit: $0.01 → $0.01
     min_confidence: 0.01 → 0.01
     Positions tracked: 802

  📊 HEALTH FACTOR DISTRIBUTION (sampled 30 of 802):
           <1.0:   0 
       1.0-1.05:   0 
      1.05-1.10:   0 
      1.10-1.20:   2 ██
      1.20-1.50:   3 ███
          >1.50:  25 █████████████████████████
          error:   0 
     Closest to liquidation: HF=1.1537 debt=$158,119 (0xb6d8214f...)
   ⏱️  Scan #222 | Positions: 802 | Watchlist: 304 | Opps found: 18 | ETH gas: 0.0435 gwei | Vectors: 3/6 active
   ⚡ [ZRP] positions=803 checks=3345 fired=0 confirmed=0 reverted=0 profit=$0.00 gas=$0.0000
      Index: ETH/USD:803
   📡 [RPC Gateway] reqs=0 rps=0.0 batched=0 failovers=0 429s=0

  ┌─ STATUS [2:39:41] ─────────────────────────────────────────┐
  │ Profits: 0/5 | Total P&L: $0.00 | Phase: phase_1_cold_start
  │ Positions: 802 | Opps: found=18 exec=16 skip=2
  │ Vectors: preemptive_liquidation=16, new_protocol=2, undercollateralized_pool=669
  │ Gas: 0.0435 gwei | Engine: RUNNING
  └──────────────────────────────────────────────────────────┘

  📊 [phase_1_cold_start] 2.67h | P&L: $0.00 | Rate: $0.00/hr | TXs: 16 | Cap: $0.00 | Mult: inactive
   ⏱️  Scan #223 | Positions: 802 | Watchlist: 305 | Opps found: 18 | ETH gas: 0.0435 gwei | Vectors: 3/6 active

  ┌─ STATUS [2:40:23] ─────────────────────────────────────────┐
  │ Profits: 0/5 | Total P&L: $0.00 | Phase: phase_1_cold_start
  │ Positions: 802 | Opps: found=18 exec=16 skip=2
  │ Vectors: preemptive_liquidation=16, new_protocol=2, undercollateralized_pool=672
  │ Gas: 0.0435 gwei | Engine: RUNNING
  └──────────────────────────────────────────────────────────┘
   ⏱️  Scan #224 | Positions: 802 | Watchlist: 305 | Opps found: 18 | ETH gas: 0.0417 gwei | Vectors: 3/6 active

  ┌─ STATUS [2:41:06] ─────────────────────────────────────────┐
  │ Profits: 0/5 | Total P&L: $0.00 | Phase: phase_1_cold_start
  │ Positions: 802 | Opps: found=18 exec=16 skip=2
  │ Vectors: preemptive_liquidation=16, new_protocol=2, undercollateralized_pool=675
  │ Gas: 0.0417 gwei | Engine: RUNNING
  └──────────────────────────────────────────────────────────┘

  📊 [phase_1_cold_start] 2.70h | P&L: $0.00 | Rate: $0.00/hr | TXs: 16 | Cap: $0.00 | Mult: inactive
   ⏱️  Scan #225 | Positions: 802 | Watchlist: 305 | Opps found: 18 | ETH gas: 0.0441 gwei | Vectors: 3/6 active

  ┌─ STATUS [2:41:52] ─────────────────────────────────────────┐
  │ Profits: 0/5 | Total P&L: $0.00 | Phase: phase_1_cold_start
  │ Positions: 802 | Opps: found=18 exec=16 skip=2
  │ Vectors: preemptive_liquidation=16, new_protocol=2, undercollateralized_pool=678
  │ Gas: 0.0441 gwei | Engine: RUNNING
  └──────────────────────────────────────────────────────────┘
   ⚡ [ZRP] positions=804 checks=3405 fired=0 confirmed=0 reverted=0 profit=$0.00 gas=$0.0000
      Index: ETH/USD:804
   📡 [RPC Gateway] reqs=0 rps=0.0 batched=0 failovers=0 429s=0
   ⏱️  Scan #226 | Positions: 802 | Watchlist: 306 | Opps found: 18 | ETH gas: 0.0407 gwei | Vectors: 3/6 active

  ┌─ STATUS [2:43:03] ─────────────────────────────────────────┐
  │ Profits: 0/5 | Total P&L: $0.00 | Phase: phase_1_cold_start
  │ Positions: 802 | Opps: found=18 exec=16 skip=2
  │ Vectors: preemptive_liquidation=16, new_protocol=2, undercollateralized_pool=681
  │ Gas: 0.0407 gwei | Engine: RUNNING
  └──────────────────────────────────────────────────────────┘
Circuit OPEN: alchemy_1_7883 (5 consecutive failures, recovery in 30.0s)

  📊 [phase_1_cold_start] 2.72h | P&L: $0.00 | Rate: $0.00/hr | TXs: 16 | Cap: $0.00 | Mult: inactive
   ⚠️ SELF-HEAL: No new opportunities in 10 minutes — relaxing thresholds
   ⏱️  Scan #227 | Positions: 802 | Watchlist: 306 | Opps found: 18 | ETH gas: 0.0449 gwei | Vectors: 3/6 active
Circuit OPEN: public_1_6186 (5 consecutive failures, recovery in 30.0s)

  ┌─ STATUS [2:44:05] ─────────────────────────────────────────┐
  │ Profits: 0/5 | Total P&L: $0.00 | Phase: phase_1_cold_start
  │ Positions: 802 | Opps: found=18 exec=16 skip=2
  │ Vectors: preemptive_liquidation=16, new_protocol=2, undercollateralized_pool=684
  │ Gas: 0.0471 gwei | Engine: RUNNING
  └──────────────────────────────────────────────────────────┘
   ⏱️  Scan #228 | Positions: 802 | Watchlist: 306 | Opps found: 18 | ETH gas: 0.0471 gwei | Vectors: 3/6 active
Circuit OPEN: public_1_9801 (5 consecutive failures, recovery in 30.0s)

  📊 [phase_1_cold_start] 2.75h | P&L: $0.00 | Rate: $0.00/hr | TXs: 16 | Cap: $0.00 | Mult: inactive
   ⏱️  Scan #229 | Positions: 802 | Watchlist: 306 | Opps found: 18 | ETH gas: 0.0458 gwei | Vectors: 3/6 active
   📡 [RPC Gateway] reqs=0 rps=0.0 batched=0 failovers=0 429s=0
   ⚡ [ZRP] positions=804 checks=3450 fired=0 confirmed=0 reverted=0 profit=$0.00 gas=$0.0000
      Index: ETH/USD:804

  ┌─ STATUS [2:45:03] ─────────────────────────────────────────┐
  │ Profits: 0/5 | Total P&L: $0.00 | Phase: phase_1_cold_start
  │ Positions: 802 | Opps: found=18 exec=16 skip=2
  │ Vectors: preemptive_liquidation=16, new_protocol=2, undercollateralized_pool=690
  │ Gas: 0.0458 gwei | Engine: RUNNING
  └──────────────────────────────────────────────────────────┘

  🔧 ADAPTIVE: No new profits in 300s
     min_profit: $0.01 → $0.01
     min_confidence: 0.01 → 0.01
     Positions tracked: 802

  📊 HEALTH FACTOR DISTRIBUTION (sampled 30 of 802):
           <1.0:   0 
       1.0-1.05:   0 
      1.05-1.10:   0 
      1.10-1.20:   2 ██
      1.20-1.50:   3 ███
          >1.50:  25 █████████████████████████
          error:   0 
     Closest to liquidation: HF=1.1537 debt=$158,119 (0xb6d8214f...)
Circuit OPEN: public_1_6668 (5 consecutive failures, recovery in 30.0s)
   ⏱️  Scan #230 | Positions: 802 | Watchlist: 306 | Opps found: 18 | ETH gas: 0.0381 gwei | Vectors: 3/6 active

  ┌─ STATUS [2:45:50] ─────────────────────────────────────────┐
  │ Profits: 0/5 | Total P&L: $0.00 | Phase: phase_1_cold_start
  │ Positions: 802 | Opps: found=18 exec=16 skip=2
  │ Vectors: preemptive_liquidation=16, new_protocol=2, undercollateralized_pool=693
  │ Gas: 0.0381 gwei | Engine: RUNNING
  └──────────────────────────────────────────────────────────┘

  📊 [phase_1_cold_start] 2.77h | P&L: $0.00 | Rate: $0.00/hr | TXs: 16 | Cap: $0.00 | Mult: inactive
   ⏱️  Scan #231 | Positions: 802 | Watchlist: 306 | Opps found: 18 | ETH gas: 0.0526 gwei | Vectors: 3/6 active
Circuit OPEN: flashbots_1_9328 (5 consecutive failures, recovery in 30.0s)

  ┌─ STATUS [2:46:47] ─────────────────────────────────────────┐
  │ Profits: 0/5 | Total P&L: $0.00 | Phase: phase_1_cold_start
  │ Positions: 802 | Opps: found=18 exec=16 skip=2
  │ Vectors: preemptive_liquidation=16, new_protocol=2, undercollateralized_pool=696
  │ Gas: 0.0526 gwei | Engine: RUNNING
  └──────────────────────────────────────────────────────────┘
   ⚡ [ZRP] positions=804 checks=3495 fired=0 confirmed=0 reverted=0 profit=$0.00 gas=$0.0000
      Index: ETH/USD:804
   📡 [RPC Gateway] reqs=0 rps=0.0 batched=0 failovers=0 429s=0
Circuit OPEN: alchemy_42161_6649 (5 consecutive failures, recovery in 30.0s)
   ⏱️  Scan #232 | Positions: 802 | Watchlist: 306 | Opps found: 18 | ETH gas: 0.0500 gwei | Vectors: 3/6 active

  ┌─ STATUS [2:47:33] ─────────────────────────────────────────┐
  │ Profits: 0/5 | Total P&L: $0.00 | Phase: phase_1_cold_start
  │ Positions: 802 | Opps: found=18 exec=16 skip=2
  │ Vectors: preemptive_liquidation=16, new_protocol=2, undercollateralized_pool=699
  │ Gas: 0.0500 gwei | Engine: RUNNING
  └──────────────────────────────────────────────────────────┘

  📊 [phase_1_cold_start] 2.80h | P&L: $0.00 | Rate: $0.00/hr | TXs: 16 | Cap: $0.00 | Mult: inactive
Circuit OPEN: public_42161_9877 (5 consecutive failures, recovery in 30.0s)
   ⏱️  Scan #233 | Positions: 802 | Watchlist: 306 | Opps found: 18 | ETH gas: 0.0511 gwei | Vectors: 3/6 active

  ┌─ STATUS [2:48:48] ─────────────────────────────────────────┐
  │ Profits: 0/5 | Total P&L: $0.00 | Phase: phase_1_cold_start
  │ Positions: 802 | Opps: found=18 exec=16 skip=2
  │ Vectors: preemptive_liquidation=16, new_protocol=2, undercollateralized_pool=702
  │ Gas: 0.0511 gwei | Engine: RUNNING
  └──────────────────────────────────────────────────────────┘
Circuit OPEN: public_42161_8112 (5 consecutive failures, recovery in 30.0s)
   📝 Queued execution b953f1c6... (priority 8)
   🎯 [preemptive_liquidation] chain=1 profit=$101.59 conf=5% pri=8
   ⏱️  Scan #234 | Positions: 802 | Watchlist: 306 | Opps found: 19 | ETH gas: 0.0537 gwei | Vectors: 3/6 active

  📊 [phase_1_cold_start] 2.83h | P&L: $0.00 | Rate: $0.00/hr | TXs: 16 | Cap: $0.00 | Mult: inactive
   ❌ EXEC FAILED chain=1 user=?... reason=Unknown format '', attempted to normalize to '0x'
   ✅ Execution b953f1c6... completed: failed
Circuit OPEN: alchemy_10_4817 (5 consecutive failures, recovery in 30.0s)

  ┌─ STATUS [2:49:52] ─────────────────────────────────────────┐
  │ Profits: 0/5 | Total P&L: $0.00 | Phase: phase_1_cold_start
  │ Positions: 802 | Opps: found=19 exec=17 skip=2
  │ Vectors: preemptive_liquidation=17, new_protocol=2, undercollateralized_pool=705
  │ Gas: 0.0531 gwei | Engine: RUNNING
  └──────────────────────────────────────────────────────────┘
   📇 Chain 1: +1 borrowers from 2257 events (total tracked: 803)
   ⏱️  Scan #235 | Positions: 803 | Watchlist: 306 | Opps found: 19 | ETH gas: 0.0531 gwei | Vectors: 3/6 active
   📡 [RPC Gateway] reqs=0 rps=0.0 batched=0 failovers=0 429s=0
   ⚡ [ZRP] positions=804 checks=3540 fired=0 confirmed=0 reverted=0 profit=$0.00 gas=$0.0000
      Index: ETH/USD:804
Circuit OPEN: public_10_4846 (5 consecutive failures, recovery in 30.0s)
   ⏱️  Scan #236 | Positions: 803 | Watchlist: 306 | Opps found: 19 | ETH gas: 0.0450 gwei | Vectors: 3/6 active

  ┌─ STATUS [2:50:41] ─────────────────────────────────────────┐
  │ Profits: 0/5 | Total P&L: $0.00 | Phase: phase_1_cold_start
  │ Positions: 803 | Opps: found=19 exec=17 skip=2
  │ Vectors: preemptive_liquidation=17, new_protocol=2, undercollateralized_pool=711
  │ Gas: 0.0450 gwei | Engine: RUNNING
  └──────────────────────────────────────────────────────────┘

  🔧 ADAPTIVE: No new profits in 300s
     min_profit: $0.01 → $0.01
     min_confidence: 0.01 → 0.01
     Positions tracked: 803

  📊 HEALTH FACTOR DISTRIBUTION (sampled 30 of 803):
           <1.0:   0 
       1.0-1.05:   0 
      1.05-1.10:   0 
      1.10-1.20:   2 ██
      1.20-1.50:   3 ███
          >1.50:  25 █████████████████████████
          error:   0 
     Closest to liquidation: HF=1.1537 debt=$158,119 (0xb6d8214f...)

  📊 [phase_1_cold_start] 2.85h | P&L: $0.00 | Rate: $0.00/hr | TXs: 17 | Cap: $0.00 | Mult: inactive
Circuit OPEN: public_10_6325 (5 consecutive failures, recovery in 30.0s)
   ⏱️  Scan #237 | Positions: 803 | Watchlist: 306 | Opps found: 19 | ETH gas: 0.0546 gwei | Vectors: 3/6 active

  ┌─ STATUS [2:51:32] ─────────────────────────────────────────┐
  │ Profits: 0/5 | Total P&L: $0.00 | Phase: phase_1_cold_start
  │ Positions: 803 | Opps: found=19 exec=17 skip=2
  │ Vectors: preemptive_liquidation=17, new_protocol=2, undercollateralized_pool=714
  │ Gas: 0.0546 gwei | Engine: RUNNING
  └──────────────────────────────────────────────────────────┘
Circuit OPEN: alchemy_137_1156 (5 consecutive failures, recovery in 30.0s)
   📝 Queued execution 9377bb63... (priority 8)
   🎯 [preemptive_liquidation] chain=1 profit=$103.76 conf=5% pri=8
   ⏱️  Scan #238 | Positions: 803 | Watchlist: 306 | Opps found: 20 | ETH gas: 0.0640 gwei | Vectors: 3/6 active
   ⚡ [ZRP] positions=805 checks=3585 fired=0 confirmed=0 reverted=0 profit=$0.00 gas=$0.0000
      Index: ETH/USD:805
   📡 [RPC Gateway] reqs=0 rps=0.0 batched=0 failovers=0 429s=0
   ❌ EXEC FAILED chain=1 user=?... reason=Unknown format '', attempted to normalize to '0x'
   ✅ Execution 9377bb63... completed: failed

  ┌─ STATUS [2:52:18] ─────────────────────────────────────────┐
  │ Profits: 0/5 | Total P&L: $0.00 | Phase: phase_1_cold_start
  │ Positions: 803 | Opps: found=20 exec=18 skip=2
  │ Vectors: preemptive_liquidation=18, new_protocol=2, undercollateralized_pool=717
  │ Gas: 0.0640 gwei | Engine: RUNNING
  └──────────────────────────────────────────────────────────┘

  📊 [phase_1_cold_start] 2.88h | P&L: $0.00 | Rate: $0.00/hr | TXs: 18 | Cap: $0.00 | Mult: inactive
   📝 Queued execution 419b78e1... (priority 8)
   🎯 [preemptive_liquidation] chain=1 profit=$101.69 conf=5% pri=8
   📝 Queued execution 484cff14... (priority 7)
   🎯 [preemptive_liquidation] chain=1 profit=$99.96 conf=5% pri=7
   ⏱️  Scan #239 | Positions: 803 | Watchlist: 306 | Opps found: 22 | ETH gas: 0.0863 gwei | Vectors: 3/6 active
Circuit OPEN: public_137_3338 (5 consecutive failures, recovery in 30.0s)
   ❌ EXEC FAILED chain=1 user=?... reason=Unknown format '', attempted to normalize to '0x'
   ✅ Execution 419b78e1... completed: failed
   ❌ EXEC FAILED chain=1 user=?... reason=Unknown format '', attempted to normalize to '0x'
   ✅ Execution 484cff14... completed: failed

  ┌─ STATUS [2:53:07] ─────────────────────────────────────────┐
  │ Profits: 0/5 | Total P&L: $0.00 | Phase: phase_1_cold_start
  │ Positions: 803 | Opps: found=22 exec=20 skip=2
  │ Vectors: preemptive_liquidation=20, new_protocol=2, undercollateralized_pool=720
  │ Gas: 0.0863 gwei | Engine: RUNNING
  └──────────────────────────────────────────────────────────┘
Circuit OPEN: public_137_410 (5 consecutive failures, recovery in 30.0s)
   ⏱️  Scan #240 | Positions: 803 | Watchlist: 305 | Opps found: 22 | ETH gas: 0.0900 gwei | Vectors: 3/6 active

  ┌─ STATUS [2:53:55] ─────────────────────────────────────────┐
  │ Profits: 0/5 | Total P&L: $0.00 | Phase: phase_1_cold_start
  │ Positions: 803 | Opps: found=22 exec=20 skip=2
  │ Vectors: preemptive_liquidation=20, new_protocol=2, undercollateralized_pool=723
  │ Gas: 0.0900 gwei | Engine: RUNNING
  └──────────────────────────────────────────────────────────┘

  📊 [phase_1_cold_start] 2.91h | P&L: $0.00 | Rate: $0.00/hr | TXs: 20 | Cap: $0.00 | Mult: inactive
Circuit OPEN: alchemy_8453_4341 (5 consecutive failures, recovery in 30.0s)
   📇 Chain 1: +1 borrowers from 2260 events (total tracked: 804)
   ⏱️  Scan #241 | Positions: 804 | Watchlist: 305 | Opps found: 22 | ETH gas: 0.1028 gwei | Vectors: 3/6 active
   ⚡ [ZRP] positions=805 checks=3630 fired=0 confirmed=0 reverted=0 profit=$0.00 gas=$0.0000
      Index: ETH/USD:805
   📡 [RPC Gateway] reqs=0 rps=0.0 batched=0 failovers=0 429s=0

  ┌─ STATUS [2:54:45] ─────────────────────────────────────────┐
  │ Profits: 0/5 | Total P&L: $0.00 | Phase: phase_1_cold_start
  │ Positions: 804 | Opps: found=22 exec=20 skip=2
  │ Vectors: preemptive_liquidation=20, new_protocol=2, undercollateralized_pool=726
  │ Gas: 0.1028 gwei | Engine: RUNNING
  └──────────────────────────────────────────────────────────┘
Circuit OPEN: public_8453_611 (5 consecutive failures, recovery in 30.0s)
   ⏱️  Scan #242 | Positions: 804 | Watchlist: 305 | Opps found: 22 | ETH gas: 0.1178 gwei | Vectors: 3/6 active

  ┌─ STATUS [2:55:33] ─────────────────────────────────────────┐
  │ Profits: 0/5 | Total P&L: $0.00 | Phase: phase_1_cold_start
  │ Positions: 804 | Opps: found=22 exec=20 skip=2
  │ Vectors: preemptive_liquidation=20, new_protocol=2, undercollateralized_pool=729
  │ Gas: 0.1178 gwei | Engine: RUNNING
  └──────────────────────────────────────────────────────────┘
   ⚠️ SELF-HEAL: No new opportunities in 10 minutes — relaxing thresholds

  📊 [phase_1_cold_start] 2.93h | P&L: $0.00 | Rate: $0.00/hr | TXs: 20 | Cap: $0.00 | Mult: inactive
Circuit OPEN: public_8453_6388 (5 consecutive failures, recovery in 30.0s)
   📇 Chain 1: +1 borrowers from 2268 events (total tracked: 805)
   ⏱️  Scan #243 | Positions: 805 | Watchlist: 305 | Opps found: 22 | ETH gas: 0.1216 gwei | Vectors: 3/6 active

  ┌─ STATUS [2:56:50] ─────────────────────────────────────────┐
  │ Profits: 0/5 | Total P&L: $0.00 | Phase: phase_1_cold_start
  │ Positions: 805 | Opps: found=22 exec=20 skip=2
  │ Vectors: preemptive_liquidation=20, new_protocol=2, undercollateralized_pool=732
  │ Gas: 0.1216 gwei | Engine: RUNNING
  └──────────────────────────────────────────────────────────┘

  🔧 ADAPTIVE: No new profits in 300s
     min_profit: $0.01 → $0.01
     min_confidence: 0.01 → 0.01
     Positions tracked: 805

  📊 HEALTH FACTOR DISTRIBUTION (sampled 30 of 805):
           <1.0:   0 
       1.0-1.05:   0 
      1.05-1.10:   1 █
      1.10-1.20:   2 ██
      1.20-1.50:   3 ███
          >1.50:  24 ████████████████████████
          error:   0 
     Closest to liquidation: HF=1.0950 debt=$294,588 (0x03478d78...)
Circuit OPEN: alchemy_43114_4196 (5 consecutive failures, recovery in 30.0s)
   ⏱️  Scan #244 | Positions: 805 | Watchlist: 305 | Opps found: 22 | ETH gas: 0.1459 gwei | Vectors: 3/6 active
   ⚡ [ZRP] positions=806 checks=3675 fired=0 confirmed=0 reverted=0 profit=$0.00 gas=$0.0000
      Index: ETH/USD:806
   📡 [RPC Gateway] reqs=0 rps=0.0 batched=0 failovers=0 429s=0

  📊 [phase_1_cold_start] 2.96h | P&L: $0.00 | Rate: $0.00/hr | TXs: 20 | Cap: $0.00 | Mult: inactive
Circuit OPEN: public_43114_3782 (5 consecutive failures, recovery in 30.0s)

  ┌─ STATUS [2:57:59] ─────────────────────────────────────────┐
  │ Profits: 0/5 | Total P&L: $0.00 | Phase: phase_1_cold_start
  │ Positions: 805 | Opps: found=22 exec=20 skip=2
  │ Vectors: preemptive_liquidation=20, new_protocol=2, undercollateralized_pool=735
  │ Gas: 0.1459 gwei | Engine: RUNNING
  └──────────────────────────────────────────────────────────┘
   ⏱️  Scan #245 | Positions: 805 | Watchlist: 306 | Opps found: 22 | ETH gas: 0.1501 gwei | Vectors: 3/6 active
Circuit OPEN: alchemy_56_5043 (5 consecutive failures, recovery in 30.0s)
   ⏱️  Scan #246 | Positions: 805 | Watchlist: 306 | Opps found: 22 | ETH gas: 0.1407 gwei | Vectors: 3/6 active

  ┌─ STATUS [2:58:55] ─────────────────────────────────────────┐
  │ Profits: 0/5 | Total P&L: $0.00 | Phase: phase_1_cold_start
  │ Positions: 805 | Opps: found=22 exec=20 skip=2
  │ Vectors: preemptive_liquidation=20, new_protocol=2, undercollateralized_pool=741
  │ Gas: 0.1407 gwei | Engine: RUNNING
  └──────────────────────────────────────────────────────────┘

  📊 [phase_1_cold_start] 2.99h | P&L: $0.00 | Rate: $0.00/hr | TXs: 20 | Cap: $0.00 | Mult: inactive
Circuit OPEN: public_56_6500 (5 consecutive failures, recovery in 30.0s)
   📇 Chain 1: +1 borrowers from 2271 events (total tracked: 806)
   ⏱️  Scan #247 | Positions: 806 | Watchlist: 308 | Opps found: 22 | ETH gas: 0.1215 gwei | Vectors: 3/6 active
   ⚡ [ZRP] positions=807 checks=3720 fired=0 confirmed=0 reverted=0 profit=$0.00 gas=$0.0000
      Index: ETH/USD:807
   📡 [RPC Gateway] reqs=0 rps=0.0 batched=0 failovers=0 429s=0

  ┌─ STATUS [2:59:47] ─────────────────────────────────────────┐
  │ Profits: 0/5 | Total P&L: $0.00 | Phase: phase_1_cold_start
  │ Positions: 806 | Opps: found=22 exec=20 skip=2
  │ Vectors: preemptive_liquidation=20, new_protocol=2, undercollateralized_pool=744
  │ Gas: 0.1215 gwei | Engine: RUNNING
  └──────────────────────────────────────────────────────────┘
Circuit OPEN: public_56_8107 (5 consecutive failures, recovery in 30.0s)
   ⏱️  Scan #248 | Positions: 806 | Watchlist: 308 | Opps found: 22 | ETH gas: 0.1108 gwei | Vectors: 3/6 active

  ┌─ STATUS [3:00:36] ─────────────────────────────────────────┐
  │ Profits: 0/5 | Total P&L: $0.00 | Phase: phase_1_cold_start
  │ Positions: 806 | Opps: found=22 exec=20 skip=2
  │ Vectors: preemptive_liquidation=20, new_protocol=2, undercollateralized_pool=747
  │ Gas: 0.1108 gwei | Engine: RUNNING
  └──────────────────────────────────────────────────────────┘

  📊 [phase_1_cold_start] 3.02h | P&L: $0.00 | Rate: $0.00/hr | TXs: 20 | Cap: $0.00 | Mult: inactive
Circuit OPEN: alchemy_324_2386 (5 consecutive failures, recovery in 30.0s)
   ⏱️  Scan #249 | Positions: 806 | Watchlist: 308 | Opps found: 22 | ETH gas: 0.0973 gwei | Vectors: 3/6 active

  ┌─ STATUS [3:01:29] ─────────────────────────────────────────┐
  │ Profits: 0/5 | Total P&L: $0.00 | Phase: phase_1_cold_start
  │ Positions: 806 | Opps: found=22 exec=20 skip=2
  │ Vectors: preemptive_liquidation=20, new_protocol=2, undercollateralized_pool=750
  │ Gas: 0.0973 gwei | Engine: RUNNING
  └──────────────────────────────────────────────────────────┘
Circuit OPEN: public_324_1282 (5 consecutive failures, recovery in 30.0s)
   ⏱️  Scan #250 | Positions: 806 | Watchlist: 309 | Opps found: 22 | ETH gas: 0.1016 gwei | Vectors: 3/6 active
   📡 [RPC Gateway] reqs=0 rps=0.0 batched=0 failovers=0 429s=0
   ⚡ [ZRP] positions=808 checks=3765 fired=0 confirmed=0 reverted=0 profit=$0.00 gas=$0.0000
      Index: ETH/USD:808

  🔧 ADAPTIVE: No new profits in 300s
     min_profit: $0.01 → $0.01
     min_confidence: 0.01 → 0.01
     Positions tracked: 806

  📊 HEALTH FACTOR DISTRIBUTION (sampled 30 of 806):
           <1.0:   0 
       1.0-1.05:   0 
      1.05-1.10:   1 █
      1.10-1.20:   2 ██
      1.20-1.50:   3 ███
          >1.50:  24 ████████████████████████
          error:   0 
     Closest to liquidation: HF=1.0950 debt=$294,588 (0x03478d78...)

  ┌─ STATUS [3:02:22] ─────────────────────────────────────────┐
  │ Profits: 0/5 | Total P&L: $0.00 | Phase: phase_1_cold_start
  │ Positions: 806 | Opps: found=22 exec=20 skip=2
  │ Vectors: preemptive_liquidation=20, new_protocol=2, undercollateralized_pool=753
  │ Gas: 0.1016 gwei | Engine: RUNNING
  └──────────────────────────────────────────────────────────┘

  📊 [phase_1_cold_start] 3.05h | P&L: $0.00 | Rate: $0.00/hr | TXs: 20 | Cap: $0.00 | Mult: inactive
   ⏱️  Scan #251 | Positions: 806 | Watchlist: 311 | Opps found: 22 | ETH gas: 0.0940 gwei | Vectors: 3/6 active

  ┌─ STATUS [3:03:15] ─────────────────────────────────────────┐
  │ Profits: 0/5 | Total P&L: $0.00 | Phase: phase_1_cold_start
  │ Positions: 806 | Opps: found=22 exec=20 skip=2
  │ Vectors: preemptive_liquidation=20, new_protocol=2, undercollateralized_pool=756
  │ Gas: 0.0940 gwei | Engine: RUNNING
  └──────────────────────────────────────────────────────────┘
   ⏱️  Scan #252 | Positions: 806 | Watchlist: 311 | Opps found: 22 | ETH gas: 0.1030 gwei | Vectors: 3/6 active

  ┌─ STATUS [3:04:07] ─────────────────────────────────────────┐
  │ Profits: 0/5 | Total P&L: $0.00 | Phase: phase_1_cold_start
  │ Positions: 806 | Opps: found=22 exec=20 skip=2
  │ Vectors: preemptive_liquidation=20, new_protocol=2, undercollateralized_pool=759
  │ Gas: 0.1030 gwei | Engine: RUNNING
  └──────────────────────────────────────────────────────────┘

  📊 [phase_1_cold_start] 3.08h | P&L: $0.00 | Rate: $0.00/hr | TXs: 20 | Cap: $0.00 | Mult: inactive
   ⚡ [ZRP] positions=808 checks=3810 fired=0 confirmed=0 reverted=0 profit=$0.00 gas=$0.0000
      Index: ETH/USD:808
   📡 [RPC Gateway] reqs=0 rps=0.0 batched=0 failovers=0 429s=0
   ⏱️  Scan #253 | Positions: 806 | Watchlist: 311 | Opps found: 22 | ETH gas: 0.0917 gwei | Vectors: 3/6 active

  ┌─ STATUS [3:05:00] ─────────────────────────────────────────┐
  │ Profits: 0/5 | Total P&L: $0.00 | Phase: phase_1_cold_start
  │ Positions: 806 | Opps: found=22 exec=20 skip=2
  │ Vectors: preemptive_liquidation=20, new_protocol=2, undercollateralized_pool=762
  │ Gas: 0.0917 gwei | Engine: RUNNING
  └──────────────────────────────────────────────────────────┘
   ⏱️  Scan #254 | Positions: 806 | Watchlist: 312 | Opps found: 22 | ETH gas: 0.0938 gwei | Vectors: 3/6 active

  ┌─ STATUS [3:05:36] ─────────────────────────────────────────┐
  │ Profits: 0/5 | Total P&L: $0.00 | Phase: phase_1_cold_start
  │ Positions: 806 | Opps: found=22 exec=20 skip=2
  │ Vectors: preemptive_liquidation=20, new_protocol=2, undercollateralized_pool=765
  │ Gas: 0.0938 gwei | Engine: RUNNING
  └──────────────────────────────────────────────────────────┘

  📊 [phase_1_cold_start] 3.10h | P&L: $0.00 | Rate: $0.00/hr | TXs: 20 | Cap: $0.00 | Mult: inactive
   ⚠️ SELF-HEAL: No new opportunities in 10 minutes — relaxing thresholds
   ⏱️  Scan #255 | Positions: 806 | Watchlist: 312 | Opps found: 22 | ETH gas: 0.0740 gwei | Vectors: 3/6 active

  ┌─ STATUS [3:06:17] ─────────────────────────────────────────┐
  │ Profits: 0/5 | Total P&L: $0.00 | Phase: phase_1_cold_start
  │ Positions: 806 | Opps: found=22 exec=20 skip=2
  │ Vectors: preemptive_liquidation=20, new_protocol=2, undercollateralized_pool=768
  │ Gas: 0.0740 gwei | Engine: RUNNING
  └──────────────────────────────────────────────────────────┘
   ⏱️  Scan #256 | Positions: 806 | Watchlist: 312 | Opps found: 22 | ETH gas: 0.0860 gwei | Vectors: 3/6 active

  ┌─ STATUS [3:06:55] ─────────────────────────────────────────┐
  │ Profits: 0/5 | Total P&L: $0.00 | Phase: phase_1_cold_start
  │ Positions: 806 | Opps: found=22 exec=20 skip=2
  │ Vectors: preemptive_liquidation=20, new_protocol=2, undercollateralized_pool=771
  │ Gas: 0.0860 gwei | Engine: RUNNING
  └──────────────────────────────────────────────────────────┘
   ⚡ [ZRP] positions=808 checks=3870 fired=0 confirmed=0 reverted=0 profit=$0.00 gas=$0.0000
      Index: ETH/USD:808
   📡 [RPC Gateway] reqs=0 rps=0.0 batched=0 failovers=0 429s=0

  📊 [phase_1_cold_start] 3.13h | P&L: $0.00 | Rate: $0.00/hr | TXs: 20 | Cap: $0.00 | Mult: inactive
   ⏱️  Scan #257 | Positions: 806 | Watchlist: 312 | Opps found: 22 | ETH gas: 0.0848 gwei | Vectors: 3/6 active

  🔧 ADAPTIVE: No new profits in 300s
     min_profit: $0.01 → $0.01
     min_confidence: 0.01 → 0.01
     Positions tracked: 806

  📊 HEALTH FACTOR DISTRIBUTION (sampled 30 of 806):
           <1.0:   0 
       1.0-1.05:   0 
      1.05-1.10:   0 
      1.10-1.20:   2 ██
      1.20-1.50:   3 ███
          >1.50:  25 █████████████████████████
          error:   0 
     Closest to liquidation: HF=1.1537 debt=$157,184 (0xb6d8214f...)

  ┌─ STATUS [3:07:39] ─────────────────────────────────────────┐
  │ Profits: 0/5 | Total P&L: $0.00 | Phase: phase_1_cold_start
  │ Positions: 806 | Opps: found=22 exec=20 skip=2
  │ Vectors: preemptive_liquidation=20, new_protocol=2, undercollateralized_pool=774
  │ Gas: 0.0848 gwei | Engine: RUNNING
  └──────────────────────────────────────────────────────────┘
   ⏱️  Scan #258 | Positions: 806 | Watchlist: 312 | Opps found: 22 | ETH gas: 0.0829 gwei | Vectors: 3/6 active

  ┌─ STATUS [3:08:17] ─────────────────────────────────────────┐
  │ Profits: 0/5 | Total P&L: $0.00 | Phase: phase_1_cold_start
  │ Positions: 806 | Opps: found=22 exec=20 skip=2
  │ Vectors: preemptive_liquidation=20, new_protocol=2, undercollateralized_pool=777
  │ Gas: 0.0829 gwei | Engine: RUNNING
  └──────────────────────────────────────────────────────────┘

  📊 [phase_1_cold_start] 3.15h | P&L: $0.00 | Rate: $0.00/hr | TXs: 20 | Cap: $0.00 | Mult: inactive
   ⏱️  Scan #259 | Positions: 806 | Watchlist: 312 | Opps found: 22 | ETH gas: 0.0813 gwei | Vectors: 3/6 active

  ┌─ STATUS [3:08:59] ─────────────────────────────────────────┐
  │ Profits: 0/5 | Total P&L: $0.00 | Phase: phase_1_cold_start
  │ Positions: 806 | Opps: found=22 exec=20 skip=2
  │ Vectors: preemptive_liquidation=20, new_protocol=2, undercollateralized_pool=780
  │ Gas: 0.0813 gwei | Engine: RUNNING
  └──────────────────────────────────────────────────────────┘
   ⏱️  Scan #260 | Positions: 806 | Watchlist: 312 | Opps found: 22 | ETH gas: 0.0753 gwei | Vectors: 3/6 active

  ┌─ STATUS [3:09:38] ─────────────────────────────────────────┐
  │ Profits: 0/5 | Total P&L: $0.00 | Phase: phase_1_cold_start
  │ Positions: 806 | Opps: found=22 exec=20 skip=2
  │ Vectors: preemptive_liquidation=20, new_protocol=2, undercollateralized_pool=783
  │ Gas: 0.0753 gwei | Engine: RUNNING
  └──────────────────────────────────────────────────────────┘
   📡 [RPC Gateway] reqs=0 rps=0.0 batched=0 failovers=0 429s=0
   ⚡ [ZRP] positions=808 checks=3915 fired=0 confirmed=0 reverted=0 profit=$0.00 gas=$0.0000
      Index: ETH/USD:808
   📝 Queued execution 35fbf570... (priority 8)
   🎯 [preemptive_liquidation] chain=1 profit=$102.61 conf=5% pri=8
   ⏱️  Scan #261 | Positions: 806 | Watchlist: 312 | Opps found: 23 | ETH gas: 0.0740 gwei | Vectors: 3/6 active

  📊 [phase_1_cold_start] 3.17h | P&L: $0.00 | Rate: $0.00/hr | TXs: 20 | Cap: $0.00 | Mult: inactive
   ❌ EXEC FAILED chain=1 user=?... reason=Unknown format '', attempted to normalize to '0x'
   ✅ Execution 35fbf570... completed: failed

  ┌─ STATUS [3:10:20] ─────────────────────────────────────────┐
  │ Profits: 0/5 | Total P&L: $0.00 | Phase: phase_1_cold_start
  │ Positions: 806 | Opps: found=23 exec=21 skip=2
  │ Vectors: preemptive_liquidation=21, new_protocol=2, undercollateralized_pool=786
  │ Gas: 0.0740 gwei | Engine: RUNNING
  └──────────────────────────────────────────────────────────┘
   ⏱️  Scan #262 | Positions: 806 | Watchlist: 312 | Opps found: 23 | ETH gas: 0.0802 gwei | Vectors: 3/6 active

  ┌─ STATUS [3:11:01] ─────────────────────────────────────────┐
  │ Profits: 0/5 | Total P&L: $0.00 | Phase: phase_1_cold_start
  │ Positions: 806 | Opps: found=23 exec=21 skip=2
  │ Vectors: preemptive_liquidation=21, new_protocol=2, undercollateralized_pool=789
  │ Gas: 0.0802 gwei | Engine: RUNNING
  └──────────────────────────────────────────────────────────┘
   ⏱️  Scan #263 | Positions: 806 | Watchlist: 312 | Opps found: 23 | ETH gas: 0.0815 gwei | Vectors: 3/6 active

  📊 [phase_1_cold_start] 3.19h | P&L: $0.00 | Rate: $0.00/hr | TXs: 21 | Cap: $0.00 | Mult: inactive

  ┌─ STATUS [3:11:44] ─────────────────────────────────────────┐
  │ Profits: 0/5 | Total P&L: $0.00 | Phase: phase_1_cold_start
  │ Positions: 806 | Opps: found=23 exec=21 skip=2
  │ Vectors: preemptive_liquidation=21, new_protocol=2, undercollateralized_pool=792
  │ Gas: 0.0815 gwei | Engine: RUNNING
  └──────────────────────────────────────────────────────────┘
   📝 Queued execution e8f480c7... (priority 8)
   🎯 [preemptive_liquidation] chain=1 profit=$104.76 conf=5% pri=8
   ⏱️  Scan #264 | Positions: 806 | Watchlist: 312 | Opps found: 24 | ETH gas: 0.0862 gwei | Vectors: 3/6 active
   📡 [RPC Gateway] reqs=0 rps=0.0 batched=0 failovers=0 429s=0
   ⚡ [ZRP] positions=808 checks=3975 fired=0 confirmed=0 reverted=0 profit=$0.00 gas=$0.0000
      Index: ETH/USD:808

  ┌─ STATUS [3:12:24] ─────────────────────────────────────────┐
  │ Profits: 0/5 | Total P&L: $0.00 | Phase: phase_1_cold_start
  │ Positions: 806 | Opps: found=24 exec=22 skip=2
  │ Vectors: preemptive_liquidation=22, new_protocol=2, undercollateralized_pool=795
  │ Gas: 0.0862 gwei | Engine: RUNNING
  └──────────────────────────────────────────────────────────┘
   ❌ EXEC FAILED chain=1 user=?... reason=Unknown format '', attempted to normalize to '0x'
   ✅ Execution e8f480c7... completed: failed
   ⏱️  Scan #265 | Positions: 806 | Watchlist: 312 | Opps found: 24 | ETH gas: 0.0780 gwei | Vectors: 3/6 active

  🔧 ADAPTIVE: No new profits in 300s
     min_profit: $0.01 → $0.01
     min_confidence: 0.01 → 0.01
     Positions tracked: 806

  📊 HEALTH FACTOR DISTRIBUTION (sampled 30 of 806):
           <1.0:   0 
       1.0-1.05:   0 
      1.05-1.10:   0 
      1.10-1.20:   2 ██
      1.20-1.50:   3 ███
          >1.50:  25 █████████████████████████
          error:   0 
     Closest to liquidation: HF=1.1537 debt=$157,184 (0xb6d8214f...)

  📊 [phase_1_cold_start] 3.22h | P&L: $0.00 | Rate: $0.00/hr | TXs: 22 | Cap: $0.00 | Mult: inactive

  ┌─ STATUS [3:13:10] ─────────────────────────────────────────┐
  │ Profits: 0/5 | Total P&L: $0.00 | Phase: phase_1_cold_start
  │ Positions: 806 | Opps: found=24 exec=22 skip=2
  │ Vectors: preemptive_liquidation=22, new_protocol=2, undercollateralized_pool=798
  │ Gas: 0.0780 gwei | Engine: RUNNING
  └──────────────────────────────────────────────────────────┘
   ⏱️  Scan #266 | Positions: 806 | Watchlist: 313 | Opps found: 24 | ETH gas: 0.0903 gwei | Vectors: 3/6 active

  ┌─ STATUS [3:13:51] ─────────────────────────────────────────┐
  │ Profits: 0/5 | Total P&L: $0.00 | Phase: phase_1_cold_start
  │ Positions: 806 | Opps: found=24 exec=22 skip=2
  │ Vectors: preemptive_liquidation=22, new_protocol=2, undercollateralized_pool=801
  │ Gas: 0.0903 gwei | Engine: RUNNING
  └──────────────────────────────────────────────────────────┘
   ⏱️  Scan #267 | Positions: 806 | Watchlist: 314 | Opps found: 24 | ETH gas: 0.0764 gwei | Vectors: 3/6 active

  📊 [phase_1_cold_start] 3.24h | P&L: $0.00 | Rate: $0.00/hr | TXs: 22 | Cap: $0.00 | Mult: inactive

  ┌─ STATUS [3:14:35] ─────────────────────────────────────────┐
  │ Profits: 0/5 | Total P&L: $0.00 | Phase: phase_1_cold_start
  │ Positions: 806 | Opps: found=24 exec=22 skip=2
  │ Vectors: preemptive_liquidation=22, new_protocol=2, undercollateralized_pool=804
  │ Gas: 0.0764 gwei | Engine: RUNNING
  └──────────────────────────────────────────────────────────┘
   ⚡ [ZRP] positions=808 checks=4035 fired=0 confirmed=0 reverted=0 profit=$0.00 gas=$0.0000
      Index: ETH/USD:808
   📡 [RPC Gateway] reqs=0 rps=0.0 batched=0 failovers=0 429s=0
   📝 Queued execution 7559665b... (priority 8)
   🎯 [preemptive_liquidation] chain=1 profit=$105.19 conf=6% pri=8
   ⏱️  Scan #268 | Positions: 806 | Watchlist: 314 | Opps found: 25 | ETH gas: 0.0802 gwei | Vectors: 3/6 active

  ┌─ STATUS [3:15:16] ─────────────────────────────────────────┐
  │ Profits: 0/5 | Total P&L: $0.00 | Phase: phase_1_cold_start
  │ Positions: 806 | Opps: found=25 exec=23 skip=2
  │ Vectors: preemptive_liquidation=23, new_protocol=2, undercollateralized_pool=807
  │ Gas: 0.0802 gwei | Engine: RUNNING
  └──────────────────────────────────────────────────────────┘
   ❌ EXEC FAILED chain=1 user=?... reason=Unknown format '', attempted to normalize to '0x'
   ✅ Execution 7559665b... completed: failed
   ⏱️  Scan #269 | Positions: 806 | Watchlist: 314 | Opps found: 25 | ETH gas: 0.0764 gwei | Vectors: 3/6 active

  📊 [phase_1_cold_start] 3.27h | P&L: $0.00 | Rate: $0.00/hr | TXs: 23 | Cap: $0.00 | Mult: inactive
   📇 Chain 1: +2 borrowers from 2270 events (total tracked: 808)

  ┌─ STATUS [3:16:01] ─────────────────────────────────────────┐
  │ Profits: 0/5 | Total P&L: $0.00 | Phase: phase_1_cold_start
  │ Positions: 808 | Opps: found=25 exec=23 skip=2
  │ Vectors: preemptive_liquidation=23, new_protocol=2, undercollateralized_pool=810
  │ Gas: 0.0764 gwei | Engine: RUNNING
  └──────────────────────────────────────────────────────────┘
   👁️  WATCHLIST +1: HF=1.1329 debt=$97 chain=1 (0x38272a1eb3...)
   ⏱️  Scan #270 | Positions: 808 | Watchlist: 315 | Opps found: 25 | ETH gas: 0.0919 gwei | Vectors: 3/6 active

  ┌─ STATUS [3:16:41] ─────────────────────────────────────────┐
  │ Profits: 0/5 | Total P&L: $0.00 | Phase: phase_1_cold_start
  │ Positions: 808 | Opps: found=25 exec=23 skip=2
  │ Vectors: preemptive_liquidation=23, new_protocol=2, undercollateralized_pool=813
  │ Gas: 0.0919 gwei | Engine: RUNNING
  └──────────────────────────────────────────────────────────┘
   📝 Queued execution 0d52ca9f... (priority 8)
   🎯 [preemptive_liquidation] chain=1 profit=$109.79 conf=6% pri=8
   ⏱️  Scan #271 | Positions: 808 | Watchlist: 315 | Opps found: 26 | ETH gas: 0.0889 gwei | Vectors: 3/6 active

  📊 [phase_1_cold_start] 3.29h | P&L: $0.00 | Rate: $0.00/hr | TXs: 23 | Cap: $0.00 | Mult: inactive
   📇 Chain 1: +1 borrowers from 2272 events (total tracked: 809)
   📡 [RPC Gateway] reqs=0 rps=0.0 batched=0 failovers=0 429s=0
   ⚡ [ZRP] positions=810 checks=4080 fired=0 confirmed=0 reverted=0 profit=$0.00 gas=$0.0000
      Index: ETH/USD:810
   ❌ EXEC FAILED chain=1 user=?... reason=Unknown format '', attempted to normalize to '0x'
   ✅ Execution 0d52ca9f... completed: failed

  ┌─ STATUS [3:17:26] ─────────────────────────────────────────┐
  │ Profits: 0/5 | Total P&L: $0.00 | Phase: phase_1_cold_start
  │ Positions: 809 | Opps: found=26 exec=24 skip=2
  │ Vectors: preemptive_liquidation=24, new_protocol=2, undercollateralized_pool=816
  │ Gas: 0.0889 gwei | Engine: RUNNING
  └──────────────────────────────────────────────────────────┘
   ⏱️  Scan #272 | Positions: 809 | Watchlist: 315 | Opps found: 26 | ETH gas: 0.0983 gwei | Vectors: 3/6 active

  ┌─ STATUS [3:18:09] ─────────────────────────────────────────┐
  │ Profits: 0/5 | Total P&L: $0.00 | Phase: phase_1_cold_start
  │ Positions: 809 | Opps: found=26 exec=24 skip=2
  │ Vectors: preemptive_liquidation=24, new_protocol=2, undercollateralized_pool=819
  │ Gas: 0.0983 gwei | Engine: RUNNING
  └──────────────────────────────────────────────────────────┘

  🔧 ADAPTIVE: No new profits in 300s
     min_profit: $0.01 → $0.01
     min_confidence: 0.01 → 0.01
     Positions tracked: 809

  📊 HEALTH FACTOR DISTRIBUTION (sampled 30 of 809):
           <1.0:   0 
       1.0-1.05:   0 
      1.05-1.10:   0 
      1.10-1.20:   2 ██
      1.20-1.50:   3 ███
          >1.50:  25 █████████████████████████
          error:   0 
     Closest to liquidation: HF=1.1537 debt=$156,328 (0xb6d8214f...)

  📊 [phase_1_cold_start] 3.32h | P&L: $0.00 | Rate: $0.00/hr | TXs: 24 | Cap: $0.00 | Mult: inactive
   ⚠️ SELF-HEAL: No new opportunities in 10 minutes — relaxing thresholds
   ⏱️  Scan #273 | Positions: 809 | Watchlist: 315 | Opps found: 26 | ETH gas: 0.0985 gwei | Vectors: 3/6 active
   📇 Chain 1: +2 borrowers from 2283 events (total tracked: 811)

  ┌─ STATUS [3:18:58] ─────────────────────────────────────────┐
  │ Profits: 0/5 | Total P&L: $0.00 | Phase: phase_1_cold_start
  │ Positions: 811 | Opps: found=26 exec=24 skip=2
  │ Vectors: preemptive_liquidation=24, new_protocol=2, undercollateralized_pool=822
  │ Gas: 0.0985 gwei | Engine: RUNNING
  └──────────────────────────────────────────────────────────┘
   ⏱️  Scan #274 | Positions: 811 | Watchlist: 315 | Opps found: 26 | ETH gas: 0.1046 gwei | Vectors: 3/6 active
   📡 [RPC Gateway] reqs=0 rps=0.0 batched=0 failovers=0 429s=0
   ⚡ [ZRP] positions=811 checks=4125 fired=0 confirmed=0 reverted=0 profit=$0.00 gas=$0.0000
      Index: ETH/USD:811

  ┌─ STATUS [3:19:41] ─────────────────────────────────────────┐
  │ Profits: 0/5 | Total P&L: $0.00 | Phase: phase_1_cold_start
  │ Positions: 811 | Opps: found=26 exec=24 skip=2
  │ Vectors: preemptive_liquidation=24, new_protocol=2, undercollateralized_pool=825
  │ Gas: 0.1046 gwei | Engine: RUNNING
  └──────────────────────────────────────────────────────────┘

  📊 [phase_1_cold_start] 3.34h | P&L: $0.00 | Rate: $0.00/hr | TXs: 24 | Cap: $0.00 | Mult: inactive
   ⏱️  Scan #275 | Positions: 811 | Watchlist: 315 | Opps found: 26 | ETH gas: 0.1010 gwei | Vectors: 3/6 active
   📇 Chain 1: +1 borrowers from 2284 events (total tracked: 812)

  ┌─ STATUS [3:20:27] ─────────────────────────────────────────┐
  │ Profits: 0/5 | Total P&L: $0.00 | Phase: phase_1_cold_start
  │ Positions: 812 | Opps: found=26 exec=24 skip=2
  │ Vectors: preemptive_liquidation=24, new_protocol=2, undercollateralized_pool=828
  │ Gas: 0.1010 gwei | Engine: RUNNING
  └──────────────────────────────────────────────────────────┘
   ⏱️  Scan #276 | Positions: 812 | Watchlist: 315 | Opps found: 26 | ETH gas: 0.1164 gwei | Vectors: 3/6 active

  ┌─ STATUS [3:21:12] ─────────────────────────────────────────┐
  │ Profits: 0/5 | Total P&L: $0.00 | Phase: phase_1_cold_start
  │ Positions: 812 | Opps: found=26 exec=24 skip=2
  │ Vectors: preemptive_liquidation=24, new_protocol=2, undercollateralized_pool=831
  │ Gas: 0.1164 gwei | Engine: RUNNING
  └──────────────────────────────────────────────────────────┘
   📝 Queued execution ed719fc3... (priority 8)
   🎯 [preemptive_liquidation] chain=1 profit=$102.84 conf=5% pri=8

  📊 [phase_1_cold_start] 3.37h | P&L: $0.00 | Rate: $0.00/hr | TXs: 24 | Cap: $0.00 | Mult: inactive
   ⏱️  Scan #277 | Positions: 812 | Watchlist: 315 | Opps found: 27 | ETH gas: 0.1156 gwei | Vectors: 3/6 active
   📇 Chain 1: +1 borrowers from 2285 events (total tracked: 813)
   ⚡ [ZRP] positions=814 checks=4170 fired=0 confirmed=0 reverted=0 profit=$0.00 gas=$0.0000
      Index: ETH/USD:814
   📡 [RPC Gateway] reqs=0 rps=0.0 batched=0 failovers=0 429s=0
   ❌ EXEC FAILED chain=1 user=?... reason=Unknown format '', attempted to normalize to '0x'
   ✅ Execution ed719fc3... completed: failed

  ┌─ STATUS [3:21:59] ─────────────────────────────────────────┐
  │ Profits: 0/5 | Total P&L: $0.00 | Phase: phase_1_cold_start
  │ Positions: 813 | Opps: found=27 exec=25 skip=2
  │ Vectors: preemptive_liquidation=25, new_protocol=2, undercollateralized_pool=834
  │ Gas: 0.1156 gwei | Engine: RUNNING
  └──────────────────────────────────────────────────────────┘
   ⏱️  Scan #278 | Positions: 813 | Watchlist: 314 | Opps found: 27 | ETH gas: 0.1427 gwei | Vectors: 3/6 active

  ┌─ STATUS [3:22:43] ─────────────────────────────────────────┐
  │ Profits: 0/5 | Total P&L: $0.00 | Phase: phase_1_cold_start
  │ Positions: 813 | Opps: found=27 exec=25 skip=2
  │ Vectors: preemptive_liquidation=25, new_protocol=2, undercollateralized_pool=837
  │ Gas: 0.1427 gwei | Engine: RUNNING
  └──────────────────────────────────────────────────────────┘
   🔥 WATCHLIST HIT! HF=1.0049 debt=$1,579 chain=1 (0x950556fe43...)
   📝 Queued execution 6f8f0110... (priority 8)
   🎯 [standard_liquidation] chain=1 profit=$39.33 conf=95% pri=8
   🔫 FIRING liquidationCall: chain=1 user=0x950556fe43... HF~1.0049 debt_cover=157944904999
   📡 TX broadcast: 6b1c28f50ffc271b...

  📊 [phase_1_cold_start] 3.39h | P&L: $0.00 | Rate: $0.00/hr | TXs: 25 | Cap: $0.00 | Mult: inactive
   ⏱️  Scan #279 | Positions: 813 | Watchlist: 314 | Opps found: 28 | ETH gas: 0.1460 gwei | Vectors: 4/6 active

  ┌─ STATUS [3:23:31] ─────────────────────────────────────────┐
  │ Profits: 0/5 | Total P&L: $0.00 | Phase: phase_1_cold_start
  │ Positions: 813 | Opps: found=28 exec=26 skip=2
  │ Vectors: standard_liquidation=1, preemptive_liquidation=25, new_protocol=2, undercollateralized_pool=840
  │ Gas: 0.1460 gwei | Engine: RUNNING
  └──────────────────────────────────────────────────────────┘
   ✅ Execution 6f8f0110... completed: timeout

  🔧 ADAPTIVE: No new profits in 300s
     min_profit: $0.01 → $0.01
     min_confidence: 0.01 → 0.01
     Positions tracked: 813

  📊 HEALTH FACTOR DISTRIBUTION (sampled 30 of 813):
           <1.0:   0 
       1.0-1.05:   0 
      1.05-1.10:   1 █
      1.10-1.20:   1 █
      1.20-1.50:   3 ███
          >1.50:  25 █████████████████████████
          error:   0 
     Closest to liquidation: HF=1.0715 debt=$1,374 (0xb6d8214f...)
   ⏱️  Scan #280 | Positions: 813 | Watchlist: 314 | Opps found: 28 | ETH gas: 0.1494 gwei | Vectors: 4/6 active
   📡 [RPC Gateway] reqs=0 rps=0.0 batched=0 failovers=0 429s=0
   ⚡ [ZRP] positions=815 checks=4215 fired=0 confirmed=0 reverted=0 profit=$0.00 gas=$0.0000
      Index: ETH/USD:815

  ┌─ STATUS [3:24:19] ─────────────────────────────────────────┐
  │ Profits: 0/5 | Total P&L: $0.00 | Phase: phase_1_cold_start
  │ Positions: 813 | Opps: found=28 exec=26 skip=2
  │ Vectors: standard_liquidation=1, preemptive_liquidation=25, new_protocol=2, undercollateralized_pool=843
  │ Gas: 0.1494 gwei | Engine: RUNNING
  └──────────────────────────────────────────────────────────┘

  📊 [phase_1_cold_start] 3.42h | P&L: $0.00 | Rate: $0.00/hr | TXs: 26 | Cap: $0.00 | Mult: inactive
   ⏱️  Scan #281 | Positions: 813 | Watchlist: 314 | Opps found: 28 | ETH gas: 0.1498 gwei | Vectors: 4/6 active

  ┌─ STATUS [3:25:07] ─────────────────────────────────────────┐
  │ Profits: 0/5 | Total P&L: $0.00 | Phase: phase_1_cold_start
  │ Positions: 813 | Opps: found=28 exec=26 skip=2
  │ Vectors: standard_liquidation=1, preemptive_liquidation=25, new_protocol=2, undercollateralized_pool=846
  │ Gas: 0.1498 gwei | Engine: RUNNING
  └──────────────────────────────────────────────────────────┘
   ⏱️  Scan #282 | Positions: 813 | Watchlist: 315 | Opps found: 28 | ETH gas: 0.1402 gwei | Vectors: 4/6 active

  ┌─ STATUS [3:25:52] ─────────────────────────────────────────┐
  │ Profits: 0/5 | Total P&L: $0.00 | Phase: phase_1_cold_start
  │ Positions: 813 | Opps: found=28 exec=26 skip=2
  │ Vectors: standard_liquidation=1, preemptive_liquidation=25, new_protocol=2, undercollateralized_pool=849
  │ Gas: 0.1402 gwei | Engine: RUNNING
  └──────────────────────────────────────────────────────────┘

  📊 [phase_1_cold_start] 3.44h | P&L: $0.00 | Rate: $0.00/hr | TXs: 26 | Cap: $0.00 | Mult: inactive
   ⏱️  Scan #283 | Positions: 813 | Watchlist: 315 | Opps found: 28 | ETH gas: 0.1429 gwei | Vectors: 4/6 active
   📡 [RPC Gateway] reqs=0 rps=0.0 batched=0 failovers=0 429s=0
   ⚡ [ZRP] positions=815 checks=4260 fired=0 confirmed=0 reverted=0 profit=$0.00 gas=$0.0000
      Index: ETH/USD:815

  ┌─ STATUS [3:26:41] ─────────────────────────────────────────┐
  │ Profits: 0/5 | Total P&L: $0.00 | Phase: phase_1_cold_start
  │ Positions: 813 | Opps: found=28 exec=26 skip=2
  │ Vectors: standard_liquidation=1, preemptive_liquidation=25, new_protocol=2, undercollateralized_pool=852
  │ Gas: 0.1429 gwei | Engine: RUNNING
  └──────────────────────────────────────────────────────────┘
   ⏱️  Scan #284 | Positions: 813 | Watchlist: 315 | Opps found: 28 | ETH gas: 0.1434 gwei | Vectors: 4/6 active

  ┌─ STATUS [3:27:26] ─────────────────────────────────────────┐
  │ Profits: 0/5 | Total P&L: $0.00 | Phase: phase_1_cold_start
  │ Positions: 813 | Opps: found=28 exec=26 skip=2
  │ Vectors: standard_liquidation=1, preemptive_liquidation=25, new_protocol=2, undercollateralized_pool=855
  │ Gas: 0.1434 gwei | Engine: RUNNING
  └──────────────────────────────────────────────────────────┘

  📊 [phase_1_cold_start] 3.47h | P&L: $0.00 | Rate: $0.00/hr | TXs: 26 | Cap: $0.00 | Mult: inactive
   📇 Chain 1: +2 borrowers from 2285 events (total tracked: 815)
   📇 Chain 137: +2 borrowers from 44 events (total tracked: 817)
   ⏱️  Scan #285 | Positions: 817 | Watchlist: 315 | Opps found: 28 | ETH gas: 0.1351 gwei | Vectors: 4/6 active

  ┌─ STATUS [3:28:16] ─────────────────────────────────────────┐
  │ Profits: 0/5 | Total P&L: $0.00 | Phase: phase_1_cold_start
  │ Positions: 817 | Opps: found=28 exec=26 skip=2
  │ Vectors: standard_liquidation=1, preemptive_liquidation=25, new_protocol=2, undercollateralized_pool=858
  │ Gas: 0.1351 gwei | Engine: RUNNING
  └──────────────────────────────────────────────────────────┘
   👁️  WATCHLIST +1: HF=1.1151 debt=$3,348 chain=137 (0x821d0defd7...)
   ⏱️  Scan #286 | Positions: 817 | Watchlist: 317 | Opps found: 28 | ETH gas: 0.1280 gwei | Vectors: 4/6 active
   📡 [RPC Gateway] reqs=0 rps=0.0 batched=0 failovers=0 429s=0
   ⚡ [ZRP] positions=817 checks=4305 fired=0 confirmed=0 reverted=0 profit=$0.00 gas=$0.0000
      Index: ETH/USD:817

  ┌─ STATUS [3:28:58] ─────────────────────────────────────────┐
  │ Profits: 0/5 | Total P&L: $0.00 | Phase: phase_1_cold_start
  │ Positions: 817 | Opps: found=28 exec=26 skip=2
  │ Vectors: standard_liquidation=1, preemptive_liquidation=25, new_protocol=2, undercollateralized_pool=861
  │ Gas: 0.1280 gwei | Engine: RUNNING
  └──────────────────────────────────────────────────────────┘
   ⚠️ SELF-HEAL: No new opportunities in 10 minutes — relaxing thresholds

  📊 [phase_1_cold_start] 3.49h | P&L: $0.00 | Rate: $0.00/hr | TXs: 26 | Cap: $0.00 | Mult: inactive
   ⏱️  Scan #287 | Positions: 817 | Watchlist: 317 | Opps found: 28 | ETH gas: 0.1267 gwei | Vectors: 4/6 active

  🔧 ADAPTIVE: No new profits in 300s
     min_profit: $0.01 → $0.01
     min_confidence: 0.01 → 0.01
     Positions tracked: 817

  📊 HEALTH FACTOR DISTRIBUTION (sampled 30 of 817):
           <1.0:   0 
       1.0-1.05:   0 
      1.05-1.10:   1 █
      1.10-1.20:   1 █
      1.20-1.50:   3 ███
          >1.50:  25 █████████████████████████
          error:   0 
     Closest to liquidation: HF=1.0715 debt=$1,374 (0xb6d8214f...)

  ┌─ STATUS [3:29:47] ─────────────────────────────────────────┐
  │ Profits: 0/5 | Total P&L: $0.00 | Phase: phase_1_cold_start
  │ Positions: 817 | Opps: found=28 exec=26 skip=2
  │ Vectors: standard_liquidation=1, preemptive_liquidation=25, new_protocol=2, undercollateralized_pool=864
  │ Gas: 0.1267 gwei | Engine: RUNNING
  └──────────────────────────────────────────────────────────┘
   👁️  WATCHLIST +1: HF=1.1101 debt=$9,184 chain=1 (0x60ffe08b24...)
   ⏱️  Scan #288 | Positions: 817 | Watchlist: 320 | Opps found: 28 | ETH gas: 0.1108 gwei | Vectors: 4/6 active

  ┌─ STATUS [3:30:28] ─────────────────────────────────────────┐
  │ Profits: 0/5 | Total P&L: $0.00 | Phase: phase_1_cold_start
  │ Positions: 817 | Opps: found=28 exec=26 skip=2
  │ Vectors: standard_liquidation=1, preemptive_liquidation=25, new_protocol=2, undercollateralized_pool=867
  │ Gas: 0.1108 gwei | Engine: RUNNING
  └──────────────────────────────────────────────────────────┘

  📊 [phase_1_cold_start] 3.52h | P&L: $0.00 | Rate: $0.00/hr | TXs: 26 | Cap: $0.00 | Mult: inactive
   ⏱️  Scan #289 | Positions: 817 | Watchlist: 320 | Opps found: 28 | ETH gas: 0.1286 gwei | Vectors: 4/6 active
   📇 Chain 1: +1 borrowers from 2286 events (total tracked: 818)
   📡 [RPC Gateway] reqs=0 rps=0.0 batched=0 failovers=0 429s=0
   ⚡ [ZRP] positions=819 checks=4350 fired=0 confirmed=0 reverted=0 profit=$0.00 gas=$0.0000
      Index: ETH/USD:819

  ┌─ STATUS [3:31:15] ─────────────────────────────────────────┐
  │ Profits: 0/5 | Total P&L: $0.00 | Phase: phase_1_cold_start
  │ Positions: 818 | Opps: found=28 exec=26 skip=2
  │ Vectors: standard_liquidation=1, preemptive_liquidation=25, new_protocol=2, undercollateralized_pool=870
  │ Gas: 0.1286 gwei | Engine: RUNNING
  └──────────────────────────────────────────────────────────┘
   ⏱️  Scan #290 | Positions: 818 | Watchlist: 320 | Opps found: 28 | ETH gas: 0.1337 gwei | Vectors: 4/6 active

  ┌─ STATUS [3:32:01] ─────────────────────────────────────────┐
  │ Profits: 0/5 | Total P&L: $0.00 | Phase: phase_1_cold_start
  │ Positions: 818 | Opps: found=28 exec=26 skip=2
  │ Vectors: standard_liquidation=1, preemptive_liquidation=25, new_protocol=2, undercollateralized_pool=873
  │ Gas: 0.1337 gwei | Engine: RUNNING
  └──────────────────────────────────────────────────────────┘

  📊 [phase_1_cold_start] 3.55h | P&L: $0.00 | Rate: $0.00/hr | TXs: 26 | Cap: $0.00 | Mult: inactive
   📇 Chain 1: +1 borrowers from 2286 events (total tracked: 819)
   ⏱️  Scan #291 | Positions: 819 | Watchlist: 320 | Opps found: 28 | ETH gas: 0.1287 gwei | Vectors: 4/6 active

  ┌─ STATUS [3:32:51] ─────────────────────────────────────────┐
  │ Profits: 0/5 | Total P&L: $0.00 | Phase: phase_1_cold_start
  │ Positions: 819 | Opps: found=28 exec=26 skip=2
  │ Vectors: standard_liquidation=1, preemptive_liquidation=25, new_protocol=2, undercollateralized_pool=876
  │ Gas: 0.1287 gwei | Engine: RUNNING
  └──────────────────────────────────────────────────────────┘
   👁️  WATCHLIST +1: HF=1.1107 debt=$25,849 chain=1 (0x122e2cd153...)
   ⏱️  Scan #292 | Positions: 819 | Watchlist: 321 | Opps found: 28 | ETH gas: 0.1520 gwei | Vectors: 4/6 active
   📡 [RPC Gateway] reqs=0 rps=0.0 batched=0 failovers=0 429s=0
   ⚡ [ZRP] positions=820 checks=4395 fired=0 confirmed=0 reverted=0 profit=$0.00 gas=$0.0000
      Index: ETH/USD:820

  ┌─ STATUS [3:33:39] ─────────────────────────────────────────┐
  │ Profits: 0/5 | Total P&L: $0.00 | Phase: phase_1_cold_start
  │ Positions: 819 | Opps: found=28 exec=26 skip=2
  │ Vectors: standard_liquidation=1, preemptive_liquidation=25, new_protocol=2, undercollateralized_pool=879
  │ Gas: 0.1520 gwei | Engine: RUNNING
  └──────────────────────────────────────────────────────────┘

  📊 [phase_1_cold_start] 3.57h | P&L: $0.00 | Rate: $0.00/hr | TXs: 26 | Cap: $0.00 | Mult: inactive
   📇 Chain 1: +1 borrowers from 2290 events (total tracked: 820)
   ⏱️  Scan #293 | Positions: 820 | Watchlist: 321 | Opps found: 28 | ETH gas: 0.1441 gwei | Vectors: 4/6 active

  ┌─ STATUS [3:34:32] ─────────────────────────────────────────┐
  │ Profits: 0/5 | Total P&L: $0.00 | Phase: phase_1_cold_start
  │ Positions: 820 | Opps: found=28 exec=26 skip=2
  │ Vectors: standard_liquidation=1, preemptive_liquidation=25, new_protocol=2, undercollateralized_pool=882
  │ Gas: 0.1441 gwei | Engine: RUNNING
  └──────────────────────────────────────────────────────────┘
   📝 Queued execution dc28f04d... (priority 8)
   🎯 [standard_liquidation] chain=1 profit=$39.36 conf=95% pri=8
   🔫 FIRING liquidationCall: chain=1 user=0x950556fe43... HF~1.0049 debt_cover=157945032100
   📡 TX broadcast: 58ab4e8b4a477433...
   ⏱️  Scan #294 | Positions: 820 | Watchlist: 321 | Opps found: 29 | ETH gas: 0.1450 gwei | Vectors: 4/6 active

  🔧 ADAPTIVE: No new profits in 300s
     min_profit: $0.01 → $0.01
     min_confidence: 0.01 → 0.01
     Positions tracked: 820

  📊 HEALTH FACTOR DISTRIBUTION (sampled 30 of 820):
           <1.0:   0 
       1.0-1.05:   0 
      1.05-1.10:   1 █
      1.10-1.20:   1 █
      1.20-1.50:   3 ███
          >1.50:  25 █████████████████████████
          error:   0 
     Closest to liquidation: HF=1.0715 debt=$1,374 (0xb6d8214f...)

  ┌─ STATUS [3:35:24] ─────────────────────────────────────────┐
  │ Profits: 0/5 | Total P&L: $0.00 | Phase: phase_1_cold_start
  │ Positions: 820 | Opps: found=29 exec=27 skip=2
  │ Vectors: standard_liquidation=2, preemptive_liquidation=25, new_protocol=2, undercollateralized_pool=885
  │ Gas: 0.1450 gwei | Engine: RUNNING
  └──────────────────────────────────────────────────────────┘
   ✅ Execution dc28f04d... completed: timeout

  📊 [phase_1_cold_start] 3.60h | P&L: $0.00 | Rate: $0.00/hr | TXs: 27 | Cap: $0.00 | Mult: inactive
   ⏱️  Scan #295 | Positions: 820 | Watchlist: 321 | Opps found: 29 | ETH gas: 0.1427 gwei | Vectors: 4/6 active
   📡 [RPC Gateway] reqs=0 rps=0.0 batched=0 failovers=0 429s=0
   ⚡ [ZRP] positions=822 checks=4440 fired=0 confirmed=0 reverted=0 profit=$0.00 gas=$0.0000
      Index: ETH/USD:822

  ┌─ STATUS [3:36:17] ─────────────────────────────────────────┐
  │ Profits: 0/5 | Total P&L: $0.00 | Phase: phase_1_cold_start
  │ Positions: 820 | Opps: found=29 exec=27 skip=2
  │ Vectors: standard_liquidation=2, preemptive_liquidation=25, new_protocol=2, undercollateralized_pool=888
  │ Gas: 0.1427 gwei | Engine: RUNNING
  └──────────────────────────────────────────────────────────┘
   ⏱️  Scan #296 | Positions: 820 | Watchlist: 321 | Opps found: 29 | ETH gas: 0.1264 gwei | Vectors: 4/6 active

  ┌─ STATUS [3:37:07] ─────────────────────────────────────────┐
  │ Profits: 0/5 | Total P&L: $0.00 | Phase: phase_1_cold_start
  │ Positions: 820 | Opps: found=29 exec=27 skip=2
  │ Vectors: standard_liquidation=2, preemptive_liquidation=25, new_protocol=2, undercollateralized_pool=891
  │ Gas: 0.1264 gwei | Engine: RUNNING
  └──────────────────────────────────────────────────────────┘

  📊 [phase_1_cold_start] 3.63h | P&L: $0.00 | Rate: $0.00/hr | TXs: 27 | Cap: $0.00 | Mult: inactive
   ⏱️  Scan #297 | Positions: 820 | Watchlist: 321 | Opps found: 29 | ETH gas: 0.1319 gwei | Vectors: 4/6 active

  ┌─ STATUS [3:38:02] ─────────────────────────────────────────┐
  │ Profits: 0/5 | Total P&L: $0.00 | Phase: phase_1_cold_start
  │ Positions: 820 | Opps: found=29 exec=27 skip=2
  │ Vectors: standard_liquidation=2, preemptive_liquidation=25, new_protocol=2, undercollateralized_pool=894
  │ Gas: 0.1319 gwei | Engine: RUNNING
  └──────────────────────────────────────────────────────────┘
   ⏱️  Scan #298 | Positions: 820 | Watchlist: 321 | Opps found: 29 | ETH gas: 0.1245 gwei | Vectors: 4/6 active
   ⚡ [ZRP] positions=822 checks=4485 fired=0 confirmed=0 reverted=0 profit=$0.00 gas=$0.0000
      Index: ETH/USD:822
   📡 [RPC Gateway] reqs=0 rps=0.0 batched=0 failovers=0 429s=0

  ┌─ STATUS [3:38:53] ─────────────────────────────────────────┐
  │ Profits: 0/5 | Total P&L: $0.00 | Phase: phase_1_cold_start
  │ Positions: 820 | Opps: found=29 exec=27 skip=2
  │ Vectors: standard_liquidation=2, preemptive_liquidation=25, new_protocol=2, undercollateralized_pool=897
  │ Gas: 0.1245 gwei | Engine: RUNNING
  └──────────────────────────────────────────────────────────┘

  📊 [phase_1_cold_start] 3.66h | P&L: $0.00 | Rate: $0.00/hr | TXs: 27 | Cap: $0.00 | Mult: inactive
   📇 Chain 137: +1 borrowers from 44 events (total tracked: 821)
   ⏱️  Scan #299 | Positions: 821 | Watchlist: 321 | Opps found: 29 | ETH gas: 0.1137 gwei | Vectors: 4/6 active

  ┌─ STATUS [3:39:35] ─────────────────────────────────────────┐
  │ Profits: 0/5 | Total P&L: $0.00 | Phase: phase_1_cold_start
  │ Positions: 821 | Opps: found=29 exec=27 skip=2
  │ Vectors: standard_liquidation=2, preemptive_liquidation=25, new_protocol=2, undercollateralized_pool=900
  │ Gas: 0.1137 gwei | Engine: RUNNING
  └──────────────────────────────────────────────────────────┘
   ⏱️  Scan #300 | Positions: 821 | Watchlist: 322 | Opps found: 29 | ETH gas: 0.1018 gwei | Vectors: 4/6 active

  ┌─ STATUS [3:40:19] ─────────────────────────────────────────┐
  │ Profits: 0/5 | Total P&L: $0.00 | Phase: phase_1_cold_start
  │ Positions: 821 | Opps: found=29 exec=27 skip=2
  │ Vectors: standard_liquidation=2, preemptive_liquidation=25, new_protocol=2, undercollateralized_pool=903
  │ Gas: 0.1018 gwei | Engine: RUNNING
  └──────────────────────────────────────────────────────────┘
   ⚠️ SELF-HEAL: No new opportunities in 10 minutes — relaxing thresholds

  📊 [phase_1_cold_start] 3.68h | P&L: $0.00 | Rate: $0.00/hr | TXs: 27 | Cap: $0.00 | Mult: inactive

  🔧 ADAPTIVE: No new profits in 300s
     min_profit: $0.01 → $0.01
     min_confidence: 0.01 → 0.01
     Positions tracked: 821

  📊 HEALTH FACTOR DISTRIBUTION (sampled 30 of 821):
           <1.0:   0 
       1.0-1.05:   0 
      1.05-1.10:   1 █
      1.10-1.20:   1 █
      1.20-1.50:   3 ███
          >1.50:  25 █████████████████████████
          error:   0 
     Closest to liquidation: HF=1.0715 debt=$1,374 (0xb6d8214f...)
   📇 Chain 1: +1 borrowers from 2286 events (total tracked: 822)
   ⏱️  Scan #301 | Positions: 822 | Watchlist: 322 | Opps found: 29 | ETH gas: 0.1052 gwei | Vectors: 4/6 active

  ┌─ STATUS [3:41:09] ─────────────────────────────────────────┐
  │ Profits: 0/5 | Total P&L: $0.00 | Phase: phase_1_cold_start
  │ Positions: 822 | Opps: found=29 exec=27 skip=2
  │ Vectors: standard_liquidation=2, preemptive_liquidation=25, new_protocol=2, undercollateralized_pool=906
  │ Gas: 0.1052 gwei | Engine: RUNNING
  └──────────────────────────────────────────────────────────┘
   ⚡ [ZRP] positions=823 checks=4545 fired=0 confirmed=0 reverted=0 profit=$0.00 gas=$0.0000
      Index: ETH/USD:823
   📡 [RPC Gateway] reqs=0 rps=0.0 batched=0 failovers=0 429s=0
   ⏱️  Scan #302 | Positions: 822 | Watchlist: 322 | Opps found: 29 | ETH gas: 0.1198 gwei | Vectors: 4/6 active

  ┌─ STATUS [3:41:54] ─────────────────────────────────────────┐
  │ Profits: 0/5 | Total P&L: $0.00 | Phase: phase_1_cold_start
  │ Positions: 822 | Opps: found=29 exec=27 skip=2
  │ Vectors: standard_liquidation=2, preemptive_liquidation=25, new_protocol=2, undercollateralized_pool=909
  │ Gas: 0.1198 gwei | Engine: RUNNING
  └──────────────────────────────────────────────────────────┘

  📊 [phase_1_cold_start] 3.71h | P&L: $0.00 | Rate: $0.00/hr | TXs: 27 | Cap: $0.00 | Mult: inactive
   📇 Chain 1: +1 borrowers from 2283 events (total tracked: 823)
   ⏱️  Scan #303 | Positions: 823 | Watchlist: 322 | Opps found: 29 | ETH gas: 0.1206 gwei | Vectors: 4/6 active

  ┌─ STATUS [3:42:44] ─────────────────────────────────────────┐
  │ Profits: 0/5 | Total P&L: $0.00 | Phase: phase_1_cold_start
  │ Positions: 823 | Opps: found=29 exec=27 skip=2
  │ Vectors: standard_liquidation=2, preemptive_liquidation=25, new_protocol=2, undercollateralized_pool=912
  │ Gas: 0.1206 gwei | Engine: RUNNING
  └──────────────────────────────────────────────────────────┘
   ⏱️  Scan #304 | Positions: 823 | Watchlist: 322 | Opps found: 29 | ETH gas: 0.1383 gwei | Vectors: 4/6 active

  ┌─ STATUS [3:43:31] ─────────────────────────────────────────┐
  │ Profits: 0/5 | Total P&L: $0.00 | Phase: phase_1_cold_start
  │ Positions: 823 | Opps: found=29 exec=27 skip=2
  │ Vectors: standard_liquidation=2, preemptive_liquidation=25, new_protocol=2, undercollateralized_pool=915
  │ Gas: 0.1383 gwei | Engine: RUNNING
  └──────────────────────────────────────────────────────────┘

  📊 [phase_1_cold_start] 3.74h | P&L: $0.00 | Rate: $0.00/hr | TXs: 27 | Cap: $0.00 | Mult: inactive
   📡 [RPC Gateway] reqs=0 rps=0.0 batched=0 failovers=0 429s=0
   ⚡ [ZRP] positions=825 checks=4590 fired=0 confirmed=0 reverted=0 profit=$0.00 gas=$0.0000
      Index: ETH/USD:825
   📇 Chain 1: +1 borrowers from 2283 events (total tracked: 824)
   ⏱️  Scan #305 | Positions: 824 | Watchlist: 322 | Opps found: 29 | ETH gas: 0.1303 gwei | Vectors: 4/6 active

  ┌─ STATUS [3:44:21] ─────────────────────────────────────────┐
  │ Profits: 0/5 | Total P&L: $0.00 | Phase: phase_1_cold_start
  │ Positions: 824 | Opps: found=29 exec=27 skip=2
  │ Vectors: standard_liquidation=2, preemptive_liquidation=25, new_protocol=2, undercollateralized_pool=918
  │ Gas: 0.1303 gwei | Engine: RUNNING
  └──────────────────────────────────────────────────────────┘
   👁️  WATCHLIST +1: HF=1.0715 debt=$1,374 chain=1 (0xb6d8214fda...)
   👁️  WATCHLIST +1: HF=1.1517 debt=$45,699 chain=1 (0x3b6aee1264...)
   ⏱️  Scan #306 | Positions: 824 | Watchlist: 324 | Opps found: 29 | ETH gas: 0.1377 gwei | Vectors: 4/6 active

  ┌─ STATUS [3:45:11] ─────────────────────────────────────────┐
  │ Profits: 0/5 | Total P&L: $0.00 | Phase: phase_1_cold_start
  │ Positions: 824 | Opps: found=29 exec=27 skip=2
  │ Vectors: standard_liquidation=2, preemptive_liquidation=25, new_protocol=2, undercollateralized_pool=921
  │ Gas: 0.1377 gwei | Engine: RUNNING
  └──────────────────────────────────────────────────────────┘

  📊 [phase_1_cold_start] 3.77h | P&L: $0.00 | Rate: $0.00/hr | TXs: 27 | Cap: $0.00 | Mult: inactive
   ⏱️  Scan #307 | Positions: 824 | Watchlist: 324 | Opps found: 29 | ETH gas: 0.1356 gwei | Vectors: 4/6 active

  ┌─ STATUS [3:46:05] ─────────────────────────────────────────┐
  │ Profits: 0/5 | Total P&L: $0.00 | Phase: phase_1_cold_start
  │ Positions: 824 | Opps: found=29 exec=27 skip=2
  │ Vectors: standard_liquidation=2, preemptive_liquidation=25, new_protocol=2, undercollateralized_pool=924
  │ Gas: 0.1356 gwei | Engine: RUNNING
  └──────────────────────────────────────────────────────────┘

  🔧 ADAPTIVE: No new profits in 300s
     min_profit: $0.01 → $0.01
     min_confidence: 0.01 → 0.01
     Positions tracked: 824

  📊 HEALTH FACTOR DISTRIBUTION (sampled 30 of 824):
           <1.0:   0 
       1.0-1.05:   0 
      1.05-1.10:   1 █
      1.10-1.20:   1 █
      1.20-1.50:   3 ███
          >1.50:  25 █████████████████████████
          error:   0 
     Closest to liquidation: HF=1.0715 debt=$1,374 (0xb6d8214f...)
   ⚡ [ZRP] positions=826 checks=4635 fired=0 confirmed=0 reverted=0 profit=$0.00 gas=$0.0000
      Index: ETH/USD:826
   📡 [RPC Gateway] reqs=0 rps=0.0 batched=0 failovers=0 429s=0
   ⏱️  Scan #308 | Positions: 824 | Watchlist: 324 | Opps found: 29 | ETH gas: 0.1346 gwei | Vectors: 4/6 active

  ┌─ STATUS [3:47:00] ─────────────────────────────────────────┐
  │ Profits: 0/5 | Total P&L: $0.00 | Phase: phase_1_cold_start
  │ Positions: 824 | Opps: found=29 exec=27 skip=2
  │ Vectors: standard_liquidation=2, preemptive_liquidation=25, new_protocol=2, undercollateralized_pool=927
  │ Gas: 0.1346 gwei | Engine: RUNNING
  └──────────────────────────────────────────────────────────┘

  📊 [phase_1_cold_start] 3.79h | P&L: $0.00 | Rate: $0.00/hr | TXs: 27 | Cap: $0.00 | Mult: inactive
   📇 Chain 137: +1 borrowers from 45 events (total tracked: 825)
   ⏱️  Scan #309 | Positions: 825 | Watchlist: 324 | Opps found: 29 | ETH gas: 0.1290 gwei | Vectors: 4/6 active

  ┌─ STATUS [3:47:42] ─────────────────────────────────────────┐
  │ Profits: 0/5 | Total P&L: $0.00 | Phase: phase_1_cold_start
  │ Positions: 825 | Opps: found=29 exec=27 skip=2
  │ Vectors: standard_liquidation=2, preemptive_liquidation=25, new_protocol=2, undercollateralized_pool=930
  │ Gas: 0.1290 gwei | Engine: RUNNING
  └──────────────────────────────────────────────────────────┘
   ⏱️  Scan #310 | Positions: 825 | Watchlist: 325 | Opps found: 29 | ETH gas: 0.1245 gwei | Vectors: 4/6 active

  ┌─ STATUS [3:48:25] ─────────────────────────────────────────┐
  │ Profits: 0/5 | Total P&L: $0.00 | Phase: phase_1_cold_start
  │ Positions: 825 | Opps: found=29 exec=27 skip=2
  │ Vectors: standard_liquidation=2, preemptive_liquidation=25, new_protocol=2, undercollateralized_pool=933
  │ Gas: 0.1245 gwei | Engine: RUNNING
  └──────────────────────────────────────────────────────────┘
   👁️  WATCHLIST +1: HF=1.0102 debt=$1,579 chain=1 (0x950556fe43...)

  📊 [phase_1_cold_start] 3.82h | P&L: $0.00 | Rate: $0.00/hr | TXs: 27 | Cap: $0.00 | Mult: inactive
   ⏱️  Scan #311 | Positions: 825 | Watchlist: 326 | Opps found: 29 | ETH gas: 0.1149 gwei | Vectors: 4/6 active

  ┌─ STATUS [3:49:13] ─────────────────────────────────────────┐
  │ Profits: 0/5 | Total P&L: $0.00 | Phase: phase_1_cold_start
  │ Positions: 825 | Opps: found=29 exec=27 skip=2
  │ Vectors: standard_liquidation=2, preemptive_liquidation=25, new_protocol=2, undercollateralized_pool=936
  │ Gas: 0.1149 gwei | Engine: RUNNING
  └──────────────────────────────────────────────────────────┘
   ⚡ [ZRP] positions=827 checks=4680 fired=0 confirmed=0 reverted=0 profit=$0.00 gas=$0.0000
      Index: ETH/USD:827
   📡 [RPC Gateway] reqs=0 rps=0.0 batched=0 failovers=0 429s=0
   ⏱️  Scan #312 | Positions: 825 | Watchlist: 326 | Opps found: 29 | ETH gas: 0.0997 gwei | Vectors: 4/6 active

  ┌─ STATUS [3:50:00] ─────────────────────────────────────────┐
  │ Profits: 0/5 | Total P&L: $0.00 | Phase: phase_1_cold_start
  │ Positions: 825 | Opps: found=29 exec=27 skip=2
  │ Vectors: standard_liquidation=2, preemptive_liquidation=25, new_protocol=2, undercollateralized_pool=939
  │ Gas: 0.0997 gwei | Engine: RUNNING
  └──────────────────────────────────────────────────────────┘

  📊 [phase_1_cold_start] 3.85h | P&L: $0.00 | Rate: $0.00/hr | TXs: 27 | Cap: $0.00 | Mult: inactive
   ⏱️  Scan #313 | Positions: 825 | Watchlist: 326 | Opps found: 29 | ETH gas: 0.1071 gwei | Vectors: 4/6 active

  ┌─ STATUS [3:50:50] ─────────────────────────────────────────┐
  │ Profits: 0/5 | Total P&L: $0.00 | Phase: phase_1_cold_start
  │ Positions: 825 | Opps: found=29 exec=27 skip=2
  │ Vectors: standard_liquidation=2, preemptive_liquidation=25, new_protocol=2, undercollateralized_pool=942
  │ Gas: 0.1071 gwei | Engine: RUNNING
  └──────────────────────────────────────────────────────────┘
   ⏱️  Scan #314 | Positions: 825 | Watchlist: 326 | Opps found: 29 | ETH gas: 0.0998 gwei | Vectors: 4/6 active
   ⚡ [ZRP] positions=827 checks=4725 fired=0 confirmed=0 reverted=0 profit=$0.00 gas=$0.0000
      Index: ETH/USD:827
   📡 [RPC Gateway] reqs=0 rps=0.0 batched=0 failovers=0 429s=0

  ┌─ STATUS [3:51:40] ─────────────────────────────────────────┐
  │ Profits: 0/5 | Total P&L: $0.00 | Phase: phase_1_cold_start
  │ Positions: 825 | Opps: found=29 exec=27 skip=2
  │ Vectors: standard_liquidation=2, preemptive_liquidation=25, new_protocol=2, undercollateralized_pool=945
  │ Gas: 0.0998 gwei | Engine: RUNNING
  └──────────────────────────────────────────────────────────┘

  🔧 ADAPTIVE: No new profits in 300s
     min_profit: $0.01 → $0.01
     min_confidence: 0.01 → 0.01
     Positions tracked: 825

  📊 HEALTH FACTOR DISTRIBUTION (sampled 30 of 825):
           <1.0:   0 
       1.0-1.05:   0 
      1.05-1.10:   1 █
      1.10-1.20:   1 █
      1.20-1.50:   3 ███
          >1.50:  25 █████████████████████████
          error:   0 
     Closest to liquidation: HF=1.0715 debt=$1,374 (0xb6d8214f...)
   ⚠️ SELF-HEAL: No new opportunities in 10 minutes — relaxing thresholds

  📊 [phase_1_cold_start] 3.88h | P&L: $0.00 | Rate: $0.00/hr | TXs: 27 | Cap: $0.00 | Mult: inactive
   ⏱️  Scan #315 | Positions: 825 | Watchlist: 326 | Opps found: 29 | ETH gas: 0.1002 gwei | Vectors: 4/6 active

  ┌─ STATUS [3:52:36] ─────────────────────────────────────────┐
  │ Profits: 0/5 | Total P&L: $0.00 | Phase: phase_1_cold_start
  │ Positions: 825 | Opps: found=29 exec=27 skip=2
  │ Vectors: standard_liquidation=2, preemptive_liquidation=25, new_protocol=2, undercollateralized_pool=948
  │ Gas: 0.1002 gwei | Engine: RUNNING
  └──────────────────────────────────────────────────────────┘
   ⏱️  Scan #316 | Positions: 825 | Watchlist: 326 | Opps found: 29 | ETH gas: 0.0971 gwei | Vectors: 4/6 active

  ┌─ STATUS [3:53:29] ─────────────────────────────────────────┐
  │ Profits: 0/5 | Total P&L: $0.00 | Phase: phase_1_cold_start
  │ Positions: 825 | Opps: found=29 exec=27 skip=2
  │ Vectors: standard_liquidation=2, preemptive_liquidation=25, new_protocol=2, undercollateralized_pool=951
  │ Gas: 0.0971 gwei | Engine: RUNNING
  └──────────────────────────────────────────────────────────┘

  📊 [phase_1_cold_start] 3.90h | P&L: $0.00 | Rate: $0.00/hr | TXs: 27 | Cap: $0.00 | Mult: inactive
   📇 Chain 1: +1 borrowers from 2281 events (total tracked: 826)
   📡 [RPC Gateway] reqs=0 rps=0.0 batched=0 failovers=0 429s=0
   ⚡ [ZRP] positions=828 checks=4770 fired=0 confirmed=0 reverted=0 profit=$0.00 gas=$0.0000
      Index: ETH/USD:828
   📝 Queued execution 15633bed... (priority 8)
   🎯 [preemptive_liquidation] chain=1 profit=$103.35 conf=5% pri=8
   ⏱️  Scan #317 | Positions: 826 | Watchlist: 326 | Opps found: 30 | ETH gas: 0.0794 gwei | Vectors: 4/6 active

  ┌─ STATUS [3:54:24] ─────────────────────────────────────────┐
  │ Profits: 0/5 | Total P&L: $0.00 | Phase: phase_1_cold_start
  │ Positions: 826 | Opps: found=30 exec=28 skip=2
  │ Vectors: standard_liquidation=2, preemptive_liquidation=26, new_protocol=2, undercollateralized_pool=954
  │ Gas: 0.0794 gwei | Engine: RUNNING
  └──────────────────────────────────────────────────────────┘
   ❌ EXEC FAILED chain=1 user=?... reason=Unknown format '', attempted to normalize to '0x'
   ✅ Execution 15633bed... completed: failed
   ⏱️  Scan #318 | Positions: 826 | Watchlist: 326 | Opps found: 30 | ETH gas: 0.0918 gwei | Vectors: 4/6 active

  ┌─ STATUS [3:55:05] ─────────────────────────────────────────┐
  │ Profits: 0/5 | Total P&L: $0.00 | Phase: phase_1_cold_start
  │ Positions: 826 | Opps: found=30 exec=28 skip=2
  │ Vectors: standard_liquidation=2, preemptive_liquidation=26, new_protocol=2, undercollateralized_pool=957
  │ Gas: 0.0918 gwei | Engine: RUNNING
  └──────────────────────────────────────────────────────────┘

  📊 [phase_1_cold_start] 3.93h | P&L: $0.00 | Rate: $0.00/hr | TXs: 28 | Cap: $0.00 | Mult: inactive
   ⏱️  Scan #319 | Positions: 826 | Watchlist: 326 | Opps found: 30 | ETH gas: 0.0934 gwei | Vectors: 4/6 active
   📇 Chain 1: +1 borrowers from 2283 events (total tracked: 827)

  ┌─ STATUS [3:55:49] ─────────────────────────────────────────┐
  │ Profits: 0/5 | Total P&L: $0.00 | Phase: phase_1_cold_start
  │ Positions: 827 | Opps: found=30 exec=28 skip=2
  │ Vectors: standard_liquidation=2, preemptive_liquidation=26, new_protocol=2, undercollateralized_pool=960
  │ Gas: 0.0934 gwei | Engine: RUNNING
  └──────────────────────────────────────────────────────────┘
   ⏱️  Scan #320 | Positions: 827 | Watchlist: 326 | Opps found: 30 | ETH gas: 0.0906 gwei | Vectors: 4/6 active

  ┌─ STATUS [3:56:32] ─────────────────────────────────────────┐
  │ Profits: 0/5 | Total P&L: $0.00 | Phase: phase_1_cold_start
  │ Positions: 827 | Opps: found=30 exec=28 skip=2
  │ Vectors: standard_liquidation=2, preemptive_liquidation=26, new_protocol=2, undercollateralized_pool=963
  │ Gas: 0.0906 gwei | Engine: RUNNING
  └──────────────────────────────────────────────────────────┘
   ⚡ [ZRP] positions=828 checks=4815 fired=0 confirmed=0 reverted=0 profit=$0.00 gas=$0.0000
      Index: ETH/USD:828
   📡 [RPC Gateway] reqs=0 rps=0.0 batched=0 failovers=0 429s=0

  📊 [phase_1_cold_start] 3.95h | P&L: $0.00 | Rate: $0.00/hr | TXs: 28 | Cap: $0.00 | Mult: inactive
   ⏱️  Scan #321 | Positions: 827 | Watchlist: 326 | Opps found: 30 | ETH gas: 0.0935 gwei | Vectors: 4/6 active
   📇 Chain 1: +1 borrowers from 2287 events (total tracked: 828)

  ┌─ STATUS [3:57:20] ─────────────────────────────────────────┐
  │ Profits: 0/5 | Total P&L: $0.00 | Phase: phase_1_cold_start
  │ Positions: 828 | Opps: found=30 exec=28 skip=2
  │ Vectors: standard_liquidation=2, preemptive_liquidation=26, new_protocol=2, undercollateralized_pool=966
  │ Gas: 0.0935 gwei | Engine: RUNNING
  └──────────────────────────────────────────────────────────┘

  🔧 ADAPTIVE: No new profits in 300s
     min_profit: $0.01 → $0.01
     min_confidence: 0.01 → 0.01
     Positions tracked: 828

  📊 HEALTH FACTOR DISTRIBUTION (sampled 30 of 828):
           <1.0:   0 
       1.0-1.05:   0 
      1.05-1.10:   1 █
      1.10-1.20:   1 █
      1.20-1.50:   3 ███
          >1.50:  25 █████████████████████████
          error:   0 
     Closest to liquidation: HF=1.0715 debt=$1,374 (0xb6d8214f...)
   ⏱️  Scan #322 | Positions: 828 | Watchlist: 328 | Opps found: 30 | ETH gas: 0.0901 gwei | Vectors: 4/6 active

  ┌─ STATUS [3:58:06] ─────────────────────────────────────────┐
  │ Profits: 0/5 | Total P&L: $0.00 | Phase: phase_1_cold_start
  │ Positions: 828 | Opps: found=30 exec=28 skip=2
  │ Vectors: standard_liquidation=2, preemptive_liquidation=26, new_protocol=2, undercollateralized_pool=969
  │ Gas: 0.0901 gwei | Engine: RUNNING
  └──────────────────────────────────────────────────────────┘

  📊 [phase_1_cold_start] 3.98h | P&L: $0.00 | Rate: $0.00/hr | TXs: 28 | Cap: $0.00 | Mult: inactive
   📇 Chain 1: +2 borrowers from 2288 events (total tracked: 830)
   ⏱️  Scan #323 | Positions: 830 | Watchlist: 328 | Opps found: 30 | ETH gas: 0.0865 gwei | Vectors: 4/6 active
   📡 [RPC Gateway] reqs=0 rps=0.0 batched=0 failovers=0 429s=0
   ⚡ [ZRP] positions=830 checks=4860 fired=0 confirmed=0 reverted=0 profit=$0.00 gas=$0.0000
      Index: ETH/USD:830

  ┌─ STATUS [3:58:57] ─────────────────────────────────────────┐
  │ Profits: 0/5 | Total P&L: $0.00 | Phase: phase_1_cold_start
  │ Positions: 830 | Opps: found=30 exec=28 skip=2
  │ Vectors: standard_liquidation=2, preemptive_liquidation=26, new_protocol=2, undercollateralized_pool=972
  │ Gas: 0.0865 gwei | Engine: RUNNING
  └──────────────────────────────────────────────────────────┘
   ⏱️  Scan #324 | Positions: 830 | Watchlist: 328 | Opps found: 30 | ETH gas: 0.0714 gwei | Vectors: 4/6 active

  ┌─ STATUS [3:59:45] ─────────────────────────────────────────┐
  │ Profits: 0/5 | Total P&L: $0.00 | Phase: phase_1_cold_start
  │ Positions: 830 | Opps: found=30 exec=28 skip=2
  │ Vectors: standard_liquidation=2, preemptive_liquidation=26, new_protocol=2, undercollateralized_pool=975
  │ Gas: 0.0714 gwei | Engine: RUNNING
  └──────────────────────────────────────────────────────────┘

  📊 [phase_1_cold_start] 4.01h | P&L: $0.00 | Rate: $0.00/hr | TXs: 28 | Cap: $0.00 | Mult: inactive
   ⏱️  Scan #325 | Positions: 830 | Watchlist: 328 | Opps found: 30 | ETH gas: 0.0757 gwei | Vectors: 4/6 active

  ┌─ STATUS [4:00:38] ─────────────────────────────────────────┐
  │ Profits: 0/5 | Total P&L: $0.00 | Phase: phase_1_cold_start
  │ Positions: 830 | Opps: found=30 exec=28 skip=2
  │ Vectors: standard_liquidation=2, preemptive_liquidation=26, new_protocol=2, undercollateralized_pool=978
  │ Gas: 0.0757 gwei | Engine: RUNNING
  └──────────────────────────────────────────────────────────┘
   ⏱️  Scan #326 | Positions: 830 | Watchlist: 328 | Opps found: 30 | ETH gas: 0.0756 gwei | Vectors: 4/6 active
   ⚡ [ZRP] positions=832 checks=4905 fired=0 confirmed=0 reverted=0 profit=$0.00 gas=$0.0000
      Index: ETH/USD:832
   📡 [RPC Gateway] reqs=0 rps=0.0 batched=0 failovers=0 429s=0

  ┌─ STATUS [4:01:30] ─────────────────────────────────────────┐
  │ Profits: 0/5 | Total P&L: $0.00 | Phase: phase_1_cold_start
  │ Positions: 830 | Opps: found=30 exec=28 skip=2
  │ Vectors: standard_liquidation=2, preemptive_liquidation=26, new_protocol=2, undercollateralized_pool=981
  │ Gas: 0.0756 gwei | Engine: RUNNING
  └──────────────────────────────────────────────────────────┘

  📊 [phase_1_cold_start] 4.04h | P&L: $0.00 | Rate: $0.00/hr | TXs: 28 | Cap: $0.00 | Mult: inactive
   📇 Chain 137: +1 borrowers from 46 events (total tracked: 831)
   ⏱️  Scan #327 | Positions: 831 | Watchlist: 328 | Opps found: 30 | ETH gas: 0.0702 gwei | Vectors: 4/6 active

  ┌─ STATUS [4:02:25] ─────────────────────────────────────────┐
  │ Profits: 0/5 | Total P&L: $0.00 | Phase: phase_1_cold_start
  │ Positions: 831 | Opps: found=30 exec=28 skip=2
  │ Vectors: standard_liquidation=2, preemptive_liquidation=26, new_protocol=2, undercollateralized_pool=984
  │ Gas: 0.0702 gwei | Engine: RUNNING
  └──────────────────────────────────────────────────────────┘
   📝 Queued execution ed7871ab... (priority 8)
   🎯 [preemptive_liquidation] chain=1 profit=$105.33 conf=6% pri=8
   📝 Queued execution 7832a969... (priority 8)
   🎯 [preemptive_liquidation] chain=1 profit=$103.27 conf=5% pri=8
   ⏱️  Scan #328 | Positions: 831 | Watchlist: 328 | Opps found: 32 | ETH gas: 0.0875 gwei | Vectors: 4/6 active

  🔧 ADAPTIVE: No new profits in 300s
     min_profit: $0.01 → $0.01
     min_confidence: 0.01 → 0.01
     Positions tracked: 831

  📊 HEALTH FACTOR DISTRIBUTION (sampled 30 of 831):
           <1.0:   0 
       1.0-1.05:   0 
      1.05-1.10:   1 █
      1.10-1.20:   1 █
      1.20-1.50:   3 ███
          >1.50:  25 █████████████████████████
          error:   0 
     Closest to liquidation: HF=1.0715 debt=$1,382 (0xb6d8214f...)

  ┌─ STATUS [4:03:13] ─────────────────────────────────────────┐
  │ Profits: 0/5 | Total P&L: $0.00 | Phase: phase_1_cold_start
  │ Positions: 831 | Opps: found=32 exec=30 skip=2
  │ Vectors: standard_liquidation=2, preemptive_liquidation=28, new_protocol=2, undercollateralized_pool=987
  │ Gas: 0.0875 gwei | Engine: RUNNING
  └──────────────────────────────────────────────────────────┘
   ❌ EXEC FAILED chain=1 user=?... reason=Unknown format '', attempted to normalize to '0x'
   ✅ Execution ed7871ab... completed: failed
   ❌ EXEC FAILED chain=1 user=?... reason=Unknown format '', attempted to normalize to '0x'
   ✅ Execution 7832a969... completed: failed

  📊 [phase_1_cold_start] 4.07h | P&L: $0.00 | Rate: $0.00/hr | TXs: 30 | Cap: $0.00 | Mult: inactive
   📇 Chain 1: +2 borrowers from 2283 events (total tracked: 833)
   ⏱️  Scan #329 | Positions: 833 | Watchlist: 328 | Opps found: 32 | ETH gas: 0.0820 gwei | Vectors: 4/6 active
   ⚡ [ZRP] positions=833 checks=4950 fired=0 confirmed=0 reverted=0 profit=$0.00 gas=$0.0000
      Index: ETH/USD:833
   📡 [RPC Gateway] reqs=0 rps=0.0 batched=0 failovers=0 429s=0

  ┌─ STATUS [4:04:02] ─────────────────────────────────────────┐
  │ Profits: 0/5 | Total P&L: $0.00 | Phase: phase_1_cold_start
  │ Positions: 833 | Opps: found=32 exec=30 skip=2
  │ Vectors: standard_liquidation=2, preemptive_liquidation=28, new_protocol=2, undercollateralized_pool=990
  │ Gas: 0.0820 gwei | Engine: RUNNING
  └──────────────────────────────────────────────────────────┘
   ⏱️  Scan #330 | Positions: 833 | Watchlist: 328 | Opps found: 32 | ETH gas: 0.0788 gwei | Vectors: 4/6 active

  ┌─ STATUS [4:04:49] ─────────────────────────────────────────┐
  │ Profits: 0/5 | Total P&L: $0.00 | Phase: phase_1_cold_start
  │ Positions: 833 | Opps: found=32 exec=30 skip=2
  │ Vectors: standard_liquidation=2, preemptive_liquidation=28, new_protocol=2, undercollateralized_pool=993
  │ Gas: 0.0788 gwei | Engine: RUNNING
  └──────────────────────────────────────────────────────────┘

  📊 [phase_1_cold_start] 4.09h | P&L: $0.00 | Rate: $0.00/hr | TXs: 30 | Cap: $0.00 | Mult: inactive
   ⚠️ SELF-HEAL: No new opportunities in 10 minutes — relaxing thresholds
   ⏱️  Scan #331 | Positions: 833 | Watchlist: 328 | Opps found: 32 | ETH gas: 0.0767 gwei | Vectors: 4/6 active

  ┌─ STATUS [4:05:42] ─────────────────────────────────────────┐
  │ Profits: 0/5 | Total P&L: $0.00 | Phase: phase_1_cold_start
  │ Positions: 833 | Opps: found=32 exec=30 skip=2
  │ Vectors: standard_liquidation=2, preemptive_liquidation=28, new_protocol=2, undercollateralized_pool=996
  │ Gas: 0.0767 gwei | Engine: RUNNING
  └──────────────────────────────────────────────────────────┘
   ⏱️  Scan #332 | Positions: 833 | Watchlist: 328 | Opps found: 32 | ETH gas: 0.0742 gwei | Vectors: 4/6 active
   📡 [RPC Gateway] reqs=0 rps=0.0 batched=0 failovers=0 429s=0
   ⚡ [ZRP] positions=835 checks=4995 fired=0 confirmed=0 reverted=0 profit=$0.00 gas=$0.0000
      Index: ETH/USD:835

  ┌─ STATUS [4:06:33] ─────────────────────────────────────────┐
  │ Profits: 0/5 | Total P&L: $0.00 | Phase: phase_1_cold_start
  │ Positions: 833 | Opps: found=32 exec=30 skip=2
  │ Vectors: standard_liquidation=2, preemptive_liquidation=28, new_protocol=2, undercollateralized_pool=999
  │ Gas: 0.0742 gwei | Engine: RUNNING
  └──────────────────────────────────────────────────────────┘

  📊 [phase_1_cold_start] 4.12h | P&L: $0.00 | Rate: $0.00/hr | TXs: 30 | Cap: $0.00 | Mult: inactive
   ⏱️  Scan #333 | Positions: 833 | Watchlist: 328 | Opps found: 32 | ETH gas: 0.0646 gwei | Vectors: 4/6 active

  ┌─ STATUS [4:07:28] ─────────────────────────────────────────┐
  │ Profits: 0/5 | Total P&L: $0.00 | Phase: phase_1_cold_start
  │ Positions: 833 | Opps: found=32 exec=30 skip=2
  │ Vectors: standard_liquidation=2, preemptive_liquidation=28, new_protocol=2, undercollateralized_pool=1002
  │ Gas: 0.0646 gwei | Engine: RUNNING
  └──────────────────────────────────────────────────────────┘
   ⏱️  Scan #334 | Positions: 833 | Watchlist: 328 | Opps found: 32 | ETH gas: 0.0665 gwei | Vectors: 4/6 active

  ┌─ STATUS [4:08:21] ─────────────────────────────────────────┐
  │ Profits: 0/5 | Total P&L: $0.00 | Phase: phase_1_cold_start
  │ Positions: 833 | Opps: found=32 exec=30 skip=2
  │ Vectors: standard_liquidation=2, preemptive_liquidation=28, new_protocol=2, undercollateralized_pool=1005
  │ Gas: 0.0665 gwei | Engine: RUNNING
  └──────────────────────────────────────────────────────────┘

  🔧 ADAPTIVE: No new profits in 300s
     min_profit: $0.01 → $0.01
     min_confidence: 0.01 → 0.01
     Positions tracked: 833

  📊 HEALTH FACTOR DISTRIBUTION (sampled 30 of 833):
           <1.0:   0 
       1.0-1.05:   0 
      1.05-1.10:   1 █
      1.10-1.20:   1 █
      1.20-1.50:   3 ███
          >1.50:  25 █████████████████████████
          error:   0 
     Closest to liquidation: HF=1.0715 debt=$1,382 (0xb6d8214f...)

  📊 [phase_1_cold_start] 4.15h | P&L: $0.00 | Rate: $0.00/hr | TXs: 30 | Cap: $0.00 | Mult: inactive
   📇 Chain 1: +1 borrowers from 2283 events (total tracked: 834)
   📡 [RPC Gateway] reqs=0 rps=0.0 batched=0 failovers=0 429s=0
   ⚡ [ZRP] positions=836 checks=5040 fired=0 confirmed=0 reverted=0 profit=$0.00 gas=$0.0000
      Index: ETH/USD:836
   ⏱️  Scan #335 | Positions: 834 | Watchlist: 327 | Opps found: 32 | ETH gas: 0.0731 gwei | Vectors: 4/6 active

  ┌─ STATUS [4:09:07] ─────────────────────────────────────────┐
  │ Profits: 0/5 | Total P&L: $0.00 | Phase: phase_1_cold_start
  │ Positions: 834 | Opps: found=32 exec=30 skip=2
  │ Vectors: standard_liquidation=2, preemptive_liquidation=28, new_protocol=2, undercollateralized_pool=1008
  │ Gas: 0.0731 gwei | Engine: RUNNING
  └──────────────────────────────────────────────────────────┘
   ⏱️  Scan #336 | Positions: 834 | Watchlist: 327 | Opps found: 32 | ETH gas: 0.0869 gwei | Vectors: 4/6 active

  ┌─ STATUS [4:09:49] ─────────────────────────────────────────┐
  │ Profits: 0/5 | Total P&L: $0.00 | Phase: phase_1_cold_start
  │ Positions: 834 | Opps: found=32 exec=30 skip=2
  │ Vectors: standard_liquidation=2, preemptive_liquidation=28, new_protocol=2, undercollateralized_pool=1011
  │ Gas: 0.0869 gwei | Engine: RUNNING
  └──────────────────────────────────────────────────────────┘

  📊 [phase_1_cold_start] 4.17h | P&L: $0.00 | Rate: $0.00/hr | TXs: 30 | Cap: $0.00 | Mult: inactive
   ⏱️  Scan #337 | Positions: 834 | Watchlist: 327 | Opps found: 32 | ETH gas: 0.0809 gwei | Vectors: 4/6 active

  ┌─ STATUS [4:10:36] ─────────────────────────────────────────┐
  │ Profits: 0/5 | Total P&L: $0.00 | Phase: phase_1_cold_start
  │ Positions: 834 | Opps: found=32 exec=30 skip=2
  │ Vectors: standard_liquidation=2, preemptive_liquidation=28, new_protocol=2, undercollateralized_pool=1014
  │ Gas: 0.0809 gwei | Engine: RUNNING
  └──────────────────────────────────────────────────────────┘
   ⏱️  Scan #338 | Positions: 834 | Watchlist: 327 | Opps found: 32 | ETH gas: 0.0794 gwei | Vectors: 4/6 active

  ┌─ STATUS [4:11:21] ─────────────────────────────────────────┐
  │ Profits: 0/5 | Total P&L: $0.00 | Phase: phase_1_cold_start
  │ Positions: 834 | Opps: found=32 exec=30 skip=2
  │ Vectors: standard_liquidation=2, preemptive_liquidation=28, new_protocol=2, undercollateralized_pool=1017
  │ Gas: 0.0794 gwei | Engine: RUNNING
  └──────────────────────────────────────────────────────────┘
   ⚡ [ZRP] positions=836 checks=5085 fired=0 confirmed=0 reverted=0 profit=$0.00 gas=$0.0000
      Index: ETH/USD:836
   📡 [RPC Gateway] reqs=0 rps=0.0 batched=0 failovers=0 429s=0

  📊 [phase_1_cold_start] 4.20h | P&L: $0.00 | Rate: $0.00/hr | TXs: 30 | Cap: $0.00 | Mult: inactive
   ⏱️  Scan #339 | Positions: 834 | Watchlist: 327 | Opps found: 32 | ETH gas: 0.0831 gwei | Vectors: 4/6 active

  ┌─ STATUS [4:12:11] ─────────────────────────────────────────┐
  │ Profits: 0/5 | Total P&L: $0.00 | Phase: phase_1_cold_start
  │ Positions: 834 | Opps: found=32 exec=30 skip=2
  │ Vectors: standard_liquidation=2, preemptive_liquidation=28, new_protocol=2, undercollateralized_pool=1020
  │ Gas: 0.0831 gwei | Engine: RUNNING
  └──────────────────────────────────────────────────────────┘
   ⏱️  Scan #340 | Positions: 834 | Watchlist: 328 | Opps found: 32 | ETH gas: 0.0795 gwei | Vectors: 4/6 active

  ┌─ STATUS [4:12:57] ─────────────────────────────────────────┐
  │ Profits: 0/5 | Total P&L: $0.00 | Phase: phase_1_cold_start
  │ Positions: 834 | Opps: found=32 exec=30 skip=2
  │ Vectors: standard_liquidation=2, preemptive_liquidation=28, new_protocol=2, undercollateralized_pool=1023
  │ Gas: 0.0795 gwei | Engine: RUNNING
  └──────────────────────────────────────────────────────────┘

  📊 [phase_1_cold_start] 4.23h | P&L: $0.00 | Rate: $0.00/hr | TXs: 30 | Cap: $0.00 | Mult: inactive
   ⏱️  Scan #341 | Positions: 834 | Watchlist: 328 | Opps found: 32 | ETH gas: 0.0745 gwei | Vectors: 4/6 active
   ⚡ [ZRP] positions=836 checks=5130 fired=0 confirmed=0 reverted=0 profit=$0.00 gas=$0.0000
      Index: ETH/USD:836
   📡 [RPC Gateway] reqs=0 rps=0.0 batched=0 failovers=0 429s=0

  ┌─ STATUS [4:13:50] ─────────────────────────────────────────┐
  │ Profits: 0/5 | Total P&L: $0.00 | Phase: phase_1_cold_start
  │ Positions: 834 | Opps: found=32 exec=30 skip=2
  │ Vectors: standard_liquidation=2, preemptive_liquidation=28, new_protocol=2, undercollateralized_pool=1026
  │ Gas: 0.0745 gwei | Engine: RUNNING
  └──────────────────────────────────────────────────────────┘

  🔧 ADAPTIVE: No new profits in 300s
     min_profit: $0.01 → $0.01
     min_confidence: 0.01 → 0.01
     Positions tracked: 834

  📊 HEALTH FACTOR DISTRIBUTION (sampled 30 of 834):
           <1.0:   0 
       1.0-1.05:   0 
      1.05-1.10:   1 █
      1.10-1.20:   1 █
      1.20-1.50:   3 ███
          >1.50:  25 █████████████████████████
          error:   0 
     Closest to liquidation: HF=1.0715 debt=$1,382 (0xb6d8214f...)
   ⏱️  Scan #342 | Positions: 834 | Watchlist: 328 | Opps found: 32 | ETH gas: 0.0704 gwei | Vectors: 4/6 active

  ┌─ STATUS [4:14:46] ─────────────────────────────────────────┐
  │ Profits: 0/5 | Total P&L: $0.00 | Phase: phase_1_cold_start
  │ Positions: 834 | Opps: found=32 exec=30 skip=2
  │ Vectors: standard_liquidation=2, preemptive_liquidation=28, new_protocol=2, undercollateralized_pool=1029
  │ Gas: 0.0704 gwei | Engine: RUNNING
  └──────────────────────────────────────────────────────────┘

  📊 [phase_1_cold_start] 4.25h | P&L: $0.00 | Rate: $0.00/hr | TXs: 30 | Cap: $0.00 | Mult: inactive
   ⏱️  Scan #343 | Positions: 834 | Watchlist: 328 | Opps found: 32 | ETH gas: 0.0809 gwei | Vectors: 4/6 active

  ┌─ STATUS [4:15:41] ─────────────────────────────────────────┐
  │ Profits: 0/5 | Total P&L: $0.00 | Phase: phase_1_cold_start
  │ Positions: 834 | Opps: found=32 exec=30 skip=2
  │ Vectors: standard_liquidation=2, preemptive_liquidation=28, new_protocol=2, undercollateralized_pool=1032
  │ Gas: 0.0809 gwei | Engine: RUNNING
  └──────────────────────────────────────────────────────────┘
   📡 [RPC Gateway] reqs=0 rps=0.0 batched=0 failovers=0 429s=0
   ⚡ [ZRP] positions=836 checks=5175 fired=0 confirmed=0 reverted=0 profit=$0.00 gas=$0.0000
      Index: ETH/USD:836
   ⏱️  Scan #344 | Positions: 834 | Watchlist: 328 | Opps found: 32 | ETH gas: 0.0750 gwei | Vectors: 4/6 active

  ┌─ STATUS [4:16:21] ─────────────────────────────────────────┐
  │ Profits: 0/5 | Total P&L: $0.00 | Phase: phase_1_cold_start
  │ Positions: 834 | Opps: found=32 exec=30 skip=2
  │ Vectors: standard_liquidation=2, preemptive_liquidation=28, new_protocol=2, undercollateralized_pool=1035
  │ Gas: 0.0750 gwei | Engine: RUNNING
  └──────────────────────────────────────────────────────────┘

  📊 [phase_1_cold_start] 4.28h | P&L: $0.00 | Rate: $0.00/hr | TXs: 30 | Cap: $0.00 | Mult: inactive
   ⚠️ SELF-HEAL: No new opportunities in 10 minutes — relaxing thresholds
   ⏱️  Scan #345 | Positions: 834 | Watchlist: 328 | Opps found: 32 | ETH gas: 0.0724 gwei | Vectors: 4/6 active

  ┌─ STATUS [4:17:06] ─────────────────────────────────────────┐
  │ Profits: 0/5 | Total P&L: $0.00 | Phase: phase_1_cold_start
  │ Positions: 834 | Opps: found=32 exec=30 skip=2
  │ Vectors: standard_liquidation=2, preemptive_liquidation=28, new_protocol=2, undercollateralized_pool=1038
  │ Gas: 0.0724 gwei | Engine: RUNNING
  └──────────────────────────────────────────────────────────┘
   ⏱️  Scan #346 | Positions: 834 | Watchlist: 328 | Opps found: 32 | ETH gas: 0.0667 gwei | Vectors: 4/6 active

  ┌─ STATUS [4:17:50] ─────────────────────────────────────────┐
  │ Profits: 0/5 | Total P&L: $0.00 | Phase: phase_1_cold_start
  │ Positions: 834 | Opps: found=32 exec=30 skip=2
  │ Vectors: standard_liquidation=2, preemptive_liquidation=28, new_protocol=2, undercollateralized_pool=1041
  │ Gas: 0.0667 gwei | Engine: RUNNING
  └──────────────────────────────────────────────────────────┘

  📊 [phase_1_cold_start] 4.31h | P&L: $0.00 | Rate: $0.00/hr | TXs: 30 | Cap: $0.00 | Mult: inactive
   ⏱️  Scan #347 | Positions: 834 | Watchlist: 328 | Opps found: 32 | ETH gas: 0.0596 gwei | Vectors: 4/6 active
   ⚡ [ZRP] positions=836 checks=5220 fired=0 confirmed=0 reverted=0 profit=$0.00 gas=$0.0000
      Index: ETH/USD:836
   📡 [RPC Gateway] reqs=0 rps=0.0 batched=0 failovers=0 429s=0

  ┌─ STATUS [4:18:38] ─────────────────────────────────────────┐
  │ Profits: 0/5 | Total P&L: $0.00 | Phase: phase_1_cold_start
  │ Positions: 834 | Opps: found=32 exec=30 skip=2
  │ Vectors: standard_liquidation=2, preemptive_liquidation=28, new_protocol=2, undercollateralized_pool=1044
  │ Gas: 0.0596 gwei | Engine: RUNNING
  └──────────────────────────────────────────────────────────┘
   ⏱️  Scan #348 | Positions: 834 | Watchlist: 327 | Opps found: 32 | ETH gas: 0.0582 gwei | Vectors: 4/6 active

  ┌─ STATUS [4:19:24] ─────────────────────────────────────────┐
  │ Profits: 0/5 | Total P&L: $0.00 | Phase: phase_1_cold_start
  │ Positions: 834 | Opps: found=32 exec=30 skip=2
  │ Vectors: standard_liquidation=2, preemptive_liquidation=28, new_protocol=2, undercollateralized_pool=1047
  │ Gas: 0.0582 gwei | Engine: RUNNING
  └──────────────────────────────────────────────────────────┘

  📊 [phase_1_cold_start] 4.34h | P&L: $0.00 | Rate: $0.00/hr | TXs: 30 | Cap: $0.00 | Mult: inactive
   📇 Chain 1: +1 borrowers from 2281 events (total tracked: 835)
   ⏱️  Scan #349 | Positions: 835 | Watchlist: 327 | Opps found: 32 | ETH gas: 0.0538 gwei | Vectors: 4/6 active

  🔧 ADAPTIVE: No new profits in 300s
     min_profit: $0.01 → $0.01
     min_confidence: 0.01 → 0.01
     Positions tracked: 835

  📊 HEALTH FACTOR DISTRIBUTION (sampled 30 of 835):
           <1.0:   0 
       1.0-1.05:   0 
      1.05-1.10:   1 █
      1.10-1.20:   1 █
      1.20-1.50:   3 ███
          >1.50:  25 █████████████████████████
          error:   0 
     Closest to liquidation: HF=1.0715 debt=$1,382 (0xb6d8214f...)

  ┌─ STATUS [4:20:18] ─────────────────────────────────────────┐
  │ Profits: 0/5 | Total P&L: $0.00 | Phase: phase_1_cold_start
  │ Positions: 835 | Opps: found=32 exec=30 skip=2
  │ Vectors: standard_liquidation=2, preemptive_liquidation=28, new_protocol=2, undercollateralized_pool=1050
  │ Gas: 0.0538 gwei | Engine: RUNNING
  └──────────────────────────────────────────────────────────┘
   ⏱️  Scan #350 | Positions: 835 | Watchlist: 327 | Opps found: 32 | ETH gas: 0.0465 gwei | Vectors: 4/6 active
   ⚡ [ZRP] positions=836 checks=5265 fired=0 confirmed=0 reverted=0 profit=$0.00 gas=$0.0000
      Index: ETH/USD:836
   📡 [RPC Gateway] reqs=0 rps=0.0 batched=0 failovers=0 429s=0

  ┌─ STATUS [4:21:08] ─────────────────────────────────────────┐
  │ Profits: 0/5 | Total P&L: $0.00 | Phase: phase_1_cold_start
  │ Positions: 835 | Opps: found=32 exec=30 skip=2
  │ Vectors: standard_liquidation=2, preemptive_liquidation=28, new_protocol=2, undercollateralized_pool=1053
  │ Gas: 0.0465 gwei | Engine: RUNNING
  └──────────────────────────────────────────────────────────┘

  📊 [phase_1_cold_start] 4.36h | P&L: $0.00 | Rate: $0.00/hr | TXs: 30 | Cap: $0.00 | Mult: inactive
   ⏱️  Scan #351 | Positions: 835 | Watchlist: 327 | Opps found: 32 | ETH gas: 0.0593 gwei | Vectors: 4/6 active

  ┌─ STATUS [4:22:02] ─────────────────────────────────────────┐
  │ Profits: 0/5 | Total P&L: $0.00 | Phase: phase_1_cold_start
  │ Positions: 835 | Opps: found=32 exec=30 skip=2
  │ Vectors: standard_liquidation=2, preemptive_liquidation=28, new_protocol=2, undercollateralized_pool=1056
  │ Gas: 0.0593 gwei | Engine: RUNNING
  └──────────────────────────────────────────────────────────┘
   ⏱️  Scan #352 | Positions: 835 | Watchlist: 327 | Opps found: 32 | ETH gas: 0.0568 gwei | Vectors: 4/6 active

  ┌─ STATUS [4:22:55] ─────────────────────────────────────────┐
  │ Profits: 0/5 | Total P&L: $0.00 | Phase: phase_1_cold_start
  │ Positions: 835 | Opps: found=32 exec=30 skip=2
  │ Vectors: standard_liquidation=2, preemptive_liquidation=28, new_protocol=2, undercollateralized_pool=1059
  │ Gas: 0.0568 gwei | Engine: RUNNING
  └──────────────────────────────────────────────────────────┘

  📊 [phase_1_cold_start] 4.39h | P&L: $0.00 | Rate: $0.00/hr | TXs: 30 | Cap: $0.00 | Mult: inactive
   📇 Chain 1: +1 borrowers from 2283 events (total tracked: 836)
   ⚡ [ZRP] positions=838 checks=5310 fired=0 confirmed=0 reverted=0 profit=$0.00 gas=$0.0000
      Index: ETH/USD:838
   📡 [RPC Gateway] reqs=0 rps=0.0 batched=0 failovers=0 429s=0
   ⏱️  Scan #353 | Positions: 836 | Watchlist: 327 | Opps found: 32 | ETH gas: 0.0607 gwei | Vectors: 4/6 active

  ┌─ STATUS [4:23:38] ─────────────────────────────────────────┐
  │ Profits: 0/5 | Total P&L: $0.00 | Phase: phase_1_cold_start
  │ Positions: 836 | Opps: found=32 exec=30 skip=2
  │ Vectors: standard_liquidation=2, preemptive_liquidation=28, new_protocol=2, undercollateralized_pool=1062
  │ Gas: 0.0607 gwei | Engine: RUNNING
  └──────────────────────────────────────────────────────────┘
   ⏱️  Scan #354 | Positions: 836 | Watchlist: 327 | Opps found: 32 | ETH gas: 0.0672 gwei | Vectors: 4/6 active

  ┌─ STATUS [4:24:19] ─────────────────────────────────────────┐
  │ Profits: 0/5 | Total P&L: $0.00 | Phase: phase_1_cold_start
  │ Positions: 836 | Opps: found=32 exec=30 skip=2
  │ Vectors: standard_liquidation=2, preemptive_liquidation=28, new_protocol=2, undercollateralized_pool=1065
  │ Gas: 0.0672 gwei | Engine: RUNNING
  └──────────────────────────────────────────────────────────┘
Circuit OPEN: alchemy_1_7883 (5 consecutive failures, recovery in 30.0s)

  📊 [phase_1_cold_start] 4.42h | P&L: $0.00 | Rate: $0.00/hr | TXs: 30 | Cap: $0.00 | Mult: inactive
   ⏱️  Scan #355 | Positions: 836 | Watchlist: 327 | Opps found: 32 | ETH gas: 0.0590 gwei | Vectors: 4/6 active

  ┌─ STATUS [4:25:04] ─────────────────────────────────────────┐
  │ Profits: 0/5 | Total P&L: $0.00 | Phase: phase_1_cold_start
  │ Positions: 836 | Opps: found=32 exec=30 skip=2
  │ Vectors: standard_liquidation=2, preemptive_liquidation=28, new_protocol=2, undercollateralized_pool=1068
  │ Gas: 0.0590 gwei | Engine: RUNNING
  └──────────────────────────────────────────────────────────┘
Circuit OPEN: public_1_6186 (5 consecutive failures, recovery in 30.0s)
   👁️  WATCHLIST +1: HF=1.0907 debt=$4,934 chain=1 (0xd452f3a4b1...)
   👁️  WATCHLIST +1: HF=1.1329 debt=$102,588 chain=1 (0xf62405e188...)
   ⏱️  Scan #356 | Positions: 836 | Watchlist: 329 | Opps found: 32 | ETH gas: 0.0582 gwei | Vectors: 4/6 active

  🔧 ADAPTIVE: No new profits in 300s
     min_profit: $0.01 → $0.01
     min_confidence: 0.01 → 0.01
     Positions tracked: 836

  📊 HEALTH FACTOR DISTRIBUTION (sampled 30 of 836):
           <1.0:   0 
       1.0-1.05:   0 
      1.05-1.10:   1 █
      1.10-1.20:   1 █
      1.20-1.50:   3 ███
          >1.50:  25 █████████████████████████
          error:   0 
     Closest to liquidation: HF=1.0715 debt=$1,382 (0xb6d8214f...)

  ┌─ STATUS [4:25:50] ─────────────────────────────────────────┐
  │ Profits: 0/5 | Total P&L: $0.00 | Phase: phase_1_cold_start
  │ Positions: 836 | Opps: found=32 exec=30 skip=2
  │ Vectors: standard_liquidation=2, preemptive_liquidation=28, new_protocol=2, undercollateralized_pool=1071
  │ Gas: 0.0582 gwei | Engine: RUNNING
  └──────────────────────────────────────────────────────────┘
   📡 [RPC Gateway] reqs=0 rps=0.0 batched=0 failovers=0 429s=0
   ⚡ [ZRP] positions=838 checks=5355 fired=0 confirmed=0 reverted=0 profit=$0.00 gas=$0.0000
      Index: ETH/USD:838
Circuit OPEN: public_1_9801 (5 consecutive failures, recovery in 30.0s)

  📊 [phase_1_cold_start] 4.44h | P&L: $0.00 | Rate: $0.00/hr | TXs: 30 | Cap: $0.00 | Mult: inactive
   ⏱️  Scan #357 | Positions: 836 | Watchlist: 329 | Opps found: 32 | ETH gas: 0.0621 gwei | Vectors: 4/6 active
   📇 Chain 1: +1 borrowers from 2282 events (total tracked: 837)

  ┌─ STATUS [4:26:38] ─────────────────────────────────────────┐
  │ Profits: 0/5 | Total P&L: $0.00 | Phase: phase_1_cold_start
  │ Positions: 837 | Opps: found=32 exec=30 skip=2
  │ Vectors: standard_liquidation=2, preemptive_liquidation=28, new_protocol=2, undercollateralized_pool=1074
  │ Gas: 0.0621 gwei | Engine: RUNNING
  └──────────────────────────────────────────────────────────┘
Circuit OPEN: public_1_6668 (5 consecutive failures, recovery in 30.0s)
   ⏱️  Scan #358 | Positions: 837 | Watchlist: 329 | Opps found: 32 | ETH gas: 0.0644 gwei | Vectors: 4/6 active

  ┌─ STATUS [4:27:26] ─────────────────────────────────────────┐
  │ Profits: 0/5 | Total P&L: $0.00 | Phase: phase_1_cold_start
  │ Positions: 837 | Opps: found=32 exec=30 skip=2
  │ Vectors: standard_liquidation=2, preemptive_liquidation=28, new_protocol=2, undercollateralized_pool=1077
  │ Gas: 0.0644 gwei | Engine: RUNNING
  └──────────────────────────────────────────────────────────┘
Circuit OPEN: flashbots_1_9328 (5 consecutive failures, recovery in 30.0s)

  📊 [phase_1_cold_start] 4.47h | P&L: $0.00 | Rate: $0.00/hr | TXs: 30 | Cap: $0.00 | Mult: inactive
   ⚠️ SELF-HEAL: No new opportunities in 10 minutes — relaxing thresholds
   ⏱️  Scan #359 | Positions: 837 | Watchlist: 329 | Opps found: 32 | ETH gas: 0.0644 gwei | Vectors: 4/6 active

  ┌─ STATUS [4:28:18] ─────────────────────────────────────────┐
  │ Profits: 0/5 | Total P&L: $0.00 | Phase: phase_1_cold_start
  │ Positions: 837 | Opps: found=32 exec=30 skip=2
  │ Vectors: standard_liquidation=2, preemptive_liquidation=28, new_protocol=2, undercollateralized_pool=1080
  │ Gas: 0.0644 gwei | Engine: RUNNING
  └──────────────────────────────────────────────────────────┘
Circuit OPEN: alchemy_42161_6649 (5 consecutive failures, recovery in 30.0s)
   ⚡ [ZRP] positions=839 checks=5415 fired=0 confirmed=0 reverted=0 profit=$0.00 gas=$0.0000
      Index: ETH/USD:839
   📡 [RPC Gateway] reqs=0 rps=0.0 batched=0 failovers=0 429s=0
   ⏱️  Scan #360 | Positions: 837 | Watchlist: 329 | Opps found: 32 | ETH gas: 0.0658 gwei | Vectors: 4/6 active

  ┌─ STATUS [4:29:08] ─────────────────────────────────────────┐
  │ Profits: 0/5 | Total P&L: $0.00 | Phase: phase_1_cold_start
  │ Positions: 837 | Opps: found=32 exec=30 skip=2
  │ Vectors: standard_liquidation=2, preemptive_liquidation=28, new_protocol=2, undercollateralized_pool=1083
  │ Gas: 0.0658 gwei | Engine: RUNNING
  └──────────────────────────────────────────────────────────┘
Circuit OPEN: public_42161_9877 (5 consecutive failures, recovery in 30.0s)

  📊 [phase_1_cold_start] 4.50h | P&L: $0.00 | Rate: $0.00/hr | TXs: 30 | Cap: $0.00 | Mult: inactive
   📇 Chain 1: +2 borrowers from 2276 events (total tracked: 839)
   ⏱️  Scan #361 | Positions: 839 | Watchlist: 329 | Opps found: 32 | ETH gas: 0.0610 gwei | Vectors: 4/6 active

  ┌─ STATUS [4:30:03] ─────────────────────────────────────────┐
  │ Profits: 0/5 | Total P&L: $0.00 | Phase: phase_1_cold_start
  │ Positions: 839 | Opps: found=32 exec=30 skip=2
  │ Vectors: standard_liquidation=2, preemptive_liquidation=28, new_protocol=2, undercollateralized_pool=1086
  │ Gas: 0.0610 gwei | Engine: RUNNING
  └──────────────────────────────────────────────────────────┘
Circuit OPEN: public_42161_8112 (5 consecutive failures, recovery in 30.0s)
   ⏱️  Scan #362 | Positions: 839 | Watchlist: 329 | Opps found: 32 | ETH gas: 0.0646 gwei | Vectors: 4/6 active

  ┌─ STATUS [4:30:56] ─────────────────────────────────────────┐
  │ Profits: 0/5 | Total P&L: $0.00 | Phase: phase_1_cold_start
  │ Positions: 839 | Opps: found=32 exec=30 skip=2
  │ Vectors: standard_liquidation=2, preemptive_liquidation=28, new_protocol=2, undercollateralized_pool=1089
  │ Gas: 0.0646 gwei | Engine: RUNNING
  └──────────────────────────────────────────────────────────┘
Circuit OPEN: alchemy_10_4817 (5 consecutive failures, recovery in 30.0s)

  🔧 ADAPTIVE: No new profits in 300s
     min_profit: $0.01 → $0.01
     min_confidence: 0.01 → 0.01
     Positions tracked: 839

  📊 HEALTH FACTOR DISTRIBUTION (sampled 30 of 839):
           <1.0:   0 
       1.0-1.05:   0 
      1.05-1.10:   1 █
      1.10-1.20:   1 █
      1.20-1.50:   3 ███
          >1.50:  25 █████████████████████████
          error:   0 
     Closest to liquidation: HF=1.0715 debt=$1,382 (0xb6d8214f...)

  📊 [phase_1_cold_start] 4.52h | P&L: $0.00 | Rate: $0.00/hr | TXs: 30 | Cap: $0.00 | Mult: inactive
   📇 Chain 1: +1 borrowers from 2274 events (total tracked: 840)
   ⚡ [ZRP] positions=842 checks=5460 fired=0 confirmed=0 reverted=0 profit=$0.00 gas=$0.0000
      Index: ETH/USD:842
   📡 [RPC Gateway] reqs=0 rps=0.0 batched=0 failovers=0 429s=0
   ⏱️  Scan #363 | Positions: 840 | Watchlist: 329 | Opps found: 32 | ETH gas: 0.0611 gwei | Vectors: 4/6 active

  ┌─ STATUS [4:31:42] ─────────────────────────────────────────┐
  │ Profits: 0/5 | Total P&L: $0.00 | Phase: phase_1_cold_start
  │ Positions: 840 | Opps: found=32 exec=30 skip=2
  │ Vectors: standard_liquidation=2, preemptive_liquidation=28, new_protocol=2, undercollateralized_pool=1092
  │ Gas: 0.0611 gwei | Engine: RUNNING
  └──────────────────────────────────────────────────────────┘
   ⏱️  Scan #364 | Positions: 840 | Watchlist: 329 | Opps found: 32 | ETH gas: 0.0598 gwei | Vectors: 4/6 active

  ┌─ STATUS [4:32:24] ─────────────────────────────────────────┐
  │ Profits: 0/5 | Total P&L: $0.00 | Phase: phase_1_cold_start
  │ Positions: 840 | Opps: found=32 exec=30 skip=2
  │ Vectors: standard_liquidation=2, preemptive_liquidation=28, new_protocol=2, undercollateralized_pool=1095
  │ Gas: 0.0598 gwei | Engine: RUNNING
  └──────────────────────────────────────────────────────────┘
Circuit OPEN: public_10_4846 (5 consecutive failures, recovery in 30.0s)

  📊 [phase_1_cold_start] 4.55h | P&L: $0.00 | Rate: $0.00/hr | TXs: 30 | Cap: $0.00 | Mult: inactive
Circuit OPEN: public_10_6325 (5 consecutive failures, recovery in 30.0s)
   ⏱️  Scan #365 | Positions: 840 | Watchlist: 329 | Opps found: 32 | ETH gas: 0.0529 gwei | Vectors: 4/6 active

  ┌─ STATUS [4:33:11] ─────────────────────────────────────────┐
  │ Profits: 0/5 | Total P&L: $0.00 | Phase: phase_1_cold_start
  │ Positions: 840 | Opps: found=32 exec=30 skip=2
  │ Vectors: standard_liquidation=2, preemptive_liquidation=28, new_protocol=2, undercollateralized_pool=1098
  │ Gas: 0.0529 gwei | Engine: RUNNING
  └──────────────────────────────────────────────────────────┘
Circuit OPEN: alchemy_137_1156 (5 consecutive failures, recovery in 30.0s)
   ⏱️  Scan #366 | Positions: 840 | Watchlist: 329 | Opps found: 32 | ETH gas: 0.0559 gwei | Vectors: 4/6 active
   ⚡ [ZRP] positions=842 checks=5505 fired=0 confirmed=0 reverted=0 profit=$0.00 gas=$0.0000
      Index: ETH/USD:842
   📡 [RPC Gateway] reqs=0 rps=0.0 batched=0 failovers=0 429s=0

  ┌─ STATUS [4:33:56] ─────────────────────────────────────────┐
  │ Profits: 0/5 | Total P&L: $0.00 | Phase: phase_1_cold_start
  │ Positions: 840 | Opps: found=32 exec=30 skip=2
  │ Vectors: standard_liquidation=2, preemptive_liquidation=28, new_protocol=2, undercollateralized_pool=1101
  │ Gas: 0.0559 gwei | Engine: RUNNING
  └──────────────────────────────────────────────────────────┘
Circuit OPEN: public_137_3338 (5 consecutive failures, recovery in 30.0s)

  📊 [phase_1_cold_start] 4.58h | P&L: $0.00 | Rate: $0.00/hr | TXs: 30 | Cap: $0.00 | Mult: inactive
   📇 Chain 1: +1 borrowers from 2270 events (total tracked: 841)
   📇 Chain 137: +1 borrowers from 46 events (total tracked: 842)
   ⏱️  Scan #367 | Positions: 842 | Watchlist: 329 | Opps found: 32 | ETH gas: 0.0538 gwei | Vectors: 4/6 active

  ┌─ STATUS [4:34:46] ─────────────────────────────────────────┐
  │ Profits: 0/5 | Total P&L: $0.00 | Phase: phase_1_cold_start
  │ Positions: 842 | Opps: found=32 exec=30 skip=2
  │ Vectors: standard_liquidation=2, preemptive_liquidation=28, new_protocol=2, undercollateralized_pool=1104
  │ Gas: 0.0538 gwei | Engine: RUNNING
  └──────────────────────────────────────────────────────────┘
Circuit OPEN: public_137_410 (5 consecutive failures, recovery in 30.0s)
   ⏱️  Scan #368 | Positions: 842 | Watchlist: 329 | Opps found: 32 | ETH gas: 0.0553 gwei | Vectors: 4/6 active

  ┌─ STATUS [4:35:32] ─────────────────────────────────────────┐
  │ Profits: 0/5 | Total P&L: $0.00 | Phase: phase_1_cold_start
  │ Positions: 842 | Opps: found=32 exec=30 skip=2
  │ Vectors: standard_liquidation=2, preemptive_liquidation=28, new_protocol=2, undercollateralized_pool=1107
  │ Gas: 0.0553 gwei | Engine: RUNNING
  └──────────────────────────────────────────────────────────┘
Circuit OPEN: alchemy_8453_4341 (5 consecutive failures, recovery in 30.0s)

  📊 [phase_1_cold_start] 4.60h | P&L: $0.00 | Rate: $0.00/hr | TXs: 30 | Cap: $0.00 | Mult: inactive
   ⏱️  Scan #369 | Positions: 842 | Watchlist: 329 | Opps found: 32 | ETH gas: 0.0527 gwei | Vectors: 4/6 active
   ⚡ [ZRP] positions=844 checks=5550 fired=0 confirmed=0 reverted=0 profit=$0.00 gas=$0.0000
      Index: ETH/USD:844
   📡 [RPC Gateway] reqs=0 rps=0.0 batched=0 failovers=0 429s=0

  ┌─ STATUS [4:36:22] ─────────────────────────────────────────┐
  │ Profits: 0/5 | Total P&L: $0.00 | Phase: phase_1_cold_start
  │ Positions: 842 | Opps: found=32 exec=30 skip=2
  │ Vectors: standard_liquidation=2, preemptive_liquidation=28, new_protocol=2, undercollateralized_pool=1110
  │ Gas: 0.0527 gwei | Engine: RUNNING
  └──────────────────────────────────────────────────────────┘
Circuit OPEN: public_8453_611 (5 consecutive failures, recovery in 30.0s)

  🔧 ADAPTIVE: No new profits in 300s
     min_profit: $0.01 → $0.01
     min_confidence: 0.01 → 0.01
     Positions tracked: 842

  📊 HEALTH FACTOR DISTRIBUTION (sampled 30 of 842):
           <1.0:   0 
       1.0-1.05:   0 
      1.05-1.10:   1 █
      1.10-1.20:   1 █
      1.20-1.50:   3 ███
          >1.50:  25 █████████████████████████
          error:   0 
     Closest to liquidation: HF=1.0715 debt=$1,382 (0xb6d8214f...)
   ⏱️  Scan #370 | Positions: 842 | Watchlist: 329 | Opps found: 32 | ETH gas: 0.0537 gwei | Vectors: 4/6 active

  ┌─ STATUS [4:37:15] ─────────────────────────────────────────┐
  │ Profits: 0/5 | Total P&L: $0.00 | Phase: phase_1_cold_start
  │ Positions: 842 | Opps: found=32 exec=30 skip=2
  │ Vectors: standard_liquidation=2, preemptive_liquidation=28, new_protocol=2, undercollateralized_pool=1113
  │ Gas: 0.0537 gwei | Engine: RUNNING
  └──────────────────────────────────────────────────────────┘
Circuit OPEN: public_8453_6388 (5 consecutive failures, recovery in 30.0s)

  📊 [phase_1_cold_start] 4.63h | P&L: $0.00 | Rate: $0.00/hr | TXs: 30 | Cap: $0.00 | Mult: inactive
   ⏱️  Scan #371 | Positions: 842 | Watchlist: 329 | Opps found: 32 | ETH gas: 0.0523 gwei | Vectors: 4/6 active

  ┌─ STATUS [4:38:09] ─────────────────────────────────────────┐
  │ Profits: 0/5 | Total P&L: $0.00 | Phase: phase_1_cold_start
  │ Positions: 842 | Opps: found=32 exec=30 skip=2
  │ Vectors: standard_liquidation=2, preemptive_liquidation=28, new_protocol=2, undercollateralized_pool=1116
  │ Gas: 0.0523 gwei | Engine: RUNNING
  └──────────────────────────────────────────────────────────┘
Circuit OPEN: alchemy_43114_4196 (5 consecutive failures, recovery in 30.0s)
   📡 [RPC Gateway] reqs=0 rps=0.0 batched=0 failovers=0 429s=0
   ⚡ [ZRP] positions=844 checks=5595 fired=0 confirmed=0 reverted=0 profit=$0.00 gas=$0.0000
      Index: ETH/USD:844
   ⏱️  Scan #372 | Positions: 842 | Watchlist: 329 | Opps found: 32 | ETH gas: 0.0464 gwei | Vectors: 4/6 active

  ┌─ STATUS [4:39:02] ─────────────────────────────────────────┐
  │ Profits: 0/5 | Total P&L: $0.00 | Phase: phase_1_cold_start
  │ Positions: 842 | Opps: found=32 exec=30 skip=2
  │ Vectors: standard_liquidation=2, preemptive_liquidation=28, new_protocol=2, undercollateralized_pool=1119
  │ Gas: 0.0464 gwei | Engine: RUNNING
  └──────────────────────────────────────────────────────────┘

  📊 [phase_1_cold_start] 4.66h | P&L: $0.00 | Rate: $0.00/hr | TXs: 30 | Cap: $0.00 | Mult: inactive
   ⚠️ SELF-HEAL: No new opportunities in 10 minutes — relaxing thresholds
Circuit OPEN: public_43114_3782 (5 consecutive failures, recovery in 30.0s)
   📇 Chain 1: +3 borrowers from 2276 events (total tracked: 845)
   ⏱️  Scan #373 | Positions: 845 | Watchlist: 330 | Opps found: 32 | ETH gas: 0.0485 gwei | Vectors: 4/6 active

  ┌─ STATUS [4:39:45] ─────────────────────────────────────────┐
  │ Profits: 0/5 | Total P&L: $0.00 | Phase: phase_1_cold_start
  │ Positions: 845 | Opps: found=32 exec=30 skip=2
  │ Vectors: standard_liquidation=2, preemptive_liquidation=28, new_protocol=2, undercollateralized_pool=1122
  │ Gas: 0.0485 gwei | Engine: RUNNING
  └──────────────────────────────────────────────────────────┘
Circuit OPEN: alchemy_56_5043 (5 consecutive failures, recovery in 30.0s)
   ⏱️  Scan #374 | Positions: 845 | Watchlist: 330 | Opps found: 32 | ETH gas: 0.0515 gwei | Vectors: 4/6 active

  ┌─ STATUS [4:40:27] ─────────────────────────────────────────┐
  │ Profits: 0/5 | Total P&L: $0.00 | Phase: phase_1_cold_start
  │ Positions: 845 | Opps: found=32 exec=30 skip=2
  │ Vectors: standard_liquidation=2, preemptive_liquidation=28, new_protocol=2, undercollateralized_pool=1125
  │ Gas: 0.0515 gwei | Engine: RUNNING
  └──────────────────────────────────────────────────────────┘
Circuit OPEN: public_56_6500 (5 consecutive failures, recovery in 30.0s)

  📊 [phase_1_cold_start] 4.69h | P&L: $0.00 | Rate: $0.00/hr | TXs: 30 | Cap: $0.00 | Mult: inactive
   ⏱️  Scan #375 | Positions: 845 | Watchlist: 330 | Opps found: 32 | ETH gas: 0.0525 gwei | Vectors: 4/6 active

  ┌─ STATUS [4:41:13] ─────────────────────────────────────────┐
  │ Profits: 0/5 | Total P&L: $0.00 | Phase: phase_1_cold_start
  │ Positions: 845 | Opps: found=32 exec=30 skip=2
  │ Vectors: standard_liquidation=2, preemptive_liquidation=28, new_protocol=2, undercollateralized_pool=1128
  │ Gas: 0.0525 gwei | Engine: RUNNING
  └──────────────────────────────────────────────────────────┘
   ⚡ [ZRP] positions=847 checks=5655 fired=0 confirmed=0 reverted=0 profit=$0.00 gas=$0.0000
      Index: ETH/USD:847
   📡 [RPC Gateway] reqs=0 rps=0.0 batched=0 failovers=0 429s=0
   👁️  WATCHLIST +1: HF=1.1265 debt=$31,285 chain=1 (0xe9976a2450...)
   👁️  WATCHLIST +1: HF=1.0505 debt=$2,061 chain=1 (0x7611168ed0...)
Circuit OPEN: public_56_8107 (5 consecutive failures, recovery in 30.0s)
   ⏱️  Scan #376 | Positions: 845 | Watchlist: 334 | Opps found: 32 | ETH gas: 0.0549 gwei | Vectors: 4/6 active

  ┌─ STATUS [4:41:56] ─────────────────────────────────────────┐
  │ Profits: 0/5 | Total P&L: $0.00 | Phase: phase_1_cold_start
  │ Positions: 845 | Opps: found=32 exec=30 skip=2
  │ Vectors: standard_liquidation=2, preemptive_liquidation=28, new_protocol=2, undercollateralized_pool=1131
  │ Gas: 0.0549 gwei | Engine: RUNNING
  └──────────────────────────────────────────────────────────┘
Circuit OPEN: alchemy_324_2386 (5 consecutive failures, recovery in 30.0s)

  📊 [phase_1_cold_start] 4.71h | P&L: $0.00 | Rate: $0.00/hr | TXs: 30 | Cap: $0.00 | Mult: inactive
   ⏱️  Scan #377 | Positions: 845 | Watchlist: 334 | Opps found: 32 | ETH gas: 0.0605 gwei | Vectors: 4/6 active

  🔧 ADAPTIVE: No new profits in 300s
     min_profit: $0.01 → $0.01
     min_confidence: 0.01 → 0.01
     Positions tracked: 845

  📊 HEALTH FACTOR DISTRIBUTION (sampled 30 of 845):
           <1.0:   0 
       1.0-1.05:   0 
      1.05-1.10:   1 █
      1.10-1.20:   1 █
      1.20-1.50:   3 ███
          >1.50:  25 █████████████████████████
          error:   0 
     Closest to liquidation: HF=1.0715 debt=$1,382 (0xb6d8214f...)

  ┌─ STATUS [4:42:49] ─────────────────────────────────────────┐
  │ Profits: 0/5 | Total P&L: $0.00 | Phase: phase_1_cold_start
  │ Positions: 845 | Opps: found=32 exec=30 skip=2
  │ Vectors: standard_liquidation=2, preemptive_liquidation=28, new_protocol=2, undercollateralized_pool=1134
  │ Gas: 0.0605 gwei | Engine: RUNNING
  └──────────────────────────────────────────────────────────┘
Circuit OPEN: public_324_1282 (5 consecutive failures, recovery in 30.0s)
   ⏱️  Scan #378 | Positions: 845 | Watchlist: 334 | Opps found: 32 | ETH gas: 0.0566 gwei | Vectors: 4/6 active

  ┌─ STATUS [4:43:39] ─────────────────────────────────────────┐
  │ Profits: 0/5 | Total P&L: $0.00 | Phase: phase_1_cold_start
  │ Positions: 845 | Opps: found=32 exec=30 skip=2
  │ Vectors: standard_liquidation=2, preemptive_liquidation=28, new_protocol=2, undercollateralized_pool=1137
  │ Gas: 0.0566 gwei | Engine: RUNNING
  └──────────────────────────────────────────────────────────┘

  📊 [phase_1_cold_start] 4.74h | P&L: $0.00 | Rate: $0.00/hr | TXs: 30 | Cap: $0.00 | Mult: inactive
   ⚡ [ZRP] positions=847 checks=5700 fired=0 confirmed=0 reverted=0 profit=$0.00 gas=$0.0000
      Index: ETH/USD:847
   📡 [RPC Gateway] reqs=0 rps=0.0 batched=0 failovers=0 429s=0
   ⏱️  Scan #379 | Positions: 845 | Watchlist: 334 | Opps found: 32 | ETH gas: 0.0592 gwei | Vectors: 4/6 active

  ┌─ STATUS [4:44:33] ─────────────────────────────────────────┐
  │ Profits: 0/5 | Total P&L: $0.00 | Phase: phase_1_cold_start
  │ Positions: 845 | Opps: found=32 exec=30 skip=2
  │ Vectors: standard_liquidation=2, preemptive_liquidation=28, new_protocol=2, undercollateralized_pool=1140
  │ Gas: 0.0592 gwei | Engine: RUNNING
  └──────────────────────────────────────────────────────────┘
   ⏱️  Scan #380 | Positions: 845 | Watchlist: 334 | Opps found: 32 | ETH gas: 0.0650 gwei | Vectors: 4/6 active

  ┌─ STATUS [4:45:26] ─────────────────────────────────────────┐
  │ Profits: 0/5 | Total P&L: $0.00 | Phase: phase_1_cold_start
  │ Positions: 845 | Opps: found=32 exec=30 skip=2
  │ Vectors: standard_liquidation=2, preemptive_liquidation=28, new_protocol=2, undercollateralized_pool=1143
  │ Gas: 0.0650 gwei | Engine: RUNNING
  └──────────────────────────────────────────────────────────┘

  📊 [phase_1_cold_start] 4.77h | P&L: $0.00 | Rate: $0.00/hr | TXs: 30 | Cap: $0.00 | Mult: inactive
   📇 Chain 1: +2 borrowers from 2273 events (total tracked: 847)
   ⏱️  Scan #381 | Positions: 847 | Watchlist: 334 | Opps found: 32 | ETH gas: 0.0717 gwei | Vectors: 4/6 active

  ┌─ STATUS [4:46:08] ─────────────────────────────────────────┐
  │ Profits: 0/5 | Total P&L: $0.00 | Phase: phase_1_cold_start
  │ Positions: 847 | Opps: found=32 exec=30 skip=2
  │ Vectors: standard_liquidation=2, preemptive_liquidation=28, new_protocol=2, undercollateralized_pool=1146
  │ Gas: 0.0717 gwei | Engine: RUNNING
  └──────────────────────────────────────────────────────────┘
   ⏱️  Scan #382 | Positions: 847 | Watchlist: 334 | Opps found: 32 | ETH gas: 0.0650 gwei | Vectors: 4/6 active
   📡 [RPC Gateway] reqs=0 rps=0.0 batched=0 failovers=0 429s=0
   ⚡ [ZRP] positions=849 checks=5745 fired=0 confirmed=0 reverted=0 profit=$0.00 gas=$0.0000
      Index: ETH/USD:849

  ┌─ STATUS [4:46:51] ─────────────────────────────────────────┐
  │ Profits: 0/5 | Total P&L: $0.00 | Phase: phase_1_cold_start
  │ Positions: 847 | Opps: found=32 exec=30 skip=2
  │ Vectors: standard_liquidation=2, preemptive_liquidation=28, new_protocol=2, undercollateralized_pool=1149
  │ Gas: 0.0650 gwei | Engine: RUNNING
  └──────────────────────────────────────────────────────────┘

  📊 [phase_1_cold_start] 4.79h | P&L: $0.00 | Rate: $0.00/hr | TXs: 30 | Cap: $0.00 | Mult: inactive
   📇 Chain 1: +1 borrowers from 2275 events (total tracked: 848)
   📇 Chain 137: +1 borrowers from 47 events (total tracked: 849)
   ⏱️  Scan #383 | Positions: 849 | Watchlist: 334 | Opps found: 32 | ETH gas: 0.0683 gwei | Vectors: 4/6 active

  ┌─ STATUS [4:47:36] ─────────────────────────────────────────┐
  │ Profits: 0/5 | Total P&L: $0.00 | Phase: phase_1_cold_start
  │ Positions: 849 | Opps: found=32 exec=30 skip=2
  │ Vectors: standard_liquidation=2, preemptive_liquidation=28, new_protocol=2, undercollateralized_pool=1152
  │ Gas: 0.0683 gwei | Engine: RUNNING
  └──────────────────────────────────────────────────────────┘

  🔧 ADAPTIVE: No new profits in 300s
     min_profit: $0.01 → $0.01
     min_confidence: 0.01 → 0.01
     Positions tracked: 849

  📊 HEALTH FACTOR DISTRIBUTION (sampled 30 of 849):
           <1.0:   0 
       1.0-1.05:   0 
      1.05-1.10:   1 █
      1.10-1.20:   1 █
      1.20-1.50:   3 ███
          >1.50:  25 █████████████████████████
          error:   0 
     Closest to liquidation: HF=1.0715 debt=$1,382 (0xb6d8214f...)
   ⏱️  Scan #384 | Positions: 849 | Watchlist: 334 | Opps found: 32 | ETH gas: 0.0773 gwei | Vectors: 4/6 active

  ┌─ STATUS [4:48:22] ─────────────────────────────────────────┐
  │ Profits: 0/5 | Total P&L: $0.00 | Phase: phase_1_cold_start
  │ Positions: 849 | Opps: found=32 exec=30 skip=2
  │ Vectors: standard_liquidation=2, preemptive_liquidation=28, new_protocol=2, undercollateralized_pool=1155
  │ Gas: 0.0773 gwei | Engine: RUNNING
  └──────────────────────────────────────────────────────────┘

  📊 [phase_1_cold_start] 4.82h | P&L: $0.00 | Rate: $0.00/hr | TXs: 30 | Cap: $0.00 | Mult: inactive
   📇 Chain 137: +2 borrowers from 49 events (total tracked: 851)
   ⏱️  Scan #385 | Positions: 851 | Watchlist: 334 | Opps found: 32 | ETH gas: 0.0865 gwei | Vectors: 4/6 active
   📡 [RPC Gateway] reqs=0 rps=0.0 batched=0 failovers=0 429s=0
   ⚡ [ZRP] positions=851 checks=5790 fired=0 confirmed=0 reverted=0 profit=$0.00 gas=$0.0000
      Index: ETH/USD:851

  ┌─ STATUS [4:49:10] ─────────────────────────────────────────┐
  │ Profits: 0/5 | Total P&L: $0.00 | Phase: phase_1_cold_start
  │ Positions: 851 | Opps: found=32 exec=30 skip=2
  │ Vectors: standard_liquidation=2, preemptive_liquidation=28, new_protocol=2, undercollateralized_pool=1158
  │ Gas: 0.0865 gwei | Engine: RUNNING
  └──────────────────────────────────────────────────────────┘
   👁️  WATCHLIST +1: HF=1.0826 debt=$693 chain=137 (0x98364a2544...)
   ⏱️  Scan #386 | Positions: 851 | Watchlist: 335 | Opps found: 32 | ETH gas: 0.0859 gwei | Vectors: 4/6 active

  ┌─ STATUS [4:50:00] ─────────────────────────────────────────┐
  │ Profits: 0/5 | Total P&L: $0.00 | Phase: phase_1_cold_start
  │ Positions: 851 | Opps: found=32 exec=30 skip=2
  │ Vectors: standard_liquidation=2, preemptive_liquidation=28, new_protocol=2, undercollateralized_pool=1161
  │ Gas: 0.0859 gwei | Engine: RUNNING
  └──────────────────────────────────────────────────────────┘

  📊 [phase_1_cold_start] 4.85h | P&L: $0.00 | Rate: $0.00/hr | TXs: 30 | Cap: $0.00 | Mult: inactive
   ⚠️ SELF-HEAL: No new opportunities in 10 minutes — relaxing thresholds
   ⏱️  Scan #387 | Positions: 851 | Watchlist: 335 | Opps found: 32 | ETH gas: 0.0795 gwei | Vectors: 4/6 active

  ┌─ STATUS [4:50:56] ─────────────────────────────────────────┐
  │ Profits: 0/5 | Total P&L: $0.00 | Phase: phase_1_cold_start
  │ Positions: 851 | Opps: found=32 exec=30 skip=2
  │ Vectors: standard_liquidation=2, preemptive_liquidation=28, new_protocol=2, undercollateralized_pool=1164
  │ Gas: 0.0795 gwei | Engine: RUNNING
  └──────────────────────────────────────────────────────────┘
   ⚡ [ZRP] positions=853 checks=5835 fired=0 confirmed=0 reverted=0 profit=$0.00 gas=$0.0000
      Index: ETH/USD:853
   📡 [RPC Gateway] reqs=0 rps=0.0 batched=0 failovers=0 429s=0
   ⏱️  Scan #388 | Positions: 851 | Watchlist: 335 | Opps found: 32 | ETH gas: 0.0917 gwei | Vectors: 4/6 active

  ┌─ STATUS [4:51:49] ─────────────────────────────────────────┐
  │ Profits: 0/5 | Total P&L: $0.00 | Phase: phase_1_cold_start
  │ Positions: 851 | Opps: found=32 exec=30 skip=2
  │ Vectors: standard_liquidation=2, preemptive_liquidation=28, new_protocol=2, undercollateralized_pool=1167
  │ Gas: 0.0917 gwei | Engine: RUNNING
  └──────────────────────────────────────────────────────────┘

  📊 [phase_1_cold_start] 4.87h | P&L: $0.00 | Rate: $0.00/hr | TXs: 30 | Cap: $0.00 | Mult: inactive
   📇 Chain 1: +1 borrowers from 2273 events (total tracked: 852)
   ⏱️  Scan #389 | Positions: 852 | Watchlist: 335 | Opps found: 32 | ETH gas: 0.0875 gwei | Vectors: 4/6 active

  ┌─ STATUS [4:52:33] ─────────────────────────────────────────┐
  │ Profits: 0/5 | Total P&L: $0.00 | Phase: phase_1_cold_start
  │ Positions: 852 | Opps: found=32 exec=30 skip=2
  │ Vectors: standard_liquidation=2, preemptive_liquidation=28, new_protocol=2, undercollateralized_pool=1170
  │ Gas: 0.0875 gwei | Engine: RUNNING
  └──────────────────────────────────────────────────────────┘
   ⏱️  Scan #390 | Positions: 852 | Watchlist: 334 | Opps found: 32 | ETH gas: 0.0857 gwei | Vectors: 4/6 active

  ┌─ STATUS [4:53:18] ─────────────────────────────────────────┐
  │ Profits: 0/5 | Total P&L: $0.00 | Phase: phase_1_cold_start
  │ Positions: 852 | Opps: found=32 exec=30 skip=2
  │ Vectors: standard_liquidation=2, preemptive_liquidation=28, new_protocol=2, undercollateralized_pool=1173
  │ Gas: 0.0857 gwei | Engine: RUNNING
  └──────────────────────────────────────────────────────────┘

  📊 [phase_1_cold_start] 4.90h | P&L: $0.00 | Rate: $0.00/hr | TXs: 30 | Cap: $0.00 | Mult: inactive

  🔧 ADAPTIVE: No new profits in 300s
     min_profit: $0.01 → $0.01
     min_confidence: 0.01 → 0.01
     Positions tracked: 852

  📊 HEALTH FACTOR DISTRIBUTION (sampled 30 of 852):
           <1.0:   0 
       1.0-1.05:   0 
      1.05-1.10:   1 █
      1.10-1.20:   1 █
      1.20-1.50:   3 ███
          >1.50:  25 █████████████████████████
          error:   0 
     Closest to liquidation: HF=1.0715 debt=$1,382 (0xb6d8214f...)
   ⏱️  Scan #391 | Positions: 852 | Watchlist: 334 | Opps found: 32 | ETH gas: 0.0914 gwei | Vectors: 4/6 active

  ┌─ STATUS [4:54:12] ─────────────────────────────────────────┐
  │ Profits: 0/5 | Total P&L: $0.00 | Phase: phase_1_cold_start
  │ Positions: 852 | Opps: found=32 exec=30 skip=2
  │ Vectors: standard_liquidation=2, preemptive_liquidation=28, new_protocol=2, undercollateralized_pool=1176
  │ Gas: 0.0914 gwei | Engine: RUNNING
  └──────────────────────────────────────────────────────────┘
   ⚡ [ZRP] positions=854 checks=5880 fired=0 confirmed=0 reverted=0 profit=$0.00 gas=$0.0000
      Index: ETH/USD:854
   📡 [RPC Gateway] reqs=0 rps=0.0 batched=0 failovers=0 429s=0
   📝 Queued execution a84ea4a9... (priority 8)
   🎯 [preemptive_liquidation] chain=1 profit=$146.45 conf=10% pri=8
   ⏱️  Scan #392 | Positions: 852 | Watchlist: 334 | Opps found: 33 | ETH gas: 0.0975 gwei | Vectors: 4/6 active

  ┌─ STATUS [4:55:04] ─────────────────────────────────────────┐
  │ Profits: 0/5 | Total P&L: $0.00 | Phase: phase_1_cold_start
  │ Positions: 852 | Opps: found=33 exec=31 skip=2
  │ Vectors: standard_liquidation=2, preemptive_liquidation=29, new_protocol=2, undercollateralized_pool=1179
  │ Gas: 0.0975 gwei | Engine: RUNNING
  └──────────────────────────────────────────────────────────┘
   ❌ EXEC FAILED chain=1 user=?... reason=Unknown format '', attempted to normalize to '0x'
   ✅ Execution a84ea4a9... completed: failed

  📊 [phase_1_cold_start] 4.93h | P&L: $0.00 | Rate: $0.00/hr | TXs: 31 | Cap: $0.00 | Mult: inactive
   👁️  WATCHLIST +1: HF=1.1315 debt=$14,349 chain=1 (0x7ac6088f17...)
   📇 Chain 1: +1 borrowers from 2279 events (total tracked: 853)
   📝 Queued execution b8236811... (priority 8)
   🎯 [preemptive_liquidation] chain=1 profit=$196.93 conf=15% pri=8
   📝 Queued execution de01b33d... (priority 8)
   🎯 [preemptive_liquidation] chain=1 profit=$225.32 conf=18% pri=8
   ⏱️  Scan #393 | Positions: 853 | Watchlist: 335 | Opps found: 35 | ETH gas: 0.1000 gwei | Vectors: 4/6 active

  ┌─ STATUS [4:56:00] ─────────────────────────────────────────┐
  │ Profits: 0/5 | Total P&L: $0.00 | Phase: phase_1_cold_start
  │ Positions: 853 | Opps: found=35 exec=33 skip=2
  │ Vectors: standard_liquidation=2, preemptive_liquidation=31, new_protocol=2, undercollateralized_pool=1182
  │ Gas: 0.1000 gwei | Engine: RUNNING
  └──────────────────────────────────────────────────────────┘
   ❌ EXEC FAILED chain=1 user=?... reason=Unknown format '', attempted to normalize to '0x'
   ✅ Execution b8236811... completed: failed
   ❌ EXEC FAILED chain=1 user=?... reason=Unknown format '', attempted to normalize to '0x'
   ✅ Execution de01b33d... completed: failed
   ⚡ [ZRP] positions=855 checks=5925 fired=0 confirmed=0 reverted=0 profit=$0.00 gas=$0.0000
      Index: ETH/USD:855
   📡 [RPC Gateway] reqs=0 rps=0.0 batched=0 failovers=0 429s=0
   ⏱️  Scan #394 | Positions: 853 | Watchlist: 335 | Opps found: 35 | ETH gas: 0.1548 gwei | Vectors: 4/6 active

  ┌─ STATUS [4:56:51] ─────────────────────────────────────────┐
  │ Profits: 0/5 | Total P&L: $0.00 | Phase: phase_1_cold_start
  │ Positions: 853 | Opps: found=35 exec=33 skip=2
  │ Vectors: standard_liquidation=2, preemptive_liquidation=31, new_protocol=2, undercollateralized_pool=1185
  │ Gas: 0.1548 gwei | Engine: RUNNING
  └──────────────────────────────────────────────────────────┘

  📊 [phase_1_cold_start] 4.96h | P&L: $0.00 | Rate: $0.00/hr | TXs: 33 | Cap: $0.00 | Mult: inactive
   ⏱️  Scan #395 | Positions: 853 | Watchlist: 335 | Opps found: 35 | ETH gas: 0.1287 gwei | Vectors: 4/6 active

  ┌─ STATUS [4:57:36] ─────────────────────────────────────────┐
  │ Profits: 0/5 | Total P&L: $0.00 | Phase: phase_1_cold_start
  │ Positions: 853 | Opps: found=35 exec=33 skip=2
  │ Vectors: standard_liquidation=2, preemptive_liquidation=31, new_protocol=2, undercollateralized_pool=1188
  │ Gas: 0.1287 gwei | Engine: RUNNING
  └──────────────────────────────────────────────────────────┘
   📝 Queued execution 361e6af7... (priority 8)
   🎯 [preemptive_liquidation] chain=1 profit=$110.01 conf=6% pri=8
   📝 Queued execution c32fe6ac... (priority 8)
   🎯 [preemptive_liquidation] chain=1 profit=$105.30 conf=6% pri=8
   ⏱️  Scan #396 | Positions: 853 | Watchlist: 335 | Opps found: 37 | ETH gas: 0.1433 gwei | Vectors: 4/6 active

  ┌─ STATUS [4:58:21] ─────────────────────────────────────────┐
  │ Profits: 0/5 | Total P&L: $0.00 | Phase: phase_1_cold_start
  │ Positions: 853 | Opps: found=37 exec=35 skip=2
  │ Vectors: standard_liquidation=2, preemptive_liquidation=33, new_protocol=2, undercollateralized_pool=1191
  │ Gas: 0.1433 gwei | Engine: RUNNING
  └──────────────────────────────────────────────────────────┘
   ❌ EXEC FAILED chain=1 user=?... reason=Unknown format '', attempted to normalize to '0x'
   ✅ Execution 361e6af7... completed: failed
   ❌ EXEC FAILED chain=1 user=?... reason=Unknown format '', attempted to normalize to '0x'
   ✅ Execution c32fe6ac... completed: failed

  📊 [phase_1_cold_start] 4.98h | P&L: $0.00 | Rate: $0.00/hr | TXs: 35 | Cap: $0.00 | Mult: inactive
   ⏱️  Scan #397 | Positions: 853 | Watchlist: 335 | Opps found: 37 | ETH gas: 0.1179 gwei | Vectors: 4/6 active
   📡 [RPC Gateway] reqs=0 rps=0.0 batched=0 failovers=0 429s=0
   ⚡ [ZRP] positions=855 checks=5970 fired=0 confirmed=0 reverted=0 profit=$0.00 gas=$0.0000
      Index: ETH/USD:855

  ┌─ STATUS [4:59:12] ─────────────────────────────────────────┐
  │ Profits: 0/5 | Total P&L: $0.00 | Phase: phase_1_cold_start
  │ Positions: 853 | Opps: found=37 exec=35 skip=2
  │ Vectors: standard_liquidation=2, preemptive_liquidation=33, new_protocol=2, undercollateralized_pool=1194
  │ Gas: 0.1179 gwei | Engine: RUNNING
  └──────────────────────────────────────────────────────────┘

  🔧 ADAPTIVE: No new profits in 300s
     min_profit: $0.01 → $0.01
     min_confidence: 0.01 → 0.01
     Positions tracked: 853

  📊 HEALTH FACTOR DISTRIBUTION (sampled 30 of 853):
           <1.0:   0 
       1.0-1.05:   0 
      1.05-1.10:   1 █
      1.10-1.20:   1 █
      1.20-1.50:   3 ███
          >1.50:  25 █████████████████████████
          error:   0 
     Closest to liquidation: HF=1.0715 debt=$1,392 (0xb6d8214f...)
   ⏱️  Scan #398 | Positions: 853 | Watchlist: 335 | Opps found: 37 | ETH gas: 0.1217 gwei | Vectors: 4/6 active

  ┌─ STATUS [5:00:05] ─────────────────────────────────────────┐
  │ Profits: 0/5 | Total P&L: $0.00 | Phase: phase_1_cold_start
  │ Positions: 853 | Opps: found=37 exec=35 skip=2
  │ Vectors: standard_liquidation=2, preemptive_liquidation=33, new_protocol=2, undercollateralized_pool=1197
  │ Gas: 0.1217 gwei | Engine: RUNNING
  └──────────────────────────────────────────────────────────┘

  📊 [phase_1_cold_start] 5.01h | P&L: $0.00 | Rate: $0.00/hr | TXs: 35 | Cap: $0.00 | Mult: inactive
   ⏱️  Scan #399 | Positions: 853 | Watchlist: 335 | Opps found: 37 | ETH gas: 0.1062 gwei | Vectors: 4/6 active

  ┌─ STATUS [5:01:00] ─────────────────────────────────────────┐
  │ Profits: 0/5 | Total P&L: $0.00 | Phase: phase_1_cold_start
  │ Positions: 853 | Opps: found=37 exec=35 skip=2
  │ Vectors: standard_liquidation=2, preemptive_liquidation=33, new_protocol=2, undercollateralized_pool=1200
  │ Gas: 0.1062 gwei | Engine: RUNNING
  └──────────────────────────────────────────────────────────┘
   ⚡ [ZRP] positions=855 checks=6015 fired=0 confirmed=0 reverted=0 profit=$0.00 gas=$0.0000
      Index: ETH/USD:855
   📡 [RPC Gateway] reqs=0 rps=0.0 batched=0 failovers=0 429s=0
   ⏱️  Scan #400 | Positions: 853 | Watchlist: 335 | Opps found: 37 | ETH gas: 0.1137 gwei | Vectors: 4/6 active

  ┌─ STATUS [5:01:54] ─────────────────────────────────────────┐
  │ Profits: 0/5 | Total P&L: $0.00 | Phase: phase_1_cold_start
  │ Positions: 853 | Opps: found=37 exec=35 skip=2
  │ Vectors: standard_liquidation=2, preemptive_liquidation=33, new_protocol=2, undercollateralized_pool=1203
  │ Gas: 0.1137 gwei | Engine: RUNNING
  └──────────────────────────────────────────────────────────┘
   ⚠️ SELF-HEAL: No new opportunities in 10 minutes — relaxing thresholds

  📊 [phase_1_cold_start] 5.04h | P&L: $0.00 | Rate: $0.00/hr | TXs: 35 | Cap: $0.00 | Mult: inactive
   ⏱️  Scan #401 | Positions: 853 | Watchlist: 335 | Opps found: 37 | ETH gas: 0.1041 gwei | Vectors: 4/6 active

  ┌─ STATUS [5:02:38] ─────────────────────────────────────────┐
  │ Profits: 0/5 | Total P&L: $0.00 | Phase: phase_1_cold_start
  │ Positions: 853 | Opps: found=37 exec=35 skip=2
  │ Vectors: standard_liquidation=2, preemptive_liquidation=33, new_protocol=2, undercollateralized_pool=1206
  │ Gas: 0.1041 gwei | Engine: RUNNING
  └──────────────────────────────────────────────────────────┘
   ⏱️  Scan #402 | Positions: 853 | Watchlist: 335 | Opps found: 37 | ETH gas: 0.0963 gwei | Vectors: 4/6 active

  ┌─ STATUS [5:03:23] ─────────────────────────────────────────┐
  │ Profits: 0/5 | Total P&L: $0.00 | Phase: phase_1_cold_start
  │ Positions: 853 | Opps: found=37 exec=35 skip=2
  │ Vectors: standard_liquidation=2, preemptive_liquidation=33, new_protocol=2, undercollateralized_pool=1209
  │ Gas: 0.0963 gwei | Engine: RUNNING
  └──────────────────────────────────────────────────────────┘

  📊 [phase_1_cold_start] 5.07h | P&L: $0.00 | Rate: $0.00/hr | TXs: 35 | Cap: $0.00 | Mult: inactive
   📇 Chain 137: +1 borrowers from 47 events (total tracked: 854)
   ⏱️  Scan #403 | Positions: 854 | Watchlist: 335 | Opps found: 37 | ETH gas: 0.1084 gwei | Vectors: 4/6 active

  ┌─ STATUS [5:04:12] ─────────────────────────────────────────┐
  │ Profits: 0/5 | Total P&L: $0.00 | Phase: phase_1_cold_start
  │ Positions: 854 | Opps: found=37 exec=35 skip=2
  │ Vectors: standard_liquidation=2, preemptive_liquidation=33, new_protocol=2, undercollateralized_pool=1212
  │ Gas: 0.1084 gwei | Engine: RUNNING
  └──────────────────────────────────────────────────────────┘
   📡 [RPC Gateway] reqs=0 rps=0.0 batched=0 failovers=0 429s=0
   ⚡ [ZRP] positions=855 checks=6060 fired=0 confirmed=0 reverted=0 profit=$0.00 gas=$0.0000
      Index: ETH/USD:855
   ⏱️  Scan #404 | Positions: 854 | Watchlist: 335 | Opps found: 37 | ETH gas: 0.1117 gwei | Vectors: 4/6 active

  ┌─ STATUS [5:04:56] ─────────────────────────────────────────┐
  │ Profits: 0/5 | Total P&L: $0.00 | Phase: phase_1_cold_start
  │ Positions: 854 | Opps: found=37 exec=35 skip=2
  │ Vectors: standard_liquidation=2, preemptive_liquidation=33, new_protocol=2, undercollateralized_pool=1215
  │ Gas: 0.1117 gwei | Engine: RUNNING
  └──────────────────────────────────────────────────────────┘

  🔧 ADAPTIVE: No new profits in 300s
     min_profit: $0.01 → $0.01
     min_confidence: 0.01 → 0.01
     Positions tracked: 854

  📊 HEALTH FACTOR DISTRIBUTION (sampled 30 of 854):
           <1.0:   0 
       1.0-1.05:   0 
      1.05-1.10:   1 █
      1.10-1.20:   1 █
      1.20-1.50:   3 ███
          >1.50:  25 █████████████████████████
          error:   0 
     Closest to liquidation: HF=1.0715 debt=$1,392 (0xb6d8214f...)

  📊 [phase_1_cold_start] 5.10h | P&L: $0.00 | Rate: $0.00/hr | TXs: 35 | Cap: $0.00 | Mult: inactive
   ⏱️  Scan #405 | Positions: 854 | Watchlist: 335 | Opps found: 37 | ETH gas: 0.1126 gwei | Vectors: 4/6 active

  ┌─ STATUS [5:05:48] ─────────────────────────────────────────┐
  │ Profits: 0/5 | Total P&L: $0.00 | Phase: phase_1_cold_start
  │ Positions: 854 | Opps: found=37 exec=35 skip=2
  │ Vectors: standard_liquidation=2, preemptive_liquidation=33, new_protocol=2, undercollateralized_pool=1218
  │ Gas: 0.1126 gwei | Engine: RUNNING
  └──────────────────────────────────────────────────────────┘
   ⏱️  Scan #406 | Positions: 854 | Watchlist: 335 | Opps found: 37 | ETH gas: 0.1129 gwei | Vectors: 4/6 active
   📡 [RPC Gateway] reqs=0 rps=0.0 batched=0 failovers=0 429s=0
   ⚡ [ZRP] positions=856 checks=6105 fired=0 confirmed=0 reverted=0 profit=$0.00 gas=$0.0000
      Index: ETH/USD:856

  ┌─ STATUS [5:06:39] ─────────────────────────────────────────┐
  │ Profits: 0/5 | Total P&L: $0.00 | Phase: phase_1_cold_start
  │ Positions: 854 | Opps: found=37 exec=35 skip=2
  │ Vectors: standard_liquidation=2, preemptive_liquidation=33, new_protocol=2, undercollateralized_pool=1221
  │ Gas: 0.1129 gwei | Engine: RUNNING
  └──────────────────────────────────────────────────────────┘

  📊 [phase_1_cold_start] 5.12h | P&L: $0.00 | Rate: $0.00/hr | TXs: 35 | Cap: $0.00 | Mult: inactive
   ⏱️  Scan #407 | Positions: 854 | Watchlist: 335 | Opps found: 37 | ETH gas: 0.0986 gwei | Vectors: 4/6 active

  ┌─ STATUS [5:07:34] ─────────────────────────────────────────┐
  │ Profits: 0/5 | Total P&L: $0.00 | Phase: phase_1_cold_start
  │ Positions: 854 | Opps: found=37 exec=35 skip=2
  │ Vectors: standard_liquidation=2, preemptive_liquidation=33, new_protocol=2, undercollateralized_pool=1224
  │ Gas: 0.0986 gwei | Engine: RUNNING
  └──────────────────────────────────────────────────────────┘
   📝 Queued execution 3b7e309f... (priority 8)
   🎯 [preemptive_liquidation] chain=1 profit=$101.03 conf=5% pri=8
   📝 Queued execution d983047e... (priority 8)
   🎯 [preemptive_liquidation] chain=1 profit=$100.67 conf=5% pri=8
   ⏱️  Scan #408 | Positions: 854 | Watchlist: 335 | Opps found: 39 | ETH gas: 0.1055 gwei | Vectors: 4/6 active

  ┌─ STATUS [5:08:28] ─────────────────────────────────────────┐
  │ Profits: 0/5 | Total P&L: $0.00 | Phase: phase_1_cold_start
  │ Positions: 854 | Opps: found=39 exec=37 skip=2
  │ Vectors: standard_liquidation=2, preemptive_liquidation=35, new_protocol=2, undercollateralized_pool=1227
  │ Gas: 0.1055 gwei | Engine: RUNNING
  └──────────────────────────────────────────────────────────┘
   ❌ EXEC FAILED chain=1 user=?... reason=Unknown format '', attempted to normalize to '0x'
   ✅ Execution 3b7e309f... completed: failed
   ❌ EXEC FAILED chain=1 user=?... reason=Unknown format '', attempted to normalize to '0x'
   ✅ Execution d983047e... completed: failed

  📊 [phase_1_cold_start] 5.15h | P&L: $0.00 | Rate: $0.00/hr | TXs: 37 | Cap: $0.00 | Mult: inactive
   📇 Chain 1: +1 borrowers from 2291 events (total tracked: 855)
   ⚡ [ZRP] positions=857 checks=6150 fired=0 confirmed=0 reverted=0 profit=$0.00 gas=$0.0000
      Index: ETH/USD:857
   📡 [RPC Gateway] reqs=0 rps=0.0 batched=0 failovers=0 429s=0
   📝 Queued execution 0e60d189... (priority 8)
   🎯 [preemptive_liquidation] chain=1 profit=$107.41 conf=6% pri=8
   ⏱️  Scan #409 | Positions: 855 | Watchlist: 335 | Opps found: 40 | ETH gas: 0.1325 gwei | Vectors: 4/6 active

  ┌─ STATUS [5:09:12] ─────────────────────────────────────────┐
  │ Profits: 0/5 | Total P&L: $0.00 | Phase: phase_1_cold_start
  │ Positions: 855 | Opps: found=40 exec=38 skip=2
  │ Vectors: standard_liquidation=2, preemptive_liquidation=36, new_protocol=2, undercollateralized_pool=1230
  │ Gas: 0.1325 gwei | Engine: RUNNING
  └──────────────────────────────────────────────────────────┘
   ❌ EXEC FAILED chain=1 user=?... reason=Unknown format '', attempted to normalize to '0x'
   ✅ Execution 0e60d189... completed: failed
   ⏱️  Scan #410 | Positions: 855 | Watchlist: 336 | Opps found: 40 | ETH gas: 0.1162 gwei | Vectors: 4/6 active

  ┌─ STATUS [5:09:56] ─────────────────────────────────────────┐
  │ Profits: 0/5 | Total P&L: $0.00 | Phase: phase_1_cold_start
  │ Positions: 855 | Opps: found=40 exec=38 skip=2
  │ Vectors: standard_liquidation=2, preemptive_liquidation=36, new_protocol=2, undercollateralized_pool=1233
  │ Gas: 0.1162 gwei | Engine: RUNNING
  └──────────────────────────────────────────────────────────┘

  📊 [phase_1_cold_start] 5.18h | P&L: $0.00 | Rate: $0.00/hr | TXs: 38 | Cap: $0.00 | Mult: inactive
   ⏱️  Scan #411 | Positions: 855 | Watchlist: 336 | Opps found: 40 | ETH gas: 0.1166 gwei | Vectors: 4/6 active

  ┌─ STATUS [5:10:46] ─────────────────────────────────────────┐
  │ Profits: 0/5 | Total P&L: $0.00 | Phase: phase_1_cold_start
  │ Positions: 855 | Opps: found=40 exec=38 skip=2
  │ Vectors: standard_liquidation=2, preemptive_liquidation=36, new_protocol=2, undercollateralized_pool=1236
  │ Gas: 0.1166 gwei | Engine: RUNNING
  └──────────────────────────────────────────────────────────┘

  🔧 ADAPTIVE: No new profits in 300s
     min_profit: $0.01 → $0.01
     min_confidence: 0.01 → 0.01
     Positions tracked: 855

  📊 HEALTH FACTOR DISTRIBUTION (sampled 30 of 855):
           <1.0:   0 
       1.0-1.05:   0 
      1.05-1.10:   1 █
      1.10-1.20:   1 █
      1.20-1.50:   3 ███
          >1.50:  25 █████████████████████████
          error:   0 
     Closest to liquidation: HF=1.0715 debt=$1,385 (0xb6d8214f...)
   ⏱️  Scan #412 | Positions: 855 | Watchlist: 336 | Opps found: 40 | ETH gas: 0.1117 gwei | Vectors: 4/6 active
   📡 [RPC Gateway] reqs=0 rps=0.0 batched=0 failovers=0 429s=0
   ⚡ [ZRP] positions=857 checks=6195 fired=0 confirmed=0 reverted=0 profit=$0.00 gas=$0.0000
      Index: ETH/USD:857

  ┌─ STATUS [5:11:39] ─────────────────────────────────────────┐
  │ Profits: 0/5 | Total P&L: $0.00 | Phase: phase_1_cold_start
  │ Positions: 855 | Opps: found=40 exec=38 skip=2
  │ Vectors: standard_liquidation=2, preemptive_liquidation=36, new_protocol=2, undercollateralized_pool=1239
  │ Gas: 0.1117 gwei | Engine: RUNNING
  └──────────────────────────────────────────────────────────┘

  📊 [phase_1_cold_start] 5.20h | P&L: $0.00 | Rate: $0.00/hr | TXs: 38 | Cap: $0.00 | Mult: inactive
   📇 Chain 1: +1 borrowers from 2289 events (total tracked: 856)
   ⏱️  Scan #413 | Positions: 856 | Watchlist: 336 | Opps found: 40 | ETH gas: 0.1027 gwei | Vectors: 4/6 active

  ┌─ STATUS [5:12:34] ─────────────────────────────────────────┐
  │ Profits: 0/5 | Total P&L: $0.00 | Phase: phase_1_cold_start
  │ Positions: 856 | Opps: found=40 exec=38 skip=2
  │ Vectors: standard_liquidation=2, preemptive_liquidation=36, new_protocol=2, undercollateralized_pool=1242
  │ Gas: 0.1027 gwei | Engine: RUNNING
  └──────────────────────────────────────────────────────────┘
   ⏱️  Scan #414 | Positions: 856 | Watchlist: 336 | Opps found: 40 | ETH gas: 0.0869 gwei | Vectors: 4/6 active

  ┌─ STATUS [5:13:14] ─────────────────────────────────────────┐
  │ Profits: 0/5 | Total P&L: $0.00 | Phase: phase_1_cold_start
  │ Positions: 856 | Opps: found=40 exec=38 skip=2
  │ Vectors: standard_liquidation=2, preemptive_liquidation=36, new_protocol=2, undercollateralized_pool=1245
  │ Gas: 0.0869 gwei | Engine: RUNNING
  └──────────────────────────────────────────────────────────┘

  📊 [phase_1_cold_start] 5.23h | P&L: $0.00 | Rate: $0.00/hr | TXs: 38 | Cap: $0.00 | Mult: inactive
   ⚠️ SELF-HEAL: No new opportunities in 10 minutes — relaxing thresholds
   ⏱️  Scan #415 | Positions: 856 | Watchlist: 336 | Opps found: 40 | ETH gas: 0.0830 gwei | Vectors: 4/6 active
   ⚡ [ZRP] positions=858 checks=6240 fired=0 confirmed=0 reverted=0 profit=$0.00 gas=$0.0000
      Index: ETH/USD:858
   📡 [RPC Gateway] reqs=0 rps=0.0 batched=0 failovers=0 429s=0

  ┌─ STATUS [5:13:59] ─────────────────────────────────────────┐
  │ Profits: 0/5 | Total P&L: $0.00 | Phase: phase_1_cold_start
  │ Positions: 856 | Opps: found=40 exec=38 skip=2
  │ Vectors: standard_liquidation=2, preemptive_liquidation=36, new_protocol=2, undercollateralized_pool=1248
  │ Gas: 0.0830 gwei | Engine: RUNNING
  └──────────────────────────────────────────────────────────┘
   ⏱️  Scan #416 | Positions: 856 | Watchlist: 335 | Opps found: 40 | ETH gas: 0.0846 gwei | Vectors: 4/6 active

  ┌─ STATUS [5:14:45] ─────────────────────────────────────────┐
  │ Profits: 0/5 | Total P&L: $0.00 | Phase: phase_1_cold_start
  │ Positions: 856 | Opps: found=40 exec=38 skip=2
  │ Vectors: standard_liquidation=2, preemptive_liquidation=36, new_protocol=2, undercollateralized_pool=1251
  │ Gas: 0.0846 gwei | Engine: RUNNING
  └──────────────────────────────────────────────────────────┘

  📊 [phase_1_cold_start] 5.25h | P&L: $0.00 | Rate: $0.00/hr | TXs: 38 | Cap: $0.00 | Mult: inactive
   📇 Chain 1: +2 borrowers from 2291 events (total tracked: 858)
   ⏱️  Scan #417 | Positions: 858 | Watchlist: 335 | Opps found: 40 | ETH gas: 0.0712 gwei | Vectors: 4/6 active

  ┌─ STATUS [5:15:36] ─────────────────────────────────────────┐
  │ Profits: 0/5 | Total P&L: $0.00 | Phase: phase_1_cold_start
  │ Positions: 858 | Opps: found=40 exec=38 skip=2
  │ Vectors: standard_liquidation=2, preemptive_liquidation=36, new_protocol=2, undercollateralized_pool=1254
  │ Gas: 0.0712 gwei | Engine: RUNNING
  └──────────────────────────────────────────────────────────┘
   📝 Queued execution 8dff4d21... (priority 8)
   🎯 [preemptive_liquidation] chain=1 profit=$103.60 conf=5% pri=8
   📝 Queued execution c11d446a... (priority 8)
   🎯 [preemptive_liquidation] chain=1 profit=$127.68 conf=8% pri=8
   ⏱️  Scan #418 | Positions: 858 | Watchlist: 335 | Opps found: 42 | ETH gas: 0.0698 gwei | Vectors: 4/6 active
   ⚡ [ZRP] positions=858 checks=6285 fired=0 confirmed=0 reverted=0 profit=$0.00 gas=$0.0000
      Index: ETH/USD:858
   📡 [RPC Gateway] reqs=0 rps=0.0 batched=0 failovers=0 429s=0

  ┌─ STATUS [5:16:28] ─────────────────────────────────────────┐
  │ Profits: 0/5 | Total P&L: $0.00 | Phase: phase_1_cold_start
  │ Positions: 858 | Opps: found=42 exec=40 skip=2
  │ Vectors: standard_liquidation=2, preemptive_liquidation=38, new_protocol=2, undercollateralized_pool=1257
  │ Gas: 0.0698 gwei | Engine: RUNNING
  └──────────────────────────────────────────────────────────┘

  📊 [phase_1_cold_start] 5.28h | P&L: $0.00 | Rate: $0.00/hr | TXs: 38 | Cap: $0.00 | Mult: inactive

  🔧 ADAPTIVE: No new profits in 300s
     min_profit: $0.01 → $0.01
     min_confidence: 0.01 → 0.01
     Positions tracked: 858

  📊 HEALTH FACTOR DISTRIBUTION (sampled 30 of 858):
           <1.0:   0 
       1.0-1.05:   0 
      1.05-1.10:   1 █
      1.10-1.20:   2 ██
      1.20-1.50:   3 ███
          >1.50:  24 ████████████████████████
          error:   0 
     Closest to liquidation: HF=1.0715 debt=$1,374 (0xb6d8214f...)
   ❌ EXEC FAILED chain=1 user=?... reason=Unknown format '', attempted to normalize to '0x'
   ✅ Execution 8dff4d21... completed: failed
   ❌ EXEC FAILED chain=1 user=?... reason=Unknown format '', attempted to normalize to '0x'
   ✅ Execution c11d446a... completed: failed
   📇 Chain 137: +2 borrowers from 51 events (total tracked: 860)
   ⏱️  Scan #419 | Positions: 860 | Watchlist: 335 | Opps found: 42 | ETH gas: 0.0730 gwei | Vectors: 4/6 active

  ┌─ STATUS [5:17:25] ─────────────────────────────────────────┐
  │ Profits: 0/5 | Total P&L: $0.00 | Phase: phase_1_cold_start
  │ Positions: 860 | Opps: found=42 exec=40 skip=2
  │ Vectors: standard_liquidation=2, preemptive_liquidation=38, new_protocol=2, undercollateralized_pool=1260
  │ Gas: 0.0730 gwei | Engine: RUNNING
  └──────────────────────────────────────────────────────────┘
   ⏱️  Scan #420 | Positions: 860 | Watchlist: 335 | Opps found: 42 | ETH gas: 0.0605 gwei | Vectors: 4/6 active

  ┌─ STATUS [5:18:06] ─────────────────────────────────────────┐
  │ Profits: 0/5 | Total P&L: $0.00 | Phase: phase_1_cold_start
  │ Positions: 860 | Opps: found=42 exec=40 skip=2
  │ Vectors: standard_liquidation=2, preemptive_liquidation=38, new_protocol=2, undercollateralized_pool=1263
  │ Gas: 0.0605 gwei | Engine: RUNNING
  └──────────────────────────────────────────────────────────┘

  📊 [phase_1_cold_start] 5.31h | P&L: $0.00 | Rate: $0.00/hr | TXs: 40 | Cap: $0.00 | Mult: inactive
   📝 Queued execution 193ba10d... (priority 8)
   🎯 [preemptive_liquidation] chain=1 profit=$110.96 conf=6% pri=8
   ⏱️  Scan #421 | Positions: 860 | Watchlist: 335 | Opps found: 43 | ETH gas: 0.0725 gwei | Vectors: 4/6 active
   📇 Chain 1: +1 borrowers from 2292 events (total tracked: 861)
   ⚡ [ZRP] positions=862 checks=6330 fired=0 confirmed=0 reverted=0 profit=$0.00 gas=$0.0000
      Index: ETH/USD:862
   📡 [RPC Gateway] reqs=0 rps=0.0 batched=0 failovers=0 429s=0

  ┌─ STATUS [5:18:52] ─────────────────────────────────────────┐
  │ Profits: 0/5 | Total P&L: $0.00 | Phase: phase_1_cold_start
  │ Positions: 861 | Opps: found=43 exec=41 skip=2
  │ Vectors: standard_liquidation=2, preemptive_liquidation=39, new_protocol=2, undercollateralized_pool=1266
  │ Gas: 0.0725 gwei | Engine: RUNNING
  └──────────────────────────────────────────────────────────┘
   ❌ EXEC FAILED chain=1 user=?... reason=Unknown format '', attempted to normalize to '0x'
   ✅ Execution 193ba10d... completed: failed
   ⏱️  Scan #422 | Positions: 861 | Watchlist: 335 | Opps found: 43 | ETH gas: 0.0709 gwei | Vectors: 4/6 active

  ┌─ STATUS [5:19:40] ─────────────────────────────────────────┐
  │ Profits: 0/5 | Total P&L: $0.00 | Phase: phase_1_cold_start
  │ Positions: 861 | Opps: found=43 exec=41 skip=2
  │ Vectors: standard_liquidation=2, preemptive_liquidation=39, new_protocol=2, undercollateralized_pool=1269
  │ Gas: 0.0709 gwei | Engine: RUNNING
  └──────────────────────────────────────────────────────────┘

  📊 [phase_1_cold_start] 5.34h | P&L: $0.00 | Rate: $0.00/hr | TXs: 41 | Cap: $0.00 | Mult: inactive
   ⏱️  Scan #423 | Positions: 861 | Watchlist: 335 | Opps found: 43 | ETH gas: 0.0679 gwei | Vectors: 4/6 active

  ┌─ STATUS [5:20:34] ─────────────────────────────────────────┐
  │ Profits: 0/5 | Total P&L: $0.00 | Phase: phase_1_cold_start
  │ Positions: 861 | Opps: found=43 exec=41 skip=2
  │ Vectors: standard_liquidation=2, preemptive_liquidation=39, new_protocol=2, undercollateralized_pool=1272
  │ Gas: 0.0679 gwei | Engine: RUNNING
  └──────────────────────────────────────────────────────────┘
   ⏱️  Scan #424 | Positions: 861 | Watchlist: 335 | Opps found: 43 | ETH gas: 0.0677 gwei | Vectors: 4/6 active
   ⚡ [ZRP] positions=863 checks=6375 fired=0 confirmed=0 reverted=0 profit=$0.00 gas=$0.0000
      Index: ETH/USD:863
   📡 [RPC Gateway] reqs=0 rps=0.0 batched=0 failovers=0 429s=0

  ┌─ STATUS [5:21:27] ─────────────────────────────────────────┐
  │ Profits: 0/5 | Total P&L: $0.00 | Phase: phase_1_cold_start
  │ Positions: 861 | Opps: found=43 exec=41 skip=2
  │ Vectors: standard_liquidation=2, preemptive_liquidation=39, new_protocol=2, undercollateralized_pool=1275
  │ Gas: 0.0677 gwei | Engine: RUNNING
  └──────────────────────────────────────────────────────────┘

  📊 [phase_1_cold_start] 5.37h | P&L: $0.00 | Rate: $0.00/hr | TXs: 41 | Cap: $0.00 | Mult: inactive
   ⏱️  Scan #425 | Positions: 861 | Watchlist: 335 | Opps found: 43 | ETH gas: 0.0814 gwei | Vectors: 4/6 active

  ┌─ STATUS [5:22:19] ─────────────────────────────────────────┐
  │ Profits: 0/5 | Total P&L: $0.00 | Phase: phase_1_cold_start
  │ Positions: 861 | Opps: found=43 exec=41 skip=2
  │ Vectors: standard_liquidation=2, preemptive_liquidation=39, new_protocol=2, undercollateralized_pool=1278
  │ Gas: 0.0814 gwei | Engine: RUNNING
  └──────────────────────────────────────────────────────────┘

  🔧 ADAPTIVE: No new profits in 300s
     min_profit: $0.01 → $0.01
     min_confidence: 0.01 → 0.01
     Positions tracked: 861

  📊 HEALTH FACTOR DISTRIBUTION (sampled 30 of 861):
           <1.0:   0 
       1.0-1.05:   0 
      1.05-1.10:   1 █
      1.10-1.20:   2 ██
      1.20-1.50:   3 ███
          >1.50:  24 ████████████████████████
          error:   0 
     Closest to liquidation: HF=1.0715 debt=$1,374 (0xb6d8214f...)
   📝 Queued execution f70c139a... (priority 8)
   🎯 [preemptive_liquidation] chain=1 profit=$100.34 conf=5% pri=8
   ⏱️  Scan #426 | Positions: 861 | Watchlist: 335 | Opps found: 44 | ETH gas: 0.0792 gwei | Vectors: 4/6 active

  ┌─ STATUS [5:23:07] ─────────────────────────────────────────┐
  │ Profits: 0/5 | Total P&L: $0.00 | Phase: phase_1_cold_start
  │ Positions: 861 | Opps: found=44 exec=42 skip=2
  │ Vectors: standard_liquidation=2, preemptive_liquidation=40, new_protocol=2, undercollateralized_pool=1281
  │ Gas: 0.0792 gwei | Engine: RUNNING
  └──────────────────────────────────────────────────────────┘

  📊 [phase_1_cold_start] 5.39h | P&L: $0.00 | Rate: $0.00/hr | TXs: 41 | Cap: $0.00 | Mult: inactive
   ❌ EXEC FAILED chain=1 user=?... reason=Unknown format '', attempted to normalize to '0x'
   ✅ Execution f70c139a... completed: failed
   ⏱️  Scan #427 | Positions: 861 | Watchlist: 335 | Opps found: 44 | ETH gas: 0.0826 gwei | Vectors: 4/6 active
   📡 [RPC Gateway] reqs=0 rps=0.0 batched=0 failovers=0 429s=0
   ⚡ [ZRP] positions=863 checks=6420 fired=0 confirmed=0 reverted=0 profit=$0.00 gas=$0.0000
      Index: ETH/USD:863

  ┌─ STATUS [5:23:58] ─────────────────────────────────────────┐
  │ Profits: 0/5 | Total P&L: $0.00 | Phase: phase_1_cold_start
  │ Positions: 861 | Opps: found=44 exec=42 skip=2
  │ Vectors: standard_liquidation=2, preemptive_liquidation=40, new_protocol=2, undercollateralized_pool=1284
  │ Gas: 0.0826 gwei | Engine: RUNNING
  └──────────────────────────────────────────────────────────┘
   👁️  WATCHLIST +1: HF=1.0458 debt=$49,444 chain=1 (0xfeedbf8f36...)
   ⏱️  Scan #428 | Positions: 861 | Watchlist: 336 | Opps found: 44 | ETH gas: 0.0645 gwei | Vectors: 4/6 active

  ┌─ STATUS [5:24:49] ─────────────────────────────────────────┐
  │ Profits: 0/5 | Total P&L: $0.00 | Phase: phase_1_cold_start
  │ Positions: 861 | Opps: found=44 exec=42 skip=2
  │ Vectors: standard_liquidation=2, preemptive_liquidation=40, new_protocol=2, undercollateralized_pool=1287
  │ Gas: 0.0645 gwei | Engine: RUNNING
  └──────────────────────────────────────────────────────────┘
   ⚠️ SELF-HEAL: No new opportunities in 10 minutes — relaxing thresholds

  📊 [phase_1_cold_start] 5.42h | P&L: $0.00 | Rate: $0.00/hr | TXs: 42 | Cap: $0.00 | Mult: inactive
   👁️  WATCHLIST +1: HF=1.1351 debt=$4,493 chain=1 (0xcc7373ec87...)
   📇 Chain 137: +1 borrowers from 51 events (total tracked: 862)
   ⏱️  Scan #429 | Positions: 862 | Watchlist: 337 | Opps found: 44 | ETH gas: 0.0738 gwei | Vectors: 4/6 active

  ┌─ STATUS [5:25:45] ─────────────────────────────────────────┐
  │ Profits: 0/5 | Total P&L: $0.00 | Phase: phase_1_cold_start
  │ Positions: 862 | Opps: found=44 exec=42 skip=2
  │ Vectors: standard_liquidation=2, preemptive_liquidation=40, new_protocol=2, undercollateralized_pool=1290
  │ Gas: 0.0738 gwei | Engine: RUNNING
  └──────────────────────────────────────────────────────────┘
   ⚡ [ZRP] positions=864 checks=6465 fired=0 confirmed=0 reverted=0 profit=$0.00 gas=$0.0000
      Index: ETH/USD:864
   📡 [RPC Gateway] reqs=0 rps=0.0 batched=0 failovers=0 429s=0
   ⏱️  Scan #430 | Positions: 862 | Watchlist: 337 | Opps found: 44 | ETH gas: 0.0653 gwei | Vectors: 4/6 active

  ┌─ STATUS [5:26:34] ─────────────────────────────────────────┐
  │ Profits: 0/5 | Total P&L: $0.00 | Phase: phase_1_cold_start
  │ Positions: 862 | Opps: found=44 exec=42 skip=2
  │ Vectors: standard_liquidation=2, preemptive_liquidation=40, new_protocol=2, undercollateralized_pool=1293
  │ Gas: 0.0653 gwei | Engine: RUNNING
  └──────────────────────────────────────────────────────────┘

  📊 [phase_1_cold_start] 5.45h | P&L: $0.00 | Rate: $0.00/hr | TXs: 42 | Cap: $0.00 | Mult: inactive
   ⏱️  Scan #431 | Positions: 862 | Watchlist: 337 | Opps found: 44 | ETH gas: 0.0778 gwei | Vectors: 4/6 active

  ┌─ STATUS [5:27:29] ─────────────────────────────────────────┐
  │ Profits: 0/5 | Total P&L: $0.00 | Phase: phase_1_cold_start
  │ Positions: 862 | Opps: found=44 exec=42 skip=2
  │ Vectors: standard_liquidation=2, preemptive_liquidation=40, new_protocol=2, undercollateralized_pool=1296
  │ Gas: 0.0778 gwei | Engine: RUNNING
  └──────────────────────────────────────────────────────────┘
   ⏱️  Scan #432 | Positions: 862 | Watchlist: 337 | Opps found: 44 | ETH gas: 0.0830 gwei | Vectors: 4/6 active

  🔧 ADAPTIVE: No new profits in 300s
     min_profit: $0.01 → $0.01
     min_confidence: 0.01 → 0.01
     Positions tracked: 862

  📊 HEALTH FACTOR DISTRIBUTION (sampled 30 of 862):
           <1.0:   0 
       1.0-1.05:   0 
      1.05-1.10:   1 █
      1.10-1.20:   2 ██
      1.20-1.50:   3 ███
          >1.50:  24 ████████████████████████
          error:   0 
     Closest to liquidation: HF=1.0715 debt=$1,374 (0xb6d8214f...)

  ┌─ STATUS [5:28:25] ─────────────────────────────────────────┐
  │ Profits: 0/5 | Total P&L: $0.00 | Phase: phase_1_cold_start
  │ Positions: 862 | Opps: found=44 exec=42 skip=2
  │ Vectors: standard_liquidation=2, preemptive_liquidation=40, new_protocol=2, undercollateralized_pool=1299
  │ Gas: 0.0830 gwei | Engine: RUNNING
  └──────────────────────────────────────────────────────────┘

  📊 [phase_1_cold_start] 5.48h | P&L: $0.00 | Rate: $0.00/hr | TXs: 42 | Cap: $0.00 | Mult: inactive
   📡 [RPC Gateway] reqs=0 rps=0.0 batched=0 failovers=0 429s=0
   ⚡ [ZRP] positions=864 checks=6510 fired=0 confirmed=0 reverted=0 profit=$0.00 gas=$0.0000
      Index: ETH/USD:864
   ⏱️  Scan #433 | Positions: 862 | Watchlist: 337 | Opps found: 44 | ETH gas: 0.0668 gwei | Vectors: 4/6 active

  ┌─ STATUS [5:29:10] ─────────────────────────────────────────┐
  │ Profits: 0/5 | Total P&L: $0.00 | Phase: phase_1_cold_start
  │ Positions: 862 | Opps: found=44 exec=42 skip=2
  │ Vectors: standard_liquidation=2, preemptive_liquidation=40, new_protocol=2, undercollateralized_pool=1302
  │ Gas: 0.0668 gwei | Engine: RUNNING
  └──────────────────────────────────────────────────────────┘
   ⏱️  Scan #434 | Positions: 862 | Watchlist: 337 | Opps found: 44 | ETH gas: 0.0749 gwei | Vectors: 4/6 active

  ┌─ STATUS [5:29:56] ─────────────────────────────────────────┐
  │ Profits: 0/5 | Total P&L: $0.00 | Phase: phase_1_cold_start
  │ Positions: 862 | Opps: found=44 exec=42 skip=2
  │ Vectors: standard_liquidation=2, preemptive_liquidation=40, new_protocol=2, undercollateralized_pool=1305
  │ Gas: 0.0749 gwei | Engine: RUNNING
  └──────────────────────────────────────────────────────────┘

  📊 [phase_1_cold_start] 5.51h | P&L: $0.00 | Rate: $0.00/hr | TXs: 42 | Cap: $0.00 | Mult: inactive
   📇 Chain 1: +1 borrowers from 2307 events (total tracked: 863)
   📝 Queued execution 4935d32b... (priority 8)
   🎯 [preemptive_liquidation] chain=1 profit=$100.36 conf=5% pri=8
   ⏱️  Scan #435 | Positions: 863 | Watchlist: 337 | Opps found: 45 | ETH gas: 0.0775 gwei | Vectors: 4/6 active

  ┌─ STATUS [5:30:49] ─────────────────────────────────────────┐
  │ Profits: 0/5 | Total P&L: $0.00 | Phase: phase_1_cold_start
  │ Positions: 863 | Opps: found=45 exec=43 skip=2
  │ Vectors: standard_liquidation=2, preemptive_liquidation=41, new_protocol=2, undercollateralized_pool=1308
  │ Gas: 0.0775 gwei | Engine: RUNNING
  └──────────────────────────────────────────────────────────┘
   ❌ EXEC FAILED chain=1 user=?... reason=Unknown format '', attempted to normalize to '0x'
   ✅ Execution 4935d32b... completed: failed
   ⏱️  Scan #436 | Positions: 863 | Watchlist: 337 | Opps found: 45 | ETH gas: 0.0779 gwei | Vectors: 4/6 active
   📡 [RPC Gateway] reqs=0 rps=0.0 batched=0 failovers=0 429s=0
   ⚡ [ZRP] positions=864 checks=6555 fired=0 confirmed=0 reverted=0 profit=$0.00 gas=$0.0000
      Index: ETH/USD:864

  ┌─ STATUS [5:31:42] ─────────────────────────────────────────┐
  │ Profits: 0/5 | Total P&L: $0.00 | Phase: phase_1_cold_start
  │ Positions: 863 | Opps: found=45 exec=43 skip=2
  │ Vectors: standard_liquidation=2, preemptive_liquidation=41, new_protocol=2, undercollateralized_pool=1311
  │ Gas: 0.0779 gwei | Engine: RUNNING
  └──────────────────────────────────────────────────────────┘

  📊 [phase_1_cold_start] 5.54h | P&L: $0.00 | Rate: $0.00/hr | TXs: 43 | Cap: $0.00 | Mult: inactive
   📇 Chain 1: +1 borrowers from 2313 events (total tracked: 864)
   ⏱️  Scan #437 | Positions: 864 | Watchlist: 337 | Opps found: 45 | ETH gas: 0.0680 gwei | Vectors: 4/6 active

  ┌─ STATUS [5:32:29] ─────────────────────────────────────────┐
  │ Profits: 0/5 | Total P&L: $0.00 | Phase: phase_1_cold_start
  │ Positions: 864 | Opps: found=45 exec=43 skip=2
  │ Vectors: standard_liquidation=2, preemptive_liquidation=41, new_protocol=2, undercollateralized_pool=1314
  │ Gas: 0.0680 gwei | Engine: RUNNING
  └──────────────────────────────────────────────────────────┘
   ⏱️  Scan #438 | Positions: 864 | Watchlist: 337 | Opps found: 45 | ETH gas: 0.0754 gwei | Vectors: 4/6 active

  ┌─ STATUS [5:33:17] ─────────────────────────────────────────┐
  │ Profits: 0/5 | Total P&L: $0.00 | Phase: phase_1_cold_start
  │ Positions: 864 | Opps: found=45 exec=43 skip=2
  │ Vectors: standard_liquidation=2, preemptive_liquidation=41, new_protocol=2, undercollateralized_pool=1317
  │ Gas: 0.0754 gwei | Engine: RUNNING
  └──────────────────────────────────────────────────────────┘

  📊 [phase_1_cold_start] 5.56h | P&L: $0.00 | Rate: $0.00/hr | TXs: 43 | Cap: $0.00 | Mult: inactive

  🔧 ADAPTIVE: No new profits in 300s
     min_profit: $0.01 → $0.01
     min_confidence: 0.01 → 0.01
     Positions tracked: 864

  📊 HEALTH FACTOR DISTRIBUTION (sampled 30 of 864):
           <1.0:   0 
       1.0-1.05:   0 
      1.05-1.10:   2 ██
      1.10-1.20:   1 █
      1.20-1.50:   3 ███
          >1.50:  24 ████████████████████████
          error:   0 
     Closest to liquidation: HF=1.0568 debt=$4,500 (0xcc7373ec...)
   📇 Chain 1: +1 borrowers from 2316 events (total tracked: 865)
   ⏱️  Scan #439 | Positions: 865 | Watchlist: 337 | Opps found: 45 | ETH gas: 0.0775 gwei | Vectors: 4/6 active
   📡 [RPC Gateway] reqs=0 rps=0.0 batched=0 failovers=0 429s=0
   ⚡ [ZRP] positions=866 checks=6600 fired=0 confirmed=0 reverted=0 profit=$0.00 gas=$0.0000
      Index: ETH/USD:866

  ┌─ STATUS [5:34:10] ─────────────────────────────────────────┐
  │ Profits: 0/5 | Total P&L: $0.00 | Phase: phase_1_cold_start
  │ Positions: 865 | Opps: found=45 exec=43 skip=2
  │ Vectors: standard_liquidation=2, preemptive_liquidation=41, new_protocol=2, undercollateralized_pool=1320
  │ Gas: 0.0775 gwei | Engine: RUNNING
  └──────────────────────────────────────────────────────────┘
   ⏱️  Scan #440 | Positions: 865 | Watchlist: 337 | Opps found: 45 | ETH gas: 0.0723 gwei | Vectors: 4/6 active

  ┌─ STATUS [5:35:02] ─────────────────────────────────────────┐
  │ Profits: 0/5 | Total P&L: $0.00 | Phase: phase_1_cold_start
  │ Positions: 865 | Opps: found=45 exec=43 skip=2
  │ Vectors: standard_liquidation=2, preemptive_liquidation=41, new_protocol=2, undercollateralized_pool=1323
  │ Gas: 0.0723 gwei | Engine: RUNNING
  └──────────────────────────────────────────────────────────┘

  📊 [phase_1_cold_start] 5.59h | P&L: $0.00 | Rate: $0.00/hr | TXs: 43 | Cap: $0.00 | Mult: inactive
   ⚠️ SELF-HEAL: No new opportunities in 10 minutes — relaxing thresholds
   ⏱️  Scan #441 | Positions: 865 | Watchlist: 337 | Opps found: 45 | ETH gas: 0.0772 gwei | Vectors: 4/6 active

  ┌─ STATUS [5:35:58] ─────────────────────────────────────────┐
  │ Profits: 0/5 | Total P&L: $0.00 | Phase: phase_1_cold_start
  │ Positions: 865 | Opps: found=45 exec=43 skip=2
  │ Vectors: standard_liquidation=2, preemptive_liquidation=41, new_protocol=2, undercollateralized_pool=1326
  │ Gas: 0.0772 gwei | Engine: RUNNING
  └──────────────────────────────────────────────────────────┘
   ⚡ [ZRP] positions=867 checks=6645 fired=0 confirmed=0 reverted=0 profit=$0.00 gas=$0.0000
      Index: ETH/USD:867
   📡 [RPC Gateway] reqs=0 rps=0.0 batched=0 failovers=0 429s=0
   ⏱️  Scan #442 | Positions: 865 | Watchlist: 337 | Opps found: 46 | ETH gas: 0.0693 gwei | Vectors: 4/6 active

  ┌─ STATUS [5:36:40] ─────────────────────────────────────────┐
  │ Profits: 0/5 | Total P&L: $0.00 | Phase: phase_1_cold_start
  │ Positions: 865 | Opps: found=46 exec=43 skip=3
  │ Vectors: standard_liquidation=2, preemptive_liquidation=41, new_protocol=3, undercollateralized_pool=1329
  │ Gas: 0.0693 gwei | Engine: RUNNING
  └──────────────────────────────────────────────────────────┘

  📊 [phase_1_cold_start] 5.62h | P&L: $0.00 | Rate: $0.00/hr | TXs: 43 | Cap: $0.00 | Mult: inactive
   📇 Chain 1: +1 borrowers from 2312 events (total tracked: 866)
   ⏱️  Scan #443 | Positions: 866 | Watchlist: 337 | Opps found: 46 | ETH gas: 0.0772 gwei | Vectors: 4/6 active

  ┌─ STATUS [5:37:28] ─────────────────────────────────────────┐
  │ Profits: 0/5 | Total P&L: $0.00 | Phase: phase_1_cold_start
  │ Positions: 866 | Opps: found=46 exec=43 skip=3
  │ Vectors: standard_liquidation=2, preemptive_liquidation=41, new_protocol=3, undercollateralized_pool=1332
  │ Gas: 0.0772 gwei | Engine: RUNNING
  └──────────────────────────────────────────────────────────┘
   ⏱️  Scan #444 | Positions: 866 | Watchlist: 337 | Opps found: 46 | ETH gas: 0.0666 gwei | Vectors: 4/6 active

  ┌─ STATUS [5:38:17] ─────────────────────────────────────────┐
  │ Profits: 0/5 | Total P&L: $0.00 | Phase: phase_1_cold_start
  │ Positions: 866 | Opps: found=46 exec=43 skip=3
  │ Vectors: standard_liquidation=2, preemptive_liquidation=41, new_protocol=3, undercollateralized_pool=1335
  │ Gas: 0.0666 gwei | Engine: RUNNING
  └──────────────────────────────────────────────────────────┘

  📊 [phase_1_cold_start] 5.65h | P&L: $0.00 | Rate: $0.00/hr | TXs: 43 | Cap: $0.00 | Mult: inactive
   📇 Chain 1: +1 borrowers from 2311 events (total tracked: 867)
   ⏱️  Scan #445 | Positions: 867 | Watchlist: 337 | Opps found: 46 | ETH gas: 0.0631 gwei | Vectors: 4/6 active
   📡 [RPC Gateway] reqs=0 rps=0.0 batched=0 failovers=0 429s=0
   ⚡ [ZRP] positions=868 checks=6690 fired=0 confirmed=0 reverted=0 profit=$0.00 gas=$0.0000
      Index: ETH/USD:868

  ┌─ STATUS [5:39:12] ─────────────────────────────────────────┐
  │ Profits: 0/5 | Total P&L: $0.00 | Phase: phase_1_cold_start
  │ Positions: 867 | Opps: found=46 exec=43 skip=3
  │ Vectors: standard_liquidation=2, preemptive_liquidation=41, new_protocol=3, undercollateralized_pool=1338
  │ Gas: 0.0631 gwei | Engine: RUNNING
  └──────────────────────────────────────────────────────────┘

  🔧 ADAPTIVE: No new profits in 300s
     min_profit: $0.01 → $0.01
     min_confidence: 0.01 → 0.01
     Positions tracked: 867

  📊 HEALTH FACTOR DISTRIBUTION (sampled 30 of 867):
           <1.0:   0 
       1.0-1.05:   0 
      1.05-1.10:   2 ██
      1.10-1.20:   1 █
      1.20-1.50:   3 ███
          >1.50:  24 ████████████████████████
          error:   0 
     Closest to liquidation: HF=1.0568 debt=$4,500 (0xcc7373ec...)
   ⏱️  Scan #446 | Positions: 867 | Watchlist: 337 | Opps found: 46 | ETH gas: 0.0580 gwei | Vectors: 4/6 active

  ┌─ STATUS [5:40:08] ─────────────────────────────────────────┐
  │ Profits: 0/5 | Total P&L: $0.00 | Phase: phase_1_cold_start
  │ Positions: 867 | Opps: found=46 exec=43 skip=3
  │ Vectors: standard_liquidation=2, preemptive_liquidation=41, new_protocol=3, undercollateralized_pool=1341
  │ Gas: 0.0580 gwei | Engine: RUNNING
  └──────────────────────────────────────────────────────────┘

  📊 [phase_1_cold_start] 5.68h | P&L: $0.00 | Rate: $0.00/hr | TXs: 43 | Cap: $0.00 | Mult: inactive
   📇 Chain 1: +1 borrowers from 2313 events (total tracked: 868)
   ⏱️  Scan #447 | Positions: 868 | Watchlist: 336 | Opps found: 46 | ETH gas: 0.0590 gwei | Vectors: 4/6 active

  ┌─ STATUS [5:40:54] ─────────────────────────────────────────┐
  │ Profits: 0/5 | Total P&L: $0.00 | Phase: phase_1_cold_start
  │ Positions: 868 | Opps: found=46 exec=43 skip=3
  │ Vectors: standard_liquidation=2, preemptive_liquidation=41, new_protocol=3, undercollateralized_pool=1344
  │ Gas: 0.0590 gwei | Engine: RUNNING
  └──────────────────────────────────────────────────────────┘
   👁️  WATCHLIST +1: HF=1.0401 debt=$68,634 chain=1 (0xeab5b236d0...)
   ⏱️  Scan #448 | Positions: 868 | Watchlist: 338 | Opps found: 46 | ETH gas: 0.0499 gwei | Vectors: 4/6 active
   📡 [RPC Gateway] reqs=0 rps=0.0 batched=0 failovers=0 429s=0
   ⚡ [ZRP] positions=870 checks=6735 fired=0 confirmed=0 reverted=0 profit=$0.00 gas=$0.0000
      Index: ETH/USD:870

  ┌─ STATUS [5:41:38] ─────────────────────────────────────────┐
  │ Profits: 0/5 | Total P&L: $0.00 | Phase: phase_1_cold_start
  │ Positions: 868 | Opps: found=46 exec=43 skip=3
  │ Vectors: standard_liquidation=2, preemptive_liquidation=41, new_protocol=3, undercollateralized_pool=1347
  │ Gas: 0.0499 gwei | Engine: RUNNING
  └──────────────────────────────────────────────────────────┘

  📊 [phase_1_cold_start] 5.70h | P&L: $0.00 | Rate: $0.00/hr | TXs: 43 | Cap: $0.00 | Mult: inactive
   ⏱️  Scan #449 | Positions: 868 | Watchlist: 339 | Opps found: 46 | ETH gas: 0.0589 gwei | Vectors: 4/6 active

  ┌─ STATUS [5:42:32] ─────────────────────────────────────────┐
  │ Profits: 0/5 | Total P&L: $0.00 | Phase: phase_1_cold_start
  │ Positions: 868 | Opps: found=46 exec=43 skip=3
  │ Vectors: standard_liquidation=2, preemptive_liquidation=41, new_protocol=3, undercollateralized_pool=1350
  │ Gas: 0.0589 gwei | Engine: RUNNING
  └──────────────────────────────────────────────────────────┘
   ⏱️  Scan #450 | Positions: 868 | Watchlist: 339 | Opps found: 46 | ETH gas: 0.0582 gwei | Vectors: 4/6 active

  ┌─ STATUS [5:43:25] ─────────────────────────────────────────┐
  │ Profits: 0/5 | Total P&L: $0.00 | Phase: phase_1_cold_start
  │ Positions: 868 | Opps: found=46 exec=43 skip=3
  │ Vectors: standard_liquidation=2, preemptive_liquidation=41, new_protocol=3, undercollateralized_pool=1353
  │ Gas: 0.0582 gwei | Engine: RUNNING
  └──────────────────────────────────────────────────────────┘

  📊 [phase_1_cold_start] 5.73h | P&L: $0.00 | Rate: $0.00/hr | TXs: 43 | Cap: $0.00 | Mult: inactive
   📇 Chain 137: +1 borrowers from 48 events (total tracked: 869)
   📝 Queued execution c51892a1... (priority 8)
   🎯 [preemptive_liquidation] chain=1 profit=$103.89 conf=5% pri=8
   📡 [RPC Gateway] reqs=0 rps=0.0 batched=0 failovers=0 429s=0
   ⚡ [ZRP] positions=871 checks=6780 fired=0 confirmed=0 reverted=0 profit=$0.00 gas=$0.0000
      Index: ETH/USD:871
   ⏱️  Scan #451 | Positions: 869 | Watchlist: 339 | Opps found: 47 | ETH gas: 0.0492 gwei | Vectors: 4/6 active

  ┌─ STATUS [5:44:09] ─────────────────────────────────────────┐
  │ Profits: 0/5 | Total P&L: $0.00 | Phase: phase_1_cold_start
  │ Positions: 869 | Opps: found=47 exec=44 skip=3
  │ Vectors: standard_liquidation=2, preemptive_liquidation=42, new_protocol=3, undercollateralized_pool=1356
  │ Gas: 0.0492 gwei | Engine: RUNNING
  └──────────────────────────────────────────────────────────┘
   ❌ EXEC FAILED chain=1 user=?... reason=Unknown format '', attempted to normalize to '0x'
   ✅ Execution c51892a1... completed: failed
   ⏱️  Scan #452 | Positions: 869 | Watchlist: 339 | Opps found: 47 | ETH gas: 0.0633 gwei | Vectors: 4/6 active

  ┌─ STATUS [5:45:02] ─────────────────────────────────────────┐
  │ Profits: 0/5 | Total P&L: $0.00 | Phase: phase_1_cold_start
  │ Positions: 869 | Opps: found=47 exec=44 skip=3
  │ Vectors: standard_liquidation=2, preemptive_liquidation=42, new_protocol=3, undercollateralized_pool=1359
  │ Gas: 0.0633 gwei | Engine: RUNNING
  └──────────────────────────────────────────────────────────┘

  🔧 ADAPTIVE: No new profits in 300s
     min_profit: $0.01 → $0.01
     min_confidence: 0.01 → 0.01
     Positions tracked: 869

  📊 HEALTH FACTOR DISTRIBUTION (sampled 30 of 869):
           <1.0:   0 
       1.0-1.05:   0 
      1.05-1.10:   1 █
      1.10-1.20:   2 ██
      1.20-1.50:   3 ███
          >1.50:  24 ████████████████████████
          error:   0 
     Closest to liquidation: HF=1.0504 debt=$4,527 (0xcc7373ec...)

  📊 [phase_1_cold_start] 5.76h | P&L: $0.00 | Rate: $0.00/hr | TXs: 44 | Cap: $0.00 | Mult: inactive
   📝 Queued execution bf4f4b5f... (priority 8)
   🎯 [preemptive_liquidation] chain=1 profit=$104.80 conf=5% pri=8
   ⏱️  Scan #453 | Positions: 869 | Watchlist: 339 | Opps found: 48 | ETH gas: 0.0514 gwei | Vectors: 4/6 active

  ┌─ STATUS [5:46:01] ─────────────────────────────────────────┐
  │ Profits: 0/5 | Total P&L: $0.00 | Phase: phase_1_cold_start
  │ Positions: 869 | Opps: found=48 exec=45 skip=3
  │ Vectors: standard_liquidation=2, preemptive_liquidation=43, new_protocol=3, undercollateralized_pool=1362
  │ Gas: 0.0514 gwei | Engine: RUNNING
  └──────────────────────────────────────────────────────────┘
   ❌ EXEC FAILED chain=1 user=?... reason=Unknown format '', attempted to normalize to '0x'
   ✅ Execution bf4f4b5f... completed: failed
   ⚡ [ZRP] positions=871 checks=6825 fired=0 confirmed=0 reverted=0 profit=$0.00 gas=$0.0000
      Index: ETH/USD:871
   📡 [RPC Gateway] reqs=0 rps=0.0 batched=0 failovers=0 429s=0
   📝 Queued execution 24f39608... (priority 8)
   🎯 [preemptive_liquidation] chain=1 profit=$104.00 conf=5% pri=8
   ⏱️  Scan #454 | Positions: 869 | Watchlist: 339 | Opps found: 49 | ETH gas: 0.0506 gwei | Vectors: 4/6 active

  ┌─ STATUS [5:46:45] ─────────────────────────────────────────┐
  │ Profits: 0/5 | Total P&L: $0.00 | Phase: phase_1_cold_start
  │ Positions: 869 | Opps: found=49 exec=46 skip=3
  │ Vectors: standard_liquidation=2, preemptive_liquidation=44, new_protocol=3, undercollateralized_pool=1365
  │ Gas: 0.0506 gwei | Engine: RUNNING
  └──────────────────────────────────────────────────────────┘
   ❌ EXEC FAILED chain=1 user=?... reason=Unknown format '', attempted to normalize to '0x'
   ✅ Execution 24f39608... completed: failed

  📊 [phase_1_cold_start] 5.79h | P&L: $0.00 | Rate: $0.00/hr | TXs: 46 | Cap: $0.00 | Mult: inactive
   📇 Chain 1: +1 borrowers from 2318 events (total tracked: 870)
   ⏱️  Scan #455 | Positions: 870 | Watchlist: 340 | Opps found: 49 | ETH gas: 0.0443 gwei | Vectors: 4/6 active

  ┌─ STATUS [5:47:36] ─────────────────────────────────────────┐
  │ Profits: 0/5 | Total P&L: $0.00 | Phase: phase_1_cold_start
  │ Positions: 870 | Opps: found=49 exec=46 skip=3
  │ Vectors: standard_liquidation=2, preemptive_liquidation=44, new_protocol=3, undercollateralized_pool=1368
  │ Gas: 0.0443 gwei | Engine: RUNNING
  └──────────────────────────────────────────────────────────┘
   ⏱️  Scan #456 | Positions: 870 | Watchlist: 340 | Opps found: 49 | ETH gas: 0.0491 gwei | Vectors: 4/6 active

  ┌─ STATUS [5:48:27] ─────────────────────────────────────────┐
  │ Profits: 0/5 | Total P&L: $0.00 | Phase: phase_1_cold_start
  │ Positions: 870 | Opps: found=49 exec=46 skip=3
  │ Vectors: standard_liquidation=2, preemptive_liquidation=44, new_protocol=3, undercollateralized_pool=1371
  │ Gas: 0.0491 gwei | Engine: RUNNING
  └──────────────────────────────────────────────────────────┘

  📊 [phase_1_cold_start] 5.82h | P&L: $0.00 | Rate: $0.00/hr | TXs: 46 | Cap: $0.00 | Mult: inactive
   ⚠️ SELF-HEAL: No new opportunities in 10 minutes — relaxing thresholds
   📡 [RPC Gateway] reqs=0 rps=0.0 batched=0 failovers=0 429s=0
   ⚡ [ZRP] positions=872 checks=6870 fired=0 confirmed=0 reverted=0 profit=$0.00 gas=$0.0000
      Index: ETH/USD:872
   ⏱️  Scan #457 | Positions: 870 | Watchlist: 340 | Opps found: 49 | ETH gas: 0.0616 gwei | Vectors: 4/6 active

  ┌─ STATUS [5:49:24] ─────────────────────────────────────────┐
  │ Profits: 0/5 | Total P&L: $0.00 | Phase: phase_1_cold_start
  │ Positions: 870 | Opps: found=49 exec=46 skip=3
  │ Vectors: standard_liquidation=2, preemptive_liquidation=44, new_protocol=3, undercollateralized_pool=1374
  │ Gas: 0.0616 gwei | Engine: RUNNING
  └──────────────────────────────────────────────────────────┘
   ⏱️  Scan #458 | Positions: 870 | Watchlist: 340 | Opps found: 49 | ETH gas: 0.0609 gwei | Vectors: 4/6 active

  ┌─ STATUS [5:50:06] ─────────────────────────────────────────┐
  │ Profits: 0/5 | Total P&L: $0.00 | Phase: phase_1_cold_start
  │ Positions: 870 | Opps: found=49 exec=46 skip=3
  │ Vectors: standard_liquidation=2, preemptive_liquidation=44, new_protocol=3, undercollateralized_pool=1377
  │ Gas: 0.0609 gwei | Engine: RUNNING
  └──────────────────────────────────────────────────────────┘

  📊 [phase_1_cold_start] 5.84h | P&L: $0.00 | Rate: $0.00/hr | TXs: 46 | Cap: $0.00 | Mult: inactive
   📇 Chain 1: +1 borrowers from 2318 events (total tracked: 871)
   ⏱️  Scan #459 | Positions: 871 | Watchlist: 341 | Opps found: 49 | ETH gas: 0.0545 gwei | Vectors: 4/6 active

  🔧 ADAPTIVE: No new profits in 300s
     min_profit: $0.01 → $0.01
     min_confidence: 0.01 → 0.01
     Positions tracked: 871

  📊 HEALTH FACTOR DISTRIBUTION (sampled 30 of 871):
           <1.0:   0 
       1.0-1.05:   0 
      1.05-1.10:   1 █
      1.10-1.20:   2 ██
      1.20-1.50:   3 ███
          >1.50:  24 ████████████████████████
          error:   0 
     Closest to liquidation: HF=1.0506 debt=$4,527 (0xcc7373ec...)

  ┌─ STATUS [5:50:59] ─────────────────────────────────────────┐
  │ Profits: 0/5 | Total P&L: $0.00 | Phase: phase_1_cold_start
  │ Positions: 871 | Opps: found=49 exec=46 skip=3
  │ Vectors: standard_liquidation=2, preemptive_liquidation=44, new_protocol=3, undercollateralized_pool=1380
  │ Gas: 0.0545 gwei | Engine: RUNNING
  └──────────────────────────────────────────────────────────┘
   📝 Queued execution c322df13... (priority 8)
   🎯 [preemptive_liquidation] chain=1 profit=$108.41 conf=6% pri=8
   📝 Queued execution 69650329... (priority 8)
   🎯 [preemptive_liquidation] chain=1 profit=$101.83 conf=5% pri=8
   📝 Queued execution 1feb542d... (priority 8)
   🎯 [preemptive_liquidation] chain=1 profit=$135.23 conf=9% pri=8
   ⏱️  Scan #460 | Positions: 871 | Watchlist: 341 | Opps found: 52 | ETH gas: 0.0503 gwei | Vectors: 4/6 active
   ⚡ [ZRP] positions=872 checks=6915 fired=0 confirmed=0 reverted=0 profit=$0.00 gas=$0.0000
      Index: ETH/USD:872
   📡 [RPC Gateway] reqs=0 rps=0.0 batched=0 failovers=0 429s=0

  ┌─ STATUS [5:51:49] ─────────────────────────────────────────┐
  │ Profits: 0/5 | Total P&L: $0.00 | Phase: phase_1_cold_start
  │ Positions: 871 | Opps: found=52 exec=49 skip=3
  │ Vectors: standard_liquidation=2, preemptive_liquidation=47, new_protocol=3, undercollateralized_pool=1383
  │ Gas: 0.0503 gwei | Engine: RUNNING
  └──────────────────────────────────────────────────────────┘

  📊 [phase_1_cold_start] 5.87h | P&L: $0.00 | Rate: $0.00/hr | TXs: 46 | Cap: $0.00 | Mult: inactive
   ❌ EXEC FAILED chain=1 user=?... reason=Unknown format '', attempted to normalize to '0x'
   ✅ Execution c322df13... completed: failed
   ❌ EXEC FAILED chain=1 user=?... reason=Unknown format '', attempted to normalize to '0x'
   ✅ Execution 69650329... completed: failed
   ❌ EXEC FAILED chain=1 user=?... reason=Unknown format '', attempted to normalize to '0x'
   ✅ Execution 1feb542d... completed: failed
   👁️  WATCHLIST +1: HF=1.0589 debt=$39,995 chain=137 (0x33fa8f94fb...)
   ⏱️  Scan #461 | Positions: 871 | Watchlist: 342 | Opps found: 52 | ETH gas: 0.0672 gwei | Vectors: 4/6 active

  ┌─ STATUS [5:52:45] ─────────────────────────────────────────┐
  │ Profits: 0/5 | Total P&L: $0.00 | Phase: phase_1_cold_start
  │ Positions: 871 | Opps: found=52 exec=49 skip=3
  │ Vectors: standard_liquidation=2, preemptive_liquidation=47, new_protocol=3, undercollateralized_pool=1386
  │ Gas: 0.0672 gwei | Engine: RUNNING
  └──────────────────────────────────────────────────────────┘
   ⏱️  Scan #462 | Positions: 871 | Watchlist: 342 | Opps found: 52 | ETH gas: 0.0620 gwei | Vectors: 4/6 active

  ┌─ STATUS [5:53:26] ─────────────────────────────────────────┐
  │ Profits: 0/5 | Total P&L: $0.00 | Phase: phase_1_cold_start
  │ Positions: 871 | Opps: found=52 exec=49 skip=3
  │ Vectors: standard_liquidation=2, preemptive_liquidation=47, new_protocol=3, undercollateralized_pool=1389
  │ Gas: 0.0620 gwei | Engine: RUNNING
  └──────────────────────────────────────────────────────────┘

  📊 [phase_1_cold_start] 5.90h | P&L: $0.00 | Rate: $0.00/hr | TXs: 49 | Cap: $0.00 | Mult: inactive
   ⏱️  Scan #463 | Positions: 871 | Watchlist: 341 | Opps found: 52 | ETH gas: 0.0624 gwei | Vectors: 4/6 active
   📇 Chain 1: +1 borrowers from 2325 events (total tracked: 872)
   📡 [RPC Gateway] reqs=0 rps=0.0 batched=0 failovers=0 429s=0
   ⚡ [ZRP] positions=873 checks=6960 fired=0 confirmed=0 reverted=0 profit=$0.00 gas=$0.0000
      Index: ETH/USD:873

  ┌─ STATUS [5:54:14] ─────────────────────────────────────────┐
  │ Profits: 0/5 | Total P&L: $0.00 | Phase: phase_1_cold_start
  │ Positions: 872 | Opps: found=52 exec=49 skip=3
  │ Vectors: standard_liquidation=2, preemptive_liquidation=47, new_protocol=3, undercollateralized_pool=1392
  │ Gas: 0.0624 gwei | Engine: RUNNING
  └──────────────────────────────────────────────────────────┘
   📝 Queued execution 4cd739f3... (priority 8)
   🎯 [preemptive_liquidation] chain=1 profit=$103.91 conf=5% pri=8
   ⏱️  Scan #464 | Positions: 872 | Watchlist: 341 | Opps found: 53 | ETH gas: 0.0629 gwei | Vectors: 4/6 active

  ┌─ STATUS [5:55:04] ─────────────────────────────────────────┐
  │ Profits: 0/5 | Total P&L: $0.00 | Phase: phase_1_cold_start
  │ Positions: 872 | Opps: found=53 exec=50 skip=3
  │ Vectors: standard_liquidation=2, preemptive_liquidation=48, new_protocol=3, undercollateralized_pool=1395
  │ Gas: 0.0629 gwei | Engine: RUNNING
  └──────────────────────────────────────────────────────────┘

  📊 [phase_1_cold_start] 5.93h | P&L: $0.00 | Rate: $0.00/hr | TXs: 49 | Cap: $0.00 | Mult: inactive
   ❌ EXEC FAILED chain=1 user=?... reason=Unknown format '', attempted to normalize to '0x'
   ✅ Execution 4cd739f3... completed: failed
   ⏱️  Scan #465 | Positions: 872 | Watchlist: 342 | Opps found: 53 | ETH gas: 0.0492 gwei | Vectors: 4/6 active

  ┌─ STATUS [5:56:00] ─────────────────────────────────────────┐
  │ Profits: 0/5 | Total P&L: $0.00 | Phase: phase_1_cold_start
  │ Positions: 872 | Opps: found=53 exec=50 skip=3
  │ Vectors: standard_liquidation=2, preemptive_liquidation=48, new_protocol=3, undercollateralized_pool=1398
  │ Gas: 0.0492 gwei | Engine: RUNNING
  └──────────────────────────────────────────────────────────┘
   👁️  WATCHLIST +1: HF=1.1430 debt=$73,399 chain=1 (0x1d86fbad38...)

  🔧 ADAPTIVE: No new profits in 300s
     min_profit: $0.01 → $0.01
     min_confidence: 0.01 → 0.01
     Positions tracked: 872

  📊 HEALTH FACTOR DISTRIBUTION (sampled 30 of 872):
           <1.0:   0 
       1.0-1.05:   0 
      1.05-1.10:   0 
      1.10-1.20:   2 ██
      1.20-1.50:   3 ███
          >1.50:  25 █████████████████████████
          error:   0 
     Closest to liquidation: HF=1.1123 debt=$4,547 (0xcc7373ec...)
   ⏱️  Scan #466 | Positions: 872 | Watchlist: 345 | Opps found: 53 | ETH gas: 0.0523 gwei | Vectors: 4/6 active
   📡 [RPC Gateway] reqs=0 rps=0.0 batched=0 failovers=0 429s=0
   ⚡ [ZRP] positions=874 checks=7005 fired=0 confirmed=0 reverted=0 profit=$0.00 gas=$0.0000
      Index: ETH/USD:874

  ┌─ STATUS [5:56:52] ─────────────────────────────────────────┐
  │ Profits: 0/5 | Total P&L: $0.00 | Phase: phase_1_cold_start
  │ Positions: 872 | Opps: found=53 exec=50 skip=3
  │ Vectors: standard_liquidation=2, preemptive_liquidation=48, new_protocol=3, undercollateralized_pool=1401
  │ Gas: 0.0523 gwei | Engine: RUNNING
  └──────────────────────────────────────────────────────────┘

  📊 [phase_1_cold_start] 5.96h | P&L: $0.00 | Rate: $0.00/hr | TXs: 50 | Cap: $0.00 | Mult: inactive
   📇 Chain 1: +1 borrowers from 2333 events (total tracked: 873)
   ⏱️  Scan #467 | Positions: 873 | Watchlist: 345 | Opps found: 53 | ETH gas: 0.0451 gwei | Vectors: 4/6 active

  ┌─ STATUS [5:57:39] ─────────────────────────────────────────┐
  │ Profits: 0/5 | Total P&L: $0.00 | Phase: phase_1_cold_start
  │ Positions: 873 | Opps: found=53 exec=50 skip=3
  │ Vectors: standard_liquidation=2, preemptive_liquidation=48, new_protocol=3, undercollateralized_pool=1404
  │ Gas: 0.0451 gwei | Engine: RUNNING
  └──────────────────────────────────────────────────────────┘
   ⏱️  Scan #468 | Positions: 873 | Watchlist: 345 | Opps found: 53 | ETH gas: 0.0547 gwei | Vectors: 4/6 active

  ┌─ STATUS [5:58:28] ─────────────────────────────────────────┐
  │ Profits: 0/5 | Total P&L: $0.00 | Phase: phase_1_cold_start
  │ Positions: 873 | Opps: found=53 exec=50 skip=3
  │ Vectors: standard_liquidation=2, preemptive_liquidation=48, new_protocol=3, undercollateralized_pool=1407
  │ Gas: 0.0547 gwei | Engine: RUNNING
  └──────────────────────────────────────────────────────────┘
   ⚠️ SELF-HEAL: No new opportunities in 10 minutes — relaxing thresholds

  📊 [phase_1_cold_start] 5.98h | P&L: $0.00 | Rate: $0.00/hr | TXs: 50 | Cap: $0.00 | Mult: inactive
   📇 Chain 1: +2 borrowers from 2337 events (total tracked: 875)
   ⏱️  Scan #469 | Positions: 875 | Watchlist: 345 | Opps found: 53 | ETH gas: 0.0497 gwei | Vectors: 4/6 active
   ⚡ [ZRP] positions=875 checks=7050 fired=0 confirmed=0 reverted=0 profit=$0.00 gas=$0.0000
      Index: ETH/USD:875
   📡 [RPC Gateway] reqs=0 rps=0.0 batched=0 failovers=0 429s=0

  ┌─ STATUS [5:59:23] ─────────────────────────────────────────┐
  │ Profits: 0/5 | Total P&L: $0.00 | Phase: phase_1_cold_start
  │ Positions: 875 | Opps: found=53 exec=50 skip=3
  │ Vectors: standard_liquidation=2, preemptive_liquidation=48, new_protocol=3, undercollateralized_pool=1410
  │ Gas: 0.0497 gwei | Engine: RUNNING
  └──────────────────────────────────────────────────────────┘
   ⏱️  Scan #470 | Positions: 875 | Watchlist: 345 | Opps found: 53 | ETH gas: 0.0494 gwei | Vectors: 4/6 active

  ┌─ STATUS [6:00:17] ─────────────────────────────────────────┐
  │ Profits: 0/5 | Total P&L: $0.00 | Phase: phase_1_cold_start
  │ Positions: 875 | Opps: found=53 exec=50 skip=3
  │ Vectors: standard_liquidation=2, preemptive_liquidation=48, new_protocol=3, undercollateralized_pool=1413
  │ Gas: 0.0494 gwei | Engine: RUNNING
  └──────────────────────────────────────────────────────────┘

  📊 [phase_1_cold_start] 6.01h | P&L: $0.00 | Rate: $0.00/hr | TXs: 50 | Cap: $0.00 | Mult: inactive
   📇 Chain 1: +2 borrowers from 2337 events (total tracked: 877)
   ⏱️  Scan #471 | Positions: 877 | Watchlist: 332 | Opps found: 53 | ETH gas: 0.0482 gwei | Vectors: 4/6 active

  ┌─ STATUS [6:01:02] ─────────────────────────────────────────┐
  │ Profits: 0/5 | Total P&L: $0.00 | Phase: phase_1_cold_start
  │ Positions: 877 | Opps: found=53 exec=50 skip=3
  │ Vectors: standard_liquidation=2, preemptive_liquidation=48, new_protocol=3, undercollateralized_pool=1416
  │ Gas: 0.0482 gwei | Engine: RUNNING
  └──────────────────────────────────────────────────────────┘
   ⏱️  Scan #472 | Positions: 877 | Watchlist: 286 | Opps found: 53 | ETH gas: 0.0489 gwei | Vectors: 4/6 active
   ⚡ [ZRP] positions=879 checks=7095 fired=0 confirmed=0 reverted=0 profit=$0.00 gas=$0.0000
      Index: ETH/USD:879
   📡 [RPC Gateway] reqs=0 rps=0.0 batched=0 failovers=0 429s=0

  ┌─ STATUS [6:01:48] ─────────────────────────────────────────┐
  │ Profits: 0/5 | Total P&L: $0.00 | Phase: phase_1_cold_start
  │ Positions: 877 | Opps: found=53 exec=50 skip=3
  │ Vectors: standard_liquidation=2, preemptive_liquidation=48, new_protocol=3, undercollateralized_pool=1419
  │ Gas: 0.0489 gwei | Engine: RUNNING
  └──────────────────────────────────────────────────────────┘

  🔧 ADAPTIVE: No new profits in 300s
     min_profit: $0.01 → $0.01
     min_confidence: 0.01 → 0.01
     Positions tracked: 877

  📊 HEALTH FACTOR DISTRIBUTION (sampled 30 of 877):
           <1.0:   0 
       1.0-1.05:   0 
      1.05-1.10:   0 
      1.10-1.20:   2 ██
      1.20-1.50:   3 ███
          >1.50:  25 █████████████████████████
          error:   0 
     Closest to liquidation: HF=1.1066 debt=$4,547 (0xcc7373ec...)

  📊 [phase_1_cold_start] 6.04h | P&L: $0.00 | Rate: $0.00/hr | TXs: 50 | Cap: $0.00 | Mult: inactive
   👁️  WATCHLIST +1: HF=1.0450 debt=$56,624 chain=1 (0x2dfbdc7045...)
   👁️  WATCHLIST +1: HF=1.0489 debt=$145,021 chain=1 (0x772fbc0953...)
   👁️  WATCHLIST +1: HF=1.0568 debt=$3,354 chain=1 (0x92561d51c7...)
   👁️  WATCHLIST +1: HF=1.1420 debt=$652,100 chain=1 (0xc8097d434b...)
   👁️  WATCHLIST +1: HF=1.1255 debt=$22 chain=137 (0xe37466a054...)
   👁️  WATCHLIST +1: HF=1.1158 debt=$2,809 chain=137 (0x1342a29f18...)
   👁️  WATCHLIST +1: HF=1.1389 debt=$2,186 chain=137 (0xa55eb05d7c...)
   👁️  WATCHLIST +1: HF=1.1123 debt=$6,888 chain=137 (0x403acd9f7a...)
   ⏱️  Scan #473 | Positions: 877 | Watchlist: 269 | Opps found: 53 | ETH gas: 0.0503 gwei | Vectors: 4/6 active

  ┌─ STATUS [6:03:04] ─────────────────────────────────────────┐
  │ Profits: 0/5 | Total P&L: $0.00 | Phase: phase_1_cold_start
  │ Positions: 877 | Opps: found=53 exec=50 skip=3
  │ Vectors: standard_liquidation=2, preemptive_liquidation=48, new_protocol=3, undercollateralized_pool=1422
  │ Gas: 0.0503 gwei | Engine: RUNNING
  └──────────────────────────────────────────────────────────┘
   👁️  WATCHLIST +1: HF=1.0604 debt=$35,931,688 chain=1 (0xe6d0ca9844...)
   👁️  WATCHLIST +1: HF=1.1142 debt=$56,668 chain=1 (0x44d322a634...)
   👁️  WATCHLIST +1: HF=1.1142 debt=$1,313 chain=1 (0xb3af1f2bf9...)
   👁️  WATCHLIST +1: HF=1.1595 debt=$62,222 chain=1 (0xcc17289fe8...)
   👁️  WATCHLIST +1: HF=1.1058 debt=$10,323 chain=1 (0x7e68c279ea...)
   👁️  WATCHLIST +1: HF=1.1280 debt=$7 chain=1 (0x6638968acb...)
   👁️  WATCHLIST +1: HF=1.0873 debt=$22,640 chain=1 (0x547564a93e...)
   👁️  WATCHLIST +1: HF=1.0338 debt=$8,615 chain=1 (0x4a89c6fb06...)
   👁️  WATCHLIST +1: HF=1.1645 debt=$590 chain=1 (0xb07b576bba...)
   👁️  WATCHLIST +1: HF=1.1256 debt=$13,305 chain=137 (0x3f48cb78d2...)
   👁️  WATCHLIST +1: HF=1.0514 debt=$195 chain=137 (0x21cfe08c7d...)
   👁️  WATCHLIST +1: HF=1.0752 debt=$7,233 chain=137 (0x86ac481b0f...)
   👁️  WATCHLIST +1: HF=1.0676 debt=$3,108 chain=137 (0x733e72fc59...)
   ⏱️  Scan #474 | Positions: 877 | Watchlist: 250 | Opps found: 53 | ETH gas: 0.0460 gwei | Vectors: 4/6 active

  📊 [phase_1_cold_start] 6.06h | P&L: $0.00 | Rate: $0.00/hr | TXs: 50 | Cap: $0.00 | Mult: inactive
   👁️  WATCHLIST +1: HF=1.1749 debt=$28,612 chain=1 (0x80d50cff6c...)
   👁️  WATCHLIST +1: HF=1.0219 debt=$538,801 chain=1 (0xc31bbd2bcc...)
   👁️  WATCHLIST +1: HF=1.0965 debt=$691,757 chain=1 (0xeeb5f24608...)
   👁️  WATCHLIST +1: HF=1.0607 debt=$2,774 chain=1 (0xb107ed364a...)
   👁️  WATCHLIST +1: HF=1.1451 debt=$12,370 chain=1 (0x1c56038011...)
   👁️  WATCHLIST +1: HF=1.0393 debt=$1,201,593,845 chain=1 (0x9600a48ed0...)
   👁️  WATCHLIST +1: HF=1.1293 debt=$26,207 chain=1 (0x2d407e8245...)
   👁️  WATCHLIST +1: HF=1.1525 debt=$474,906 chain=1 (0x07f266c236...)
   👁️  WATCHLIST +1: HF=1.1032 debt=$5,593 chain=1 (0xffce138b69...)
   👁️  WATCHLIST +1: HF=1.0897 debt=$16,736 chain=1 (0xb3170d7a89...)

  ┌─ STATUS [6:03:56] ─────────────────────────────────────────┐
  │ Profits: 0/5 | Total P&L: $0.00 | Phase: phase_1_cold_start
  │ Positions: 877 | Opps: found=53 exec=50 skip=3
  │ Vectors: standard_liquidation=2, preemptive_liquidation=48, new_protocol=3, undercollateralized_pool=1425
  │ Gas: 0.0460 gwei | Engine: RUNNING
  └──────────────────────────────────────────────────────────┘
   ⏱️  Scan #475 | Positions: 877 | Watchlist: 254 | Opps found: 53 | ETH gas: 0.0480 gwei | Vectors: 4/6 active
   ⚡ [ZRP] positions=879 checks=7140 fired=0 confirmed=0 reverted=0 profit=$0.00 gas=$0.0000
      Index: ETH/USD:879
   📡 [RPC Gateway] reqs=0 rps=0.0 batched=0 failovers=0 429s=0
   👁️  WATCHLIST +1: HF=1.1552 debt=$49,189 chain=1 (0x97b90fbc89...)
   👁️  WATCHLIST +1: HF=1.0650 debt=$9,065 chain=1 (0xc846d321ae...)
   👁️  WATCHLIST +1: HF=1.1536 debt=$5,995 chain=1 (0xaa7ca0c0ca...)
   👁️  WATCHLIST +1: HF=1.0333 debt=$493,100 chain=1 (0x01d1f55d94...)
   👁️  WATCHLIST +1: HF=1.1586 debt=$25,581 chain=1 (0x5a742f64f2...)
   👁️  WATCHLIST +1: HF=1.1304 debt=$2,725 chain=1 (0x251fe070aa...)
   👁️  WATCHLIST +1: HF=1.0289 debt=$13 chain=1 (0x8ae928cb08...)
   👁️  WATCHLIST +1: HF=1.0800 debt=$49,211 chain=1 (0x46224adc61...)
   👁️  WATCHLIST +1: HF=1.1290 debt=$9,615 chain=1 (0x0ac921401d...)
   ⏱️  Scan #476 | Positions: 877 | Watchlist: 231 | Opps found: 53 | ETH gas: 0.0461 gwei | Vectors: 4/6 active

  ┌─ STATUS [6:04:40] ─────────────────────────────────────────┐
  │ Profits: 0/5 | Total P&L: $0.00 | Phase: phase_1_cold_start
  │ Positions: 877 | Opps: found=53 exec=50 skip=3
  │ Vectors: standard_liquidation=2, preemptive_liquidation=48, new_protocol=3, undercollateralized_pool=1431
  │ Gas: 0.0461 gwei | Engine: RUNNING
  └──────────────────────────────────────────────────────────┘
   👁️  WATCHLIST +1: HF=1.1686 debt=$226,547 chain=1 (0xe47358eae0...)
   👁️  WATCHLIST +1: HF=1.1574 debt=$37,384 chain=1 (0x676fe70aea...)
   👁️  WATCHLIST +1: HF=1.0226 debt=$761,174 chain=1 (0x2db279e5e8...)
   👁️  WATCHLIST +1: HF=1.0712 debt=$7,397 chain=1 (0x50dd9ba784...)
   👁️  WATCHLIST +1: HF=1.0852 debt=$16,316,203 chain=1 (0x3b3bdaa446...)
   👁️  WATCHLIST +1: HF=1.0498 debt=$4,072 chain=1 (0xa67f5996ec...)

  📊 [phase_1_cold_start] 6.09h | P&L: $0.00 | Rate: $0.00/hr | TXs: 50 | Cap: $0.00 | Mult: inactive
   ⏱️  Scan #477 | Positions: 877 | Watchlist: 226 | Opps found: 53 | ETH gas: 0.0375 gwei | Vectors: 4/6 active
   📇 Chain 1: +1 borrowers from 2334 events (total tracked: 878)

  ┌─ STATUS [6:05:43] ─────────────────────────────────────────┐
  │ Profits: 0/5 | Total P&L: $0.00 | Phase: phase_1_cold_start
  │ Positions: 878 | Opps: found=53 exec=50 skip=3
  │ Vectors: standard_liquidation=2, preemptive_liquidation=48, new_protocol=3, undercollateralized_pool=1434
  │ Gas: 0.0375 gwei | Engine: RUNNING
  └──────────────────────────────────────────────────────────┘
   👁️  WATCHLIST +1: HF=1.1205 debt=$128,966 chain=1 (0x2513d73a64...)
   👁️  WATCHLIST +1: HF=1.1489 debt=$126,059 chain=1 (0x3f213681bf...)
   👁️  WATCHLIST +1: HF=1.1062 debt=$9,886 chain=1 (0x937f60e41b...)
   👁️  WATCHLIST +1: HF=1.1376 debt=$25,157 chain=1 (0x693a30834e...)
   👁️  WATCHLIST +1: HF=1.0986 debt=$186,369 chain=1 (0x75b4257dc0...)
   👁️  WATCHLIST +1: HF=1.1719 debt=$3,078 chain=1 (0xc7068657fd...)
   ⏱️  Scan #478 | Positions: 878 | Watchlist: 220 | Opps found: 53 | ETH gas: 0.0448 gwei | Vectors: 4/6 active
   📡 [RPC Gateway] reqs=0 rps=0.0 batched=0 failovers=0 429s=0
   ⚡ [ZRP] positions=879 checks=7200 fired=0 confirmed=0 reverted=0 profit=$0.00 gas=$0.0000
      Index: ETH/USD:879
   👁️  WATCHLIST +1: HF=1.1903 debt=$1,814 chain=1 (0x86530a6857...)
   👁️  WATCHLIST +1: HF=1.1298 debt=$115,026 chain=1 (0xed1ab35b1d...)
   👁️  WATCHLIST +1: HF=1.0473 debt=$115,040 chain=1 (0xae49fc11cc...)
   👁️  WATCHLIST +1: HF=1.1728 debt=$135,660 chain=1 (0xfe7a590b78...)
   👁️  WATCHLIST +1: HF=1.1050 debt=$3,980 chain=1 (0x3be6d37399...)
   👁️  WATCHLIST +1: HF=1.0618 debt=$14,883 chain=1 (0x64362046cb...)
   👁️  WATCHLIST +1: HF=1.1457 debt=$34,169 chain=1 (0xf4da47d5aa...)
   👁️  WATCHLIST +1: HF=1.0457 debt=$1,144 chain=1 (0xcbd4aeb02a...)
   👁️  WATCHLIST +1: HF=1.0868 debt=$36,800 chain=1 (0x572372831a...)
   👁️  WATCHLIST +1: HF=1.0445 debt=$118,368 chain=1 (0x8067335db1...)
   👁️  WATCHLIST +1: HF=1.1666 debt=$12 chain=1 (0x04cd06028d...)
   👁️  WATCHLIST +1: HF=1.1106 debt=$637,783 chain=1 (0x3ca0d03370...)
   👁️  WATCHLIST +1: HF=1.0817 debt=$15,080 chain=1 (0x8f605eb0f0...)
   👁️  WATCHLIST +1: HF=1.0679 debt=$152,898 chain=1 (0xc5890af3fa...)
   👁️  WATCHLIST +1: HF=1.1506 debt=$629 chain=137 (0x4aee25eaa1...)
   👁️  WATCHLIST +1: HF=1.1095 debt=$1,562 chain=137 (0x3c55ddfc6f...)
   👁️  WATCHLIST +1: HF=1.1291 debt=$17,543 chain=137 (0x9f951c6c28...)
   👁️  WATCHLIST +1: HF=1.1329 debt=$248 chain=137 (0xf3cdddf70f...)

  ┌─ STATUS [6:06:44] ─────────────────────────────────────────┐
  │ Profits: 0/5 | Total P&L: $0.00 | Phase: phase_1_cold_start
  │ Positions: 878 | Opps: found=53 exec=50 skip=3
  │ Vectors: standard_liquidation=2, preemptive_liquidation=48, new_protocol=3, undercollateralized_pool=1437
  │ Gas: 0.0448 gwei | Engine: RUNNING
  └──────────────────────────────────────────────────────────┘

  📊 [phase_1_cold_start] 6.11h | P&L: $0.00 | Rate: $0.00/hr | TXs: 50 | Cap: $0.00 | Mult: inactive
   ⏱️  Scan #479 | Positions: 878 | Watchlist: 250 | Opps found: 53 | ETH gas: 0.0527 gwei | Vectors: 4/6 active
   📇 Chain 1: +1 borrowers from 2331 events (total tracked: 879)
   📇 Chain 137: +1 borrowers from 47 events (total tracked: 880)
   👁️  WATCHLIST +1: HF=1.1319 debt=$7,119 chain=1 (0x0d51d069ec...)
   👁️  WATCHLIST +1: HF=1.0556 debt=$261,291 chain=1 (0xe82e513b86...)
   👁️  WATCHLIST +1: HF=1.0658 debt=$58,056 chain=1 (0xbbb2d9f583...)
   ⏱️  Scan #480 | Positions: 880 | Watchlist: 221 | Opps found: 53 | ETH gas: 0.0588 gwei | Vectors: 4/6 active

  ┌─ STATUS [6:07:36] ─────────────────────────────────────────┐
  │ Profits: 0/5 | Total P&L: $0.00 | Phase: phase_1_cold_start
  │ Positions: 880 | Opps: found=53 exec=50 skip=3
  │ Vectors: standard_liquidation=2, preemptive_liquidation=48, new_protocol=3, undercollateralized_pool=1443
  │ Gas: 0.0588 gwei | Engine: RUNNING
  └──────────────────────────────────────────────────────────┘

  🔧 ADAPTIVE: No new profits in 300s
     min_profit: $0.01 → $0.01
     min_confidence: 0.01 → 0.01
     Positions tracked: 880

  📊 HEALTH FACTOR DISTRIBUTION (sampled 30 of 880):
           <1.0:   0 
       1.0-1.05:   0 
      1.05-1.10:   0 
      1.10-1.20:   2 ██
      1.20-1.50:   3 ███
          >1.50:  25 █████████████████████████
          error:   0 
     Closest to liquidation: HF=1.1064 debt=$4,547 (0xcc7373ec...)
   👁️  WATCHLIST +1: HF=1.1060 debt=$1,433 chain=1 (0xb09e3f7540...)
   👁️  WATCHLIST +1: HF=1.0165 debt=$24,012 chain=1 (0x4dc41ad378...)
   👁️  WATCHLIST +1: HF=1.1387 debt=$244,010 chain=1 (0xadd13c505c...)
   👁️  WATCHLIST +1: HF=1.1996 debt=$10,805 chain=1 (0x228335db39...)
   👁️  WATCHLIST +1: HF=1.1639 debt=$14,013 chain=1 (0xe4c66916d4...)
   👁️  WATCHLIST +1: HF=1.0833 debt=$2,355 chain=1 (0xb0105f6582...)

  📊 [phase_1_cold_start] 6.13h | P&L: $0.00 | Rate: $0.00/hr | TXs: 50 | Cap: $0.00 | Mult: inactive
   ⏱️  Scan #481 | Positions: 880 | Watchlist: 235 | Opps found: 53 | ETH gas: 0.0567 gwei | Vectors: 4/6 active

  ┌─ STATUS [6:08:34] ─────────────────────────────────────────┐
  │ Profits: 0/5 | Total P&L: $0.00 | Phase: phase_1_cold_start
  │ Positions: 880 | Opps: found=53 exec=50 skip=3
  │ Vectors: standard_liquidation=2, preemptive_liquidation=48, new_protocol=3, undercollateralized_pool=1446
  │ Gas: 0.0567 gwei | Engine: RUNNING
  └──────────────────────────────────────────────────────────┘
   👁️  WATCHLIST +1: HF=1.1299 debt=$14,479 chain=1 (0x27ef7be927...)
   👁️  WATCHLIST +1: HF=1.0885 debt=$30,534 chain=1 (0x37c88abd80...)
   👁️  WATCHLIST +1: HF=1.0399 debt=$704,777 chain=1 (0x3fe2461f7c...)
   👁️  WATCHLIST +1: HF=1.0807 debt=$48 chain=1 (0x562e2c7374...)
   👁️  WATCHLIST +1: HF=1.1265 debt=$13,025 chain=1 (0xcc7c7e0dcd...)
   👁️  WATCHLIST +1: HF=1.0311 debt=$5,455,080 chain=1 (0xc6dd997606...)
   👁️  WATCHLIST +1: HF=1.1928 debt=$459,632 chain=1 (0xa39ad1a36c...)
   👁️  WATCHLIST +1: HF=1.1715 debt=$1,086 chain=1 (0xbcb23caeda...)
   👁️  WATCHLIST +1: HF=1.0743 debt=$12,617 chain=1 (0x6f9d320fb2...)
   ⏱️  Scan #482 | Positions: 880 | Watchlist: 254 | Opps found: 53 | ETH gas: 0.0499 gwei | Vectors: 4/6 active
   ⚡ [ZRP] positions=882 checks=7245 fired=0 confirmed=0 reverted=0 profit=$0.00 gas=$0.0000
      Index: ETH/USD:882
   📡 [RPC Gateway] reqs=0 rps=0.0 batched=0 failovers=0 429s=0
Circuit OPEN: alchemy_1_7883 (5 consecutive failures, recovery in 30.0s)
   👁️  WATCHLIST +1: HF=1.1367 debt=$1,418 chain=1 (0xd2e49e959a...)
   👁️  WATCHLIST +1: HF=1.1137 debt=$10,176,942 chain=1 (0xb7b7eb7e96...)
   👁️  WATCHLIST +1: HF=1.1091 debt=$81,887 chain=1 (0xd76131c706...)
   👁️  WATCHLIST +1: HF=1.1238 debt=$1,928 chain=1 (0x509ea51dff...)
   👁️  WATCHLIST +1: HF=1.0281 debt=$1,010,010 chain=1 (0x97105cf9fe...)
   👁️  WATCHLIST +1: HF=1.1516 debt=$21,935 chain=1 (0x26d5adaa51...)
   👁️  WATCHLIST +1: HF=1.0220 debt=$4,204,593 chain=1 (0x1df2fba03a...)
   👁️  WATCHLIST +1: HF=1.0223 debt=$259,119 chain=1 (0xad78662714...)
   👁️  WATCHLIST +1: HF=1.1657 debt=$173,713 chain=1 (0xb3353a7e06...)
   📝 Queued execution 0e3d6019... (priority 8)
   🎯 [preemptive_liquidation] chain=1 profit=$105.89 conf=6% pri=8
   📝 Queued execution c3cd32bd... (priority 8)
   🎯 [preemptive_liquidation] chain=1 profit=$101.45 conf=5% pri=8
   ⏱️  Scan #483 | Positions: 880 | Watchlist: 275 | Opps found: 55 | ETH gas: 0.0523 gwei | Vectors: 4/6 active

  ┌─ STATUS [6:09:30] ─────────────────────────────────────────┐
  │ Profits: 0/5 | Total P&L: $0.00 | Phase: phase_1_cold_start
  │ Positions: 880 | Opps: found=55 exec=52 skip=3
  │ Vectors: standard_liquidation=2, preemptive_liquidation=50, new_protocol=3, undercollateralized_pool=1452
  │ Gas: 0.0523 gwei | Engine: RUNNING
  └──────────────────────────────────────────────────────────┘

  📊 [phase_1_cold_start] 6.16h | P&L: $0.00 | Rate: $0.00/hr | TXs: 50 | Cap: $0.00 | Mult: inactive
   📇 Chain 1: +1 borrowers from 2329 events (total tracked: 881)
   ❌ EXEC FAILED chain=1 user=?... reason=Unknown format '', attempted to normalize to '0x'
   ✅ Execution 0e3d6019... completed: failed
   ❌ EXEC FAILED chain=1 user=?... reason=Unknown format '', attempted to normalize to '0x'
   ✅ Execution c3cd32bd... completed: failed
Circuit OPEN: public_1_6186 (5 consecutive failures, recovery in 30.0s)
   ⏱️  Scan #484 | Positions: 881 | Watchlist: 279 | Opps found: 55 | ETH gas: 0.0486 gwei | Vectors: 4/6 active

  ┌─ STATUS [6:10:20] ─────────────────────────────────────────┐
  │ Profits: 0/5 | Total P&L: $0.00 | Phase: phase_1_cold_start
  │ Positions: 881 | Opps: found=55 exec=52 skip=3
  │ Vectors: standard_liquidation=2, preemptive_liquidation=50, new_protocol=3, undercollateralized_pool=1455
  │ Gas: 0.0486 gwei | Engine: RUNNING
  └──────────────────────────────────────────────────────────┘
Circuit OPEN: public_1_9801 (5 consecutive failures, recovery in 30.0s)

  📊 [phase_1_cold_start] 6.18h | P&L: $0.00 | Rate: $0.00/hr | TXs: 52 | Cap: $0.00 | Mult: inactive
   ⚠️ SELF-HEAL: No new opportunities in 10 minutes — relaxing thresholds
   ⏱️  Scan #485 | Positions: 881 | Watchlist: 279 | Opps found: 55 | ETH gas: 0.0433 gwei | Vectors: 4/6 active
   ⚡ [ZRP] positions=883 checks=7290 fired=0 confirmed=0 reverted=0 profit=$0.00 gas=$0.0000
      Index: ETH/USD:883
   📡 [RPC Gateway] reqs=0 rps=0.0 batched=0 failovers=0 429s=0

  ┌─ STATUS [6:11:24] ─────────────────────────────────────────┐
  │ Profits: 0/5 | Total P&L: $0.00 | Phase: phase_1_cold_start
  │ Positions: 881 | Opps: found=55 exec=52 skip=3
  │ Vectors: standard_liquidation=2, preemptive_liquidation=50, new_protocol=3, undercollateralized_pool=1458
  │ Gas: 0.0433 gwei | Engine: RUNNING
  └──────────────────────────────────────────────────────────┘
Circuit OPEN: public_1_6668 (5 consecutive failures, recovery in 30.0s)
   👁️  WATCHLIST +1: HF=1.1982 debt=$9 chain=1 (0x4c7a9bdffa...)
   👁️  WATCHLIST +1: HF=1.1575 debt=$6,415 chain=1 (0x74a60dae44...)
   ⏱️  Scan #486 | Positions: 881 | Watchlist: 281 | Opps found: 55 | ETH gas: 0.0467 gwei | Vectors: 4/6 active
Circuit OPEN: flashbots_1_9328 (5 consecutive failures, recovery in 30.0s)
   👁️  WATCHLIST +1: HF=1.1602 debt=$52 chain=1 (0x547b324b3f...)
   👁️  WATCHLIST +1: HF=1.0778 debt=$68,133 chain=1 (0xaf3de92ced...)
   👁️  WATCHLIST +1: HF=1.1761 debt=$36,096 chain=1 (0xd6ec26b4dd...)

  📊 [phase_1_cold_start] 6.21h | P&L: $0.00 | Rate: $0.00/hr | TXs: 52 | Cap: $0.00 | Mult: inactive
   ⏱️  Scan #487 | Positions: 881 | Watchlist: 292 | Opps found: 55 | ETH gas: 0.0486 gwei | Vectors: 4/6 active

  ┌─ STATUS [6:12:22] ─────────────────────────────────────────┐
  │ Profits: 0/5 | Total P&L: $0.00 | Phase: phase_1_cold_start
  │ Positions: 881 | Opps: found=55 exec=52 skip=3
  │ Vectors: standard_liquidation=2, preemptive_liquidation=50, new_protocol=3, undercollateralized_pool=1464
  │ Gas: 0.0486 gwei | Engine: RUNNING
  └──────────────────────────────────────────────────────────┘
Circuit OPEN: alchemy_42161_6649 (5 consecutive failures, recovery in 30.0s)
   👁️  WATCHLIST +1: HF=1.1205 debt=$39,703 chain=1 (0xcd5adcb3a1...)
   👁️  WATCHLIST +1: HF=1.0488 debt=$74,551 chain=1 (0xe88f8699a0...)
   👁️  WATCHLIST +1: HF=1.1007 debt=$25,419 chain=1 (0x38d6bdce2c...)
   👁️  WATCHLIST +1: HF=1.0399 debt=$70,642 chain=1 (0x6294969d39...)
   👁️  WATCHLIST +1: HF=1.1363 debt=$11,836 chain=1 (0x36fb64501d...)
   👁️  WATCHLIST +1: HF=1.1279 debt=$35,116 chain=1 (0x5507bdc7df...)
   👁️  WATCHLIST +1: HF=1.1237 debt=$142,662 chain=1 (0xd14f076044...)
   👁️  WATCHLIST +1: HF=1.1118 debt=$3,557 chain=1 (0xec6bf4b36d...)
   ⏱️  Scan #488 | Positions: 881 | Watchlist: 312 | Opps found: 55 | ETH gas: 0.0442 gwei | Vectors: 4/6 active

  ┌─ STATUS [6:13:14] ─────────────────────────────────────────┐
  │ Profits: 0/5 | Total P&L: $0.00 | Phase: phase_1_cold_start
  │ Positions: 881 | Opps: found=55 exec=52 skip=3
  │ Vectors: standard_liquidation=2, preemptive_liquidation=50, new_protocol=3, undercollateralized_pool=1467
  │ Gas: 0.0442 gwei | Engine: RUNNING
  └──────────────────────────────────────────────────────────┘
Circuit OPEN: public_42161_9877 (5 consecutive failures, recovery in 30.0s)
   ⚡ [ZRP] positions=883 checks=7350 fired=0 confirmed=0 reverted=0 profit=$0.00 gas=$0.0000
      Index: ETH/USD:883
   📡 [RPC Gateway] reqs=0 rps=0.0 batched=0 failovers=0 429s=0

  🔧 ADAPTIVE: No new profits in 300s
     min_profit: $0.01 → $0.01
     min_confidence: 0.01 → 0.01
     Positions tracked: 881

  📊 HEALTH FACTOR DISTRIBUTION (sampled 30 of 881):
           <1.0:   0 
       1.0-1.05:   0 
      1.05-1.10:   0 
      1.10-1.20:   2 ██
      1.20-1.50:   3 ███
          >1.50:  25 █████████████████████████
          error:   0 
     Closest to liquidation: HF=1.1064 debt=$4,547 (0xcc7373ec...)
   👁️  WATCHLIST +1: HF=1.0751 debt=$4,261 chain=1 (0x39693e168c...)
   👁️  WATCHLIST +1: HF=1.1801 debt=$2,304 chain=1 (0xd3b6c73db6...)

  📊 [phase_1_cold_start] 6.23h | P&L: $0.00 | Rate: $0.00/hr | TXs: 52 | Cap: $0.00 | Mult: inactive
   ⏱️  Scan #489 | Positions: 881 | Watchlist: 321 | Opps found: 55 | ETH gas: 0.0437 gwei | Vectors: 4/6 active

  ┌─ STATUS [6:13:57] ─────────────────────────────────────────┐
  │ Profits: 0/5 | Total P&L: $0.00 | Phase: phase_1_cold_start
  │ Positions: 881 | Opps: found=55 exec=52 skip=3
  │ Vectors: standard_liquidation=2, preemptive_liquidation=50, new_protocol=3, undercollateralized_pool=1470
  │ Gas: 0.0437 gwei | Engine: RUNNING
  └──────────────────────────────────────────────────────────┘
   👁️  WATCHLIST +1: HF=1.0996 debt=$931 chain=1 (0x18188d40c6...)
   👁️  WATCHLIST +1: HF=1.0219 debt=$416,605 chain=1 (0xe9a8e03d42...)
   👁️  WATCHLIST +1: HF=1.1049 debt=$206,626 chain=1 (0x80e104550c...)
   👁️  WATCHLIST +1: HF=1.1635 debt=$1,782 chain=1 (0x51095c0371...)
   👁️  WATCHLIST +1: HF=1.1563 debt=$181,821 chain=1 (0xbf3401cee6...)
   👁️  WATCHLIST +1: HF=1.1568 debt=$341,477 chain=1 (0x7cf67a1a48...)
   👁️  WATCHLIST +1: HF=1.0677 debt=$1,531,967 chain=1 (0xe7cd2fa44c...)
   👁️  WATCHLIST +1: HF=1.1513 debt=$73,049 chain=1 (0xf1ec397c01...)
   👁️  WATCHLIST +1: HF=1.0677 debt=$24,911 chain=1 (0x9dc2645d21...)
   ⏱️  Scan #490 | Positions: 881 | Watchlist: 341 | Opps found: 55 | ETH gas: 0.0457 gwei | Vectors: 4/6 active
Circuit OPEN: public_42161_8112 (5 consecutive failures, recovery in 30.0s)

  ┌─ STATUS [6:14:40] ─────────────────────────────────────────┐
  │ Profits: 0/5 | Total P&L: $0.00 | Phase: phase_1_cold_start
  │ Positions: 881 | Opps: found=55 exec=52 skip=3
  │ Vectors: standard_liquidation=2, preemptive_liquidation=50, new_protocol=3, undercollateralized_pool=1473
  │ Gas: 0.0457 gwei | Engine: RUNNING
  └──────────────────────────────────────────────────────────┘
   👁️  WATCHLIST +1: HF=1.0224 debt=$376,627 chain=1 (0xa1d0cfcd74...)
   👁️  WATCHLIST +1: HF=1.1476 debt=$809,692 chain=1 (0xd4b1084d38...)
Circuit OPEN: alchemy_10_4817 (5 consecutive failures, recovery in 30.0s)

  📊 [phase_1_cold_start] 6.26h | P&L: $0.00 | Rate: $0.00/hr | TXs: 52 | Cap: $0.00 | Mult: inactive
   ⏱️  Scan #491 | Positions: 881 | Watchlist: 344 | Opps found: 55 | ETH gas: 0.0373 gwei | Vectors: 4/6 active

  ┌─ STATUS [6:15:31] ─────────────────────────────────────────┐
  │ Profits: 0/5 | Total P&L: $0.00 | Phase: phase_1_cold_start
  │ Positions: 881 | Opps: found=55 exec=52 skip=3
  │ Vectors: standard_liquidation=2, preemptive_liquidation=50, new_protocol=3, undercollateralized_pool=1476
  │ Gas: 0.0373 gwei | Engine: RUNNING
  └──────────────────────────────────────────────────────────┘
   👁️  WATCHLIST +1: HF=1.0363 debt=$28,787,665 chain=1 (0xa260b049dd...)
Circuit OPEN: public_10_4846 (5 consecutive failures, recovery in 30.0s)
   📡 [RPC Gateway] reqs=0 rps=0.0 batched=0 failovers=0 429s=0
   ⚡ [ZRP] positions=883 checks=7395 fired=0 confirmed=0 reverted=0 profit=$0.00 gas=$0.0000
      Index: ETH/USD:883
   ⏱️  Scan #492 | Positions: 881 | Watchlist: 345 | Opps found: 55 | ETH gas: 0.0457 gwei | Vectors: 4/6 active

  ┌─ STATUS [6:16:25] ─────────────────────────────────────────┐
  │ Profits: 0/5 | Total P&L: $0.00 | Phase: phase_1_cold_start
  │ Positions: 881 | Opps: found=55 exec=52 skip=3
  │ Vectors: standard_liquidation=2, preemptive_liquidation=50, new_protocol=3, undercollateralized_pool=1479
  │ Gas: 0.0457 gwei | Engine: RUNNING
  └──────────────────────────────────────────────────────────┘

  📊 [phase_1_cold_start] 6.28h | P&L: $0.00 | Rate: $0.00/hr | TXs: 52 | Cap: $0.00 | Mult: inactive
Circuit OPEN: public_10_6325 (5 consecutive failures, recovery in 30.0s)
   📇 Chain 137: +1 borrowers from 49 events (total tracked: 882)
   ⏱️  Scan #493 | Positions: 882 | Watchlist: 345 | Opps found: 55 | ETH gas: 0.0423 gwei | Vectors: 4/6 active

  ┌─ STATUS [6:17:21] ─────────────────────────────────────────┐
  │ Profits: 0/5 | Total P&L: $0.00 | Phase: phase_1_cold_start
  │ Positions: 882 | Opps: found=55 exec=52 skip=3
  │ Vectors: standard_liquidation=2, preemptive_liquidation=50, new_protocol=3, undercollateralized_pool=1482
  │ Gas: 0.0423 gwei | Engine: RUNNING
  └──────────────────────────────────────────────────────────┘
Circuit OPEN: alchemy_137_1156 (5 consecutive failures, recovery in 30.0s)
   ⏱️  Scan #494 | Positions: 882 | Watchlist: 345 | Opps found: 55 | ETH gas: 0.0407 gwei | Vectors: 4/6 active

  ┌─ STATUS [6:18:15] ─────────────────────────────────────────┐
  │ Profits: 0/5 | Total P&L: $0.00 | Phase: phase_1_cold_start
  │ Positions: 882 | Opps: found=55 exec=52 skip=3
  │ Vectors: standard_liquidation=2, preemptive_liquidation=50, new_protocol=3, undercollateralized_pool=1485
  │ Gas: 0.0407 gwei | Engine: RUNNING
  └──────────────────────────────────────────────────────────┘

  📊 [phase_1_cold_start] 6.31h | P&L: $0.00 | Rate: $0.00/hr | TXs: 52 | Cap: $0.00 | Mult: inactive
Circuit OPEN: public_137_3338 (5 consecutive failures, recovery in 30.0s)
   ⚡ [ZRP] positions=884 checks=7440 fired=0 confirmed=0 reverted=0 profit=$0.00 gas=$0.0000
      Index: ETH/USD:884
   📡 [RPC Gateway] reqs=0 rps=0.0 batched=0 failovers=0 429s=0
   ⏱️  Scan #495 | Positions: 882 | Watchlist: 345 | Opps found: 55 | ETH gas: 0.0475 gwei | Vectors: 4/6 active

  ┌─ STATUS [6:19:00] ─────────────────────────────────────────┐
  │ Profits: 0/5 | Total P&L: $0.00 | Phase: phase_1_cold_start
  │ Positions: 882 | Opps: found=55 exec=52 skip=3
  │ Vectors: standard_liquidation=2, preemptive_liquidation=50, new_protocol=3, undercollateralized_pool=1488
  │ Gas: 0.0475 gwei | Engine: RUNNING
  └──────────────────────────────────────────────────────────┘

  🔧 ADAPTIVE: No new profits in 300s
     min_profit: $0.01 → $0.01
     min_confidence: 0.01 → 0.01
     Positions tracked: 882

  📊 HEALTH FACTOR DISTRIBUTION (sampled 30 of 882):
           <1.0:   0 
       1.0-1.05:   0 
      1.05-1.10:   0 
      1.10-1.20:   2 ██
      1.20-1.50:   3 ███
          >1.50:  25 █████████████████████████
          error:   0 
     Closest to liquidation: HF=1.1064 debt=$4,547 (0xcc7373ec...)
Circuit OPEN: public_137_410 (5 consecutive failures, recovery in 30.0s)
   ⏱️  Scan #496 | Positions: 882 | Watchlist: 345 | Opps found: 55 | ETH gas: 0.0478 gwei | Vectors: 4/6 active

  ┌─ STATUS [6:19:50] ─────────────────────────────────────────┐
  │ Profits: 0/5 | Total P&L: $0.00 | Phase: phase_1_cold_start
  │ Positions: 882 | Opps: found=55 exec=52 skip=3
  │ Vectors: standard_liquidation=2, preemptive_liquidation=50, new_protocol=3, undercollateralized_pool=1491
  │ Gas: 0.0478 gwei | Engine: RUNNING
  └──────────────────────────────────────────────────────────┘

  📊 [phase_1_cold_start] 6.34h | P&L: $0.00 | Rate: $0.00/hr | TXs: 52 | Cap: $0.00 | Mult: inactive
Circuit OPEN: alchemy_8453_4341 (5 consecutive failures, recovery in 30.0s)
   📝 Queued execution d2175061... (priority 8)
   🎯 [preemptive_liquidation] chain=1 profit=$107.49 conf=6% pri=8
   ⏱️  Scan #497 | Positions: 882 | Watchlist: 345 | Opps found: 56 | ETH gas: 0.0548 gwei | Vectors: 4/6 active

  ┌─ STATUS [6:20:43] ─────────────────────────────────────────┐
  │ Profits: 0/5 | Total P&L: $0.00 | Phase: phase_1_cold_start
  │ Positions: 882 | Opps: found=56 exec=53 skip=3
  │ Vectors: standard_liquidation=2, preemptive_liquidation=51, new_protocol=3, undercollateralized_pool=1494
  │ Gas: 0.0548 gwei | Engine: RUNNING
  └──────────────────────────────────────────────────────────┘
   ❌ EXEC FAILED chain=1 user=?... reason=Unknown format '', attempted to normalize to '0x'
   ✅ Execution d2175061... completed: failed
Circuit OPEN: public_8453_611 (5 consecutive failures, recovery in 30.0s)
   📡 [RPC Gateway] reqs=0 rps=0.0 batched=0 failovers=0 429s=0
   ⚡ [ZRP] positions=884 checks=7485 fired=0 confirmed=0 reverted=0 profit=$0.00 gas=$0.0000
      Index: ETH/USD:884
   ⏱️  Scan #498 | Positions: 882 | Watchlist: 345 | Opps found: 56 | ETH gas: 0.0524 gwei | Vectors: 4/6 active

  ┌─ STATUS [6:21:37] ─────────────────────────────────────────┐
  │ Profits: 0/5 | Total P&L: $0.00 | Phase: phase_1_cold_start
  │ Positions: 882 | Opps: found=56 exec=53 skip=3
  │ Vectors: standard_liquidation=2, preemptive_liquidation=51, new_protocol=3, undercollateralized_pool=1497
  │ Gas: 0.0524 gwei | Engine: RUNNING
  └──────────────────────────────────────────────────────────┘

  📊 [phase_1_cold_start] 6.37h | P&L: $0.00 | Rate: $0.00/hr | TXs: 53 | Cap: $0.00 | Mult: inactive
Circuit OPEN: public_8453_6388 (5 consecutive failures, recovery in 30.0s)
   📇 Chain 1: +1 borrowers from 2326 events (total tracked: 883)
   ⏱️  Scan #499 | Positions: 883 | Watchlist: 345 | Opps found: 56 | ETH gas: 0.0484 gwei | Vectors: 4/6 active

  ┌─ STATUS [6:22:22] ─────────────────────────────────────────┐
  │ Profits: 0/5 | Total P&L: $0.00 | Phase: phase_1_cold_start
  │ Positions: 883 | Opps: found=56 exec=53 skip=3
  │ Vectors: standard_liquidation=2, preemptive_liquidation=51, new_protocol=3, undercollateralized_pool=1500
  │ Gas: 0.0484 gwei | Engine: RUNNING
  └──────────────────────────────────────────────────────────┘
Circuit OPEN: alchemy_43114_4196 (5 consecutive failures, recovery in 30.0s)
   ⏱️  Scan #500 | Positions: 883 | Watchlist: 345 | Opps found: 58 | ETH gas: 0.0506 gwei | Vectors: 4/6 active

  ┌─ STATUS [6:23:10] ─────────────────────────────────────────┐
  │ Profits: 0/5 | Total P&L: $0.00 | Phase: phase_1_cold_start
  │ Positions: 883 | Opps: found=58 exec=53 skip=5
  │ Vectors: standard_liquidation=2, preemptive_liquidation=51, new_protocol=5, undercollateralized_pool=1503
  │ Gas: 0.0506 gwei | Engine: RUNNING
  └──────────────────────────────────────────────────────────┘

  📊 [phase_1_cold_start] 6.40h | P&L: $0.00 | Rate: $0.00/hr | TXs: 53 | Cap: $0.00 | Mult: inactive
Circuit OPEN: public_43114_3782 (5 consecutive failures, recovery in 30.0s)
   ⏱️  Scan #501 | Positions: 883 | Watchlist: 345 | Opps found: 58 | ETH gas: 0.0460 gwei | Vectors: 4/6 active
   ⚡ [ZRP] positions=885 checks=7530 fired=0 confirmed=0 reverted=0 profit=$0.00 gas=$0.0000
      Index: ETH/USD:885
   📡 [RPC Gateway] reqs=0 rps=0.0 batched=0 failovers=0 429s=0

  ┌─ STATUS [6:24:04] ─────────────────────────────────────────┐
  │ Profits: 0/5 | Total P&L: $0.00 | Phase: phase_1_cold_start
  │ Positions: 883 | Opps: found=58 exec=53 skip=5
  │ Vectors: standard_liquidation=2, preemptive_liquidation=51, new_protocol=5, undercollateralized_pool=1506
  │ Gas: 0.0460 gwei | Engine: RUNNING
  └──────────────────────────────────────────────────────────┘
Circuit OPEN: alchemy_56_5043 (5 consecutive failures, recovery in 30.0s)

  🔧 ADAPTIVE: No new profits in 300s
     min_profit: $0.01 → $0.01
     min_confidence: 0.01 → 0.01
     Positions tracked: 883

  📊 HEALTH FACTOR DISTRIBUTION (sampled 30 of 883):
           <1.0:   0 
       1.0-1.05:   0 
      1.05-1.10:   0 
      1.10-1.20:   2 ██
      1.20-1.50:   3 ███
          >1.50:  25 █████████████████████████
          error:   0 
     Closest to liquidation: HF=1.1120 debt=$4,547 (0xcc7373ec...)
   ⏱️  Scan #502 | Positions: 883 | Watchlist: 345 | Opps found: 58 | ETH gas: 0.0407 gwei | Vectors: 4/6 active

  ┌─ STATUS [6:25:00] ─────────────────────────────────────────┐
  │ Profits: 0/5 | Total P&L: $0.00 | Phase: phase_1_cold_start
  │ Positions: 883 | Opps: found=58 exec=53 skip=5
  │ Vectors: standard_liquidation=2, preemptive_liquidation=51, new_protocol=5, undercollateralized_pool=1509
  │ Gas: 0.0407 gwei | Engine: RUNNING
  └──────────────────────────────────────────────────────────┘

  📊 [phase_1_cold_start] 6.43h | P&L: $0.00 | Rate: $0.00/hr | TXs: 53 | Cap: $0.00 | Mult: inactive
   ⚠️ SELF-HEAL: No new opportunities in 10 minutes — relaxing thresholds
   📇 Chain 1: +1 borrowers from 2329 events (total tracked: 884)
   ⏱️  Scan #503 | Positions: 884 | Watchlist: 345 | Opps found: 58 | ETH gas: 0.0382 gwei | Vectors: 4/6 active

  ┌─ STATUS [6:25:45] ─────────────────────────────────────────┐
  │ Profits: 0/5 | Total P&L: $0.00 | Phase: phase_1_cold_start
  │ Positions: 884 | Opps: found=58 exec=53 skip=5
  │ Vectors: standard_liquidation=2, preemptive_liquidation=51, new_protocol=5, undercollateralized_pool=1512
  │ Gas: 0.0382 gwei | Engine: RUNNING
  └──────────────────────────────────────────────────────────┘
Circuit OPEN: public_56_6500 (5 consecutive failures, recovery in 30.0s)
Circuit OPEN: public_56_8107 (5 consecutive failures, recovery in 30.0s)
   ⏱️  Scan #504 | Positions: 884 | Watchlist: 345 | Opps found: 58 | ETH gas: 0.0412 gwei | Vectors: 4/6 active
   📡 [RPC Gateway] reqs=0 rps=0.0 batched=0 failovers=0 429s=0
   ⚡ [ZRP] positions=886 checks=7575 fired=0 confirmed=0 reverted=0 profit=$0.00 gas=$0.0000
      Index: ETH/USD:886

  ┌─ STATUS [6:26:31] ─────────────────────────────────────────┐
  │ Profits: 0/5 | Total P&L: $0.00 | Phase: phase_1_cold_start
  │ Positions: 884 | Opps: found=58 exec=53 skip=5
  │ Vectors: standard_liquidation=2, preemptive_liquidation=51, new_protocol=5, undercollateralized_pool=1515
  │ Gas: 0.0412 gwei | Engine: RUNNING
  └──────────────────────────────────────────────────────────┘

  📊 [phase_1_cold_start] 6.46h | P&L: $0.00 | Rate: $0.00/hr | TXs: 53 | Cap: $0.00 | Mult: inactive
Circuit OPEN: alchemy_324_2386 (5 consecutive failures, recovery in 30.0s)
   ⏱️  Scan #505 | Positions: 884 | Watchlist: 345 | Opps found: 58 | ETH gas: 0.0412 gwei | Vectors: 4/6 active

  ┌─ STATUS [6:27:25] ─────────────────────────────────────────┐
  │ Profits: 0/5 | Total P&L: $0.00 | Phase: phase_1_cold_start
  │ Positions: 884 | Opps: found=58 exec=53 skip=5
  │ Vectors: standard_liquidation=2, preemptive_liquidation=51, new_protocol=5, undercollateralized_pool=1518
  │ Gas: 0.0412 gwei | Engine: RUNNING
  └──────────────────────────────────────────────────────────┘
Circuit OPEN: public_324_1282 (5 consecutive failures, recovery in 30.0s)
   ⏱️  Scan #506 | Positions: 884 | Watchlist: 345 | Opps found: 58 | ETH gas: 0.0444 gwei | Vectors: 4/6 active

  ┌─ STATUS [6:28:19] ─────────────────────────────────────────┐
  │ Profits: 0/5 | Total P&L: $0.00 | Phase: phase_1_cold_start
  │ Positions: 884 | Opps: found=58 exec=53 skip=5
  │ Vectors: standard_liquidation=2, preemptive_liquidation=51, new_protocol=5, undercollateralized_pool=1521
  │ Gas: 0.0444 gwei | Engine: RUNNING
  └──────────────────────────────────────────────────────────┘

  📊 [phase_1_cold_start] 6.48h | P&L: $0.00 | Rate: $0.00/hr | TXs: 53 | Cap: $0.00 | Mult: inactive
   📡 [RPC Gateway] reqs=0 rps=0.0 batched=0 failovers=0 429s=0
   ⚡ [ZRP] positions=886 checks=7620 fired=0 confirmed=0 reverted=0 profit=$0.00 gas=$0.0000
      Index: ETH/USD:886
   ⏱️  Scan #507 | Positions: 884 | Watchlist: 345 | Opps found: 58 | ETH gas: 0.0456 gwei | Vectors: 4/6 active

  ┌─ STATUS [6:29:05] ─────────────────────────────────────────┐
  │ Profits: 0/5 | Total P&L: $0.00 | Phase: phase_1_cold_start
  │ Positions: 884 | Opps: found=58 exec=53 skip=5
  │ Vectors: standard_liquidation=2, preemptive_liquidation=51, new_protocol=5, undercollateralized_pool=1524
  │ Gas: 0.0456 gwei | Engine: RUNNING
  └──────────────────────────────────────────────────────────┘
   ⏱️  Scan #508 | Positions: 884 | Watchlist: 345 | Opps found: 58 | ETH gas: 0.0383 gwei | Vectors: 4/6 active

  ┌─ STATUS [6:29:53] ─────────────────────────────────────────┐
  │ Profits: 0/5 | Total P&L: $0.00 | Phase: phase_1_cold_start
  │ Positions: 884 | Opps: found=58 exec=53 skip=5
  │ Vectors: standard_liquidation=2, preemptive_liquidation=51, new_protocol=5, undercollateralized_pool=1527
  │ Gas: 0.0383 gwei | Engine: RUNNING
  └──────────────────────────────────────────────────────────┘

  📊 [phase_1_cold_start] 6.51h | P&L: $0.00 | Rate: $0.00/hr | TXs: 53 | Cap: $0.00 | Mult: inactive

  🔧 ADAPTIVE: No new profits in 300s
     min_profit: $0.01 → $0.01
     min_confidence: 0.01 → 0.01
     Positions tracked: 884

  📊 HEALTH FACTOR DISTRIBUTION (sampled 30 of 884):
           <1.0:   0 
       1.0-1.05:   0 
      1.05-1.10:   0 
      1.10-1.20:   2 ██
      1.20-1.50:   3 ███
          >1.50:  25 █████████████████████████
          error:   0 
     Closest to liquidation: HF=1.1120 debt=$4,547 (0xcc7373ec...)
   📇 Chain 1: +1 borrowers from 2326 events (total tracked: 885)
   ⏱️  Scan #509 | Positions: 885 | Watchlist: 345 | Opps found: 58 | ETH gas: 0.0406 gwei | Vectors: 4/6 active

  ┌─ STATUS [6:30:50] ─────────────────────────────────────────┐
  │ Profits: 0/5 | Total P&L: $0.00 | Phase: phase_1_cold_start
  │ Positions: 885 | Opps: found=58 exec=53 skip=5
  │ Vectors: standard_liquidation=2, preemptive_liquidation=51, new_protocol=5, undercollateralized_pool=1530
  │ Gas: 0.0406 gwei | Engine: RUNNING
  └──────────────────────────────────────────────────────────┘
   ⚡ [ZRP] positions=886 checks=7665 fired=0 confirmed=0 reverted=0 profit=$0.00 gas=$0.0000
      Index: ETH/USD:886
   📡 [RPC Gateway] reqs=0 rps=0.0 batched=0 failovers=0 429s=0
   ⏱️  Scan #510 | Positions: 885 | Watchlist: 345 | Opps found: 58 | ETH gas: 0.0341 gwei | Vectors: 4/6 active

  ┌─ STATUS [6:31:45] ─────────────────────────────────────────┐
  │ Profits: 0/5 | Total P&L: $0.00 | Phase: phase_1_cold_start
  │ Positions: 885 | Opps: found=58 exec=53 skip=5
  │ Vectors: standard_liquidation=2, preemptive_liquidation=51, new_protocol=5, undercollateralized_pool=1533
  │ Gas: 0.0341 gwei | Engine: RUNNING
  └──────────────────────────────────────────────────────────┘

  📊 [phase_1_cold_start] 6.54h | P&L: $0.00 | Rate: $0.00/hr | TXs: 53 | Cap: $0.00 | Mult: inactive
   ⏱️  Scan #511 | Positions: 885 | Watchlist: 344 | Opps found: 58 | ETH gas: 0.0451 gwei | Vectors: 4/6 active

  ┌─ STATUS [6:32:31] ─────────────────────────────────────────┐
  │ Profits: 0/5 | Total P&L: $0.00 | Phase: phase_1_cold_start
  │ Positions: 885 | Opps: found=58 exec=53 skip=5
  │ Vectors: standard_liquidation=2, preemptive_liquidation=51, new_protocol=5, undercollateralized_pool=1536
  │ Gas: 0.0451 gwei | Engine: RUNNING
  └──────────────────────────────────────────────────────────┘
   ⏱️  Scan #512 | Positions: 885 | Watchlist: 344 | Opps found: 58 | ETH gas: 0.0407 gwei | Vectors: 4/6 active

  ┌─ STATUS [6:33:19] ─────────────────────────────────────────┐
  │ Profits: 0/5 | Total P&L: $0.00 | Phase: phase_1_cold_start
  │ Positions: 885 | Opps: found=58 exec=53 skip=5
  │ Vectors: standard_liquidation=2, preemptive_liquidation=51, new_protocol=5, undercollateralized_pool=1539
  │ Gas: 0.0407 gwei | Engine: RUNNING
  └──────────────────────────────────────────────────────────┘

  📊 [phase_1_cold_start] 6.56h | P&L: $0.00 | Rate: $0.00/hr | TXs: 53 | Cap: $0.00 | Mult: inactive
   ⏱️  Scan #513 | Positions: 885 | Watchlist: 344 | Opps found: 58 | ETH gas: 0.0396 gwei | Vectors: 4/6 active
   📡 [RPC Gateway] reqs=0 rps=0.0 batched=0 failovers=0 429s=0
   ⚡ [ZRP] positions=887 checks=7710 fired=0 confirmed=0 reverted=0 profit=$0.00 gas=$0.0000
      Index: ETH/USD:887

  ┌─ STATUS [6:34:14] ─────────────────────────────────────────┐
  │ Profits: 0/5 | Total P&L: $0.00 | Phase: phase_1_cold_start
  │ Positions: 885 | Opps: found=58 exec=53 skip=5
  │ Vectors: standard_liquidation=2, preemptive_liquidation=51, new_protocol=5, undercollateralized_pool=1542
  │ Gas: 0.0396 gwei | Engine: RUNNING
  └──────────────────────────────────────────────────────────┘
   ⏱️  Scan #514 | Positions: 885 | Watchlist: 344 | Opps found: 58 | ETH gas: 0.0408 gwei | Vectors: 4/6 active

  ┌─ STATUS [6:35:08] ─────────────────────────────────────────┐
  │ Profits: 0/5 | Total P&L: $0.00 | Phase: phase_1_cold_start
  │ Positions: 885 | Opps: found=58 exec=53 skip=5
  │ Vectors: standard_liquidation=2, preemptive_liquidation=51, new_protocol=5, undercollateralized_pool=1545
  │ Gas: 0.0408 gwei | Engine: RUNNING
  └──────────────────────────────────────────────────────────┘

  📊 [phase_1_cold_start] 6.59h | P&L: $0.00 | Rate: $0.00/hr | TXs: 53 | Cap: $0.00 | Mult: inactive
   ⚠️ SELF-HEAL: No new opportunities in 10 minutes — relaxing thresholds
   ⏱️  Scan #515 | Positions: 885 | Watchlist: 344 | Opps found: 58 | ETH gas: 0.0399 gwei | Vectors: 4/6 active

  ┌─ STATUS [6:35:55] ─────────────────────────────────────────┐
  │ Profits: 0/5 | Total P&L: $0.00 | Phase: phase_1_cold_start
  │ Positions: 885 | Opps: found=58 exec=53 skip=5
  │ Vectors: standard_liquidation=2, preemptive_liquidation=51, new_protocol=5, undercollateralized_pool=1548
  │ Gas: 0.0399 gwei | Engine: RUNNING
  └──────────────────────────────────────────────────────────┘

  🔧 ADAPTIVE: No new profits in 300s
     min_profit: $0.01 → $0.01
     min_confidence: 0.01 → 0.01
     Positions tracked: 885

  📊 HEALTH FACTOR DISTRIBUTION (sampled 30 of 885):
           <1.0:   0 
       1.0-1.05:   0 
      1.05-1.10:   0 
      1.10-1.20:   2 ██
      1.20-1.50:   3 ███
          >1.50:  25 █████████████████████████
          error:   0 
     Closest to liquidation: HF=1.1120 debt=$4,547 (0xcc7373ec...)
   👁️  WATCHLIST +1: HF=1.1131 debt=$741,953 chain=137 (0x04903c4c14...)
   ⏱️  Scan #516 | Positions: 885 | Watchlist: 344 | Opps found: 58 | ETH gas: 0.0434 gwei | Vectors: 4/6 active
   ⚡ [ZRP] positions=887 checks=7755 fired=0 confirmed=0 reverted=0 profit=$0.00 gas=$0.0000
      Index: ETH/USD:887
   📡 [RPC Gateway] reqs=0 rps=0.0 batched=0 failovers=0 429s=0

  ┌─ STATUS [6:36:45] ─────────────────────────────────────────┐
  │ Profits: 0/5 | Total P&L: $0.00 | Phase: phase_1_cold_start
  │ Positions: 885 | Opps: found=58 exec=53 skip=5
  │ Vectors: standard_liquidation=2, preemptive_liquidation=51, new_protocol=5, undercollateralized_pool=1551
  │ Gas: 0.0434 gwei | Engine: RUNNING
  └──────────────────────────────────────────────────────────┘

  📊 [phase_1_cold_start] 6.62h | P&L: $0.00 | Rate: $0.00/hr | TXs: 53 | Cap: $0.00 | Mult: inactive
   ⏱️  Scan #517 | Positions: 885 | Watchlist: 344 | Opps found: 58 | ETH gas: 0.0414 gwei | Vectors: 4/6 active

  ┌─ STATUS [6:37:41] ─────────────────────────────────────────┐
  │ Profits: 0/5 | Total P&L: $0.00 | Phase: phase_1_cold_start
  │ Positions: 885 | Opps: found=58 exec=53 skip=5
  │ Vectors: standard_liquidation=2, preemptive_liquidation=51, new_protocol=5, undercollateralized_pool=1554
  │ Gas: 0.0414 gwei | Engine: RUNNING
  └──────────────────────────────────────────────────────────┘
   ⏱️  Scan #518 | Positions: 885 | Watchlist: 344 | Opps found: 58 | ETH gas: 0.0397 gwei | Vectors: 4/6 active

  ┌─ STATUS [6:38:36] ─────────────────────────────────────────┐
  │ Profits: 0/5 | Total P&L: $0.00 | Phase: phase_1_cold_start
  │ Positions: 885 | Opps: found=58 exec=53 skip=5
  │ Vectors: standard_liquidation=2, preemptive_liquidation=51, new_protocol=5, undercollateralized_pool=1557
  │ Gas: 0.0397 gwei | Engine: RUNNING
  └──────────────────────────────────────────────────────────┘

  📊 [phase_1_cold_start] 6.65h | P&L: $0.00 | Rate: $0.00/hr | TXs: 53 | Cap: $0.00 | Mult: inactive
   ⚡ [ZRP] positions=887 checks=7800 fired=0 confirmed=0 reverted=0 profit=$0.00 gas=$0.0000
      Index: ETH/USD:887
   📡 [RPC Gateway] reqs=0 rps=0.0 batched=0 failovers=0 429s=0
   ⏱️  Scan #519 | Positions: 885 | Watchlist: 344 | Opps found: 58 | ETH gas: 0.0352 gwei | Vectors: 4/6 active

  ┌─ STATUS [6:39:22] ─────────────────────────────────────────┐
  │ Profits: 0/5 | Total P&L: $0.00 | Phase: phase_1_cold_start
  │ Positions: 885 | Opps: found=58 exec=53 skip=5
  │ Vectors: standard_liquidation=2, preemptive_liquidation=51, new_protocol=5, undercollateralized_pool=1560
  │ Gas: 0.0352 gwei | Engine: RUNNING
  └──────────────────────────────────────────────────────────┘
   ⏱️  Scan #520 | Positions: 885 | Watchlist: 344 | Opps found: 58 | ETH gas: 0.0310 gwei | Vectors: 4/6 active

  ┌─ STATUS [6:40:11] ─────────────────────────────────────────┐
  │ Profits: 0/5 | Total P&L: $0.00 | Phase: phase_1_cold_start
  │ Positions: 885 | Opps: found=58 exec=53 skip=5
  │ Vectors: standard_liquidation=2, preemptive_liquidation=51, new_protocol=5, undercollateralized_pool=1563
  │ Gas: 0.0310 gwei | Engine: RUNNING
  └──────────────────────────────────────────────────────────┘

  📊 [phase_1_cold_start] 6.68h | P&L: $0.00 | Rate: $0.00/hr | TXs: 53 | Cap: $0.00 | Mult: inactive
   📇 Chain 1: +1 borrowers from 2317 events (total tracked: 886)
   ⏱️  Scan #521 | Positions: 886 | Watchlist: 344 | Opps found: 58 | ETH gas: 0.0371 gwei | Vectors: 4/6 active

  ┌─ STATUS [6:41:04] ─────────────────────────────────────────┐
  │ Profits: 0/5 | Total P&L: $0.00 | Phase: phase_1_cold_start
  │ Positions: 886 | Opps: found=58 exec=53 skip=5
  │ Vectors: standard_liquidation=2, preemptive_liquidation=51, new_protocol=5, undercollateralized_pool=1566
  │ Gas: 0.0371 gwei | Engine: RUNNING
  └──────────────────────────────────────────────────────────┘
   ⚡ [ZRP] positions=887 checks=7845 fired=0 confirmed=0 reverted=0 profit=$0.00 gas=$0.0000
      Index: ETH/USD:887
   📡 [RPC Gateway] reqs=0 rps=0.0 batched=0 failovers=0 429s=0
   ⏱️  Scan #522 | Positions: 886 | Watchlist: 344 | Opps found: 58 | ETH gas: 0.0370 gwei | Vectors: 4/6 active

  🔧 ADAPTIVE: No new profits in 300s
     min_profit: $0.01 → $0.01
     min_confidence: 0.01 → 0.01
     Positions tracked: 886

  📊 HEALTH FACTOR DISTRIBUTION (sampled 30 of 886):
           <1.0:   0 
       1.0-1.05:   0 
      1.05-1.10:   0 
      1.10-1.20:   2 ██
      1.20-1.50:   3 ███
          >1.50:  25 █████████████████████████
          error:   0 
     Closest to liquidation: HF=1.1120 debt=$4,547 (0xcc7373ec...)

  ┌─ STATUS [6:41:57] ─────────────────────────────────────────┐
  │ Profits: 0/5 | Total P&L: $0.00 | Phase: phase_1_cold_start
  │ Positions: 886 | Opps: found=58 exec=53 skip=5
  │ Vectors: standard_liquidation=2, preemptive_liquidation=51, new_protocol=5, undercollateralized_pool=1569
  │ Gas: 0.0370 gwei | Engine: RUNNING
  └──────────────────────────────────────────────────────────┘

  📊 [phase_1_cold_start] 6.71h | P&L: $0.00 | Rate: $0.00/hr | TXs: 53 | Cap: $0.00 | Mult: inactive
   📇 Chain 1: +1 borrowers from 2316 events (total tracked: 887)
   ⏱️  Scan #523 | Positions: 887 | Watchlist: 344 | Opps found: 58 | ETH gas: 0.0353 gwei | Vectors: 4/6 active

  ┌─ STATUS [6:42:44] ─────────────────────────────────────────┐
  │ Profits: 0/5 | Total P&L: $0.00 | Phase: phase_1_cold_start
  │ Positions: 887 | Opps: found=58 exec=53 skip=5
  │ Vectors: standard_liquidation=2, preemptive_liquidation=51, new_protocol=5, undercollateralized_pool=1572
  │ Gas: 0.0353 gwei | Engine: RUNNING
  └──────────────────────────────────────────────────────────┘
   ⏱️  Scan #524 | Positions: 887 | Watchlist: 344 | Opps found: 58 | ETH gas: 0.0335 gwei | Vectors: 4/6 active

  ┌─ STATUS [6:43:33] ─────────────────────────────────────────┐
  │ Profits: 0/5 | Total P&L: $0.00 | Phase: phase_1_cold_start
  │ Positions: 887 | Opps: found=58 exec=53 skip=5
  │ Vectors: standard_liquidation=2, preemptive_liquidation=51, new_protocol=5, undercollateralized_pool=1575
  │ Gas: 0.0335 gwei | Engine: RUNNING
  └──────────────────────────────────────────────────────────┘

  📊 [phase_1_cold_start] 6.74h | P&L: $0.00 | Rate: $0.00/hr | TXs: 53 | Cap: $0.00 | Mult: inactive
   📇 Chain 1: +1 borrowers from 2317 events (total tracked: 888)
   ⏱️  Scan #525 | Positions: 888 | Watchlist: 344 | Opps found: 58 | ETH gas: 0.0394 gwei | Vectors: 4/6 active
   📡 [RPC Gateway] reqs=0 rps=0.0 batched=0 failovers=0 429s=0
   ⚡ [ZRP] positions=889 checks=7890 fired=0 confirmed=0 reverted=0 profit=$0.00 gas=$0.0000
      Index: ETH/USD:889

  ┌─ STATUS [6:44:31] ─────────────────────────────────────────┐
  │ Profits: 0/5 | Total P&L: $0.00 | Phase: phase_1_cold_start
  │ Positions: 888 | Opps: found=58 exec=53 skip=5
  │ Vectors: standard_liquidation=2, preemptive_liquidation=51, new_protocol=5, undercollateralized_pool=1578
  │ Gas: 0.0394 gwei | Engine: RUNNING
  └──────────────────────────────────────────────────────────┘
   ⏱️  Scan #526 | Positions: 888 | Watchlist: 344 | Opps found: 58 | ETH gas: 0.0394 gwei | Vectors: 4/6 active

  ┌─ STATUS [6:45:25] ─────────────────────────────────────────┐
  │ Profits: 0/5 | Total P&L: $0.00 | Phase: phase_1_cold_start
  │ Positions: 888 | Opps: found=58 exec=53 skip=5
  │ Vectors: standard_liquidation=2, preemptive_liquidation=51, new_protocol=5, undercollateralized_pool=1581
  │ Gas: 0.0394 gwei | Engine: RUNNING
  └──────────────────────────────────────────────────────────┘
   ⚠️ SELF-HEAL: No new opportunities in 10 minutes — relaxing thresholds

  📊 [phase_1_cold_start] 6.77h | P&L: $0.00 | Rate: $0.00/hr | TXs: 53 | Cap: $0.00 | Mult: inactive
   ⏱️  Scan #527 | Positions: 888 | Watchlist: 344 | Opps found: 58 | ETH gas: 0.0388 gwei | Vectors: 4/6 active

  ┌─ STATUS [6:46:12] ─────────────────────────────────────────┐
  │ Profits: 0/5 | Total P&L: $0.00 | Phase: phase_1_cold_start
  │ Positions: 888 | Opps: found=58 exec=53 skip=5
  │ Vectors: standard_liquidation=2, preemptive_liquidation=51, new_protocol=5, undercollateralized_pool=1584
  │ Gas: 0.0388 gwei | Engine: RUNNING
  └──────────────────────────────────────────────────────────┘
   ⏱️  Scan #528 | Positions: 888 | Watchlist: 344 | Opps found: 58 | ETH gas: 0.0359 gwei | Vectors: 4/6 active
   ⚡ [ZRP] positions=890 checks=7935 fired=0 confirmed=0 reverted=0 profit=$0.00 gas=$0.0000
      Index: ETH/USD:890
   📡 [RPC Gateway] reqs=0 rps=0.0 batched=0 failovers=0 429s=0

  ┌─ STATUS [6:47:02] ─────────────────────────────────────────┐
  │ Profits: 0/5 | Total P&L: $0.00 | Phase: phase_1_cold_start
  │ Positions: 888 | Opps: found=58 exec=53 skip=5
  │ Vectors: standard_liquidation=2, preemptive_liquidation=51, new_protocol=5, undercollateralized_pool=1587
  │ Gas: 0.0359 gwei | Engine: RUNNING
  └──────────────────────────────────────────────────────────┘

  📊 [phase_1_cold_start] 6.79h | P&L: $0.00 | Rate: $0.00/hr | TXs: 53 | Cap: $0.00 | Mult: inactive

  🔧 ADAPTIVE: No new profits in 300s
     min_profit: $0.01 → $0.01
     min_confidence: 0.01 → 0.01
     Positions tracked: 888

  📊 HEALTH FACTOR DISTRIBUTION (sampled 30 of 888):
           <1.0:   0 
       1.0-1.05:   0 
      1.05-1.10:   0 
      1.10-1.20:   2 ██
      1.20-1.50:   3 ███
          >1.50:  25 █████████████████████████
          error:   0 
     Closest to liquidation: HF=1.1120 debt=$4,547 (0xcc7373ec...)
   📇 Chain 1: +3 borrowers from 2318 events (total tracked: 891)
   ⏱️  Scan #529 | Positions: 891 | Watchlist: 344 | Opps found: 58 | ETH gas: 0.0394 gwei | Vectors: 4/6 active

  ┌─ STATUS [6:48:01] ─────────────────────────────────────────┐
  │ Profits: 0/5 | Total P&L: $0.00 | Phase: phase_1_cold_start
  │ Positions: 891 | Opps: found=58 exec=53 skip=5
  │ Vectors: standard_liquidation=2, preemptive_liquidation=51, new_protocol=5, undercollateralized_pool=1590
  │ Gas: 0.0394 gwei | Engine: RUNNING
  └──────────────────────────────────────────────────────────┘
   ⏱️  Scan #530 | Positions: 891 | Watchlist: 344 | Opps found: 58 | ETH gas: 0.0332 gwei | Vectors: 4/6 active

  ┌─ STATUS [6:48:55] ─────────────────────────────────────────┐
  │ Profits: 0/5 | Total P&L: $0.00 | Phase: phase_1_cold_start
  │ Positions: 891 | Opps: found=58 exec=53 skip=5
  │ Vectors: standard_liquidation=2, preemptive_liquidation=51, new_protocol=5, undercollateralized_pool=1593
  │ Gas: 0.0332 gwei | Engine: RUNNING
  └──────────────────────────────────────────────────────────┘

  📊 [phase_1_cold_start] 6.82h | P&L: $0.00 | Rate: $0.00/hr | TXs: 53 | Cap: $0.00 | Mult: inactive
   📡 [RPC Gateway] reqs=0 rps=0.0 batched=0 failovers=0 429s=0
   ⚡ [ZRP] positions=893 checks=7980 fired=0 confirmed=0 reverted=0 profit=$0.00 gas=$0.0000
      Index: ETH/USD:893
   📝 Queued execution 459942c9... (priority 8)
   🎯 [preemptive_liquidation] chain=1 profit=$106.01 conf=6% pri=8
   ⏱️  Scan #531 | Positions: 891 | Watchlist: 344 | Opps found: 59 | ETH gas: 0.0410 gwei | Vectors: 4/6 active

  ┌─ STATUS [6:49:43] ─────────────────────────────────────────┐
  │ Profits: 0/5 | Total P&L: $0.00 | Phase: phase_1_cold_start
  │ Positions: 891 | Opps: found=59 exec=54 skip=5
  │ Vectors: standard_liquidation=2, preemptive_liquidation=52, new_protocol=5, undercollateralized_pool=1596
  │ Gas: 0.0410 gwei | Engine: RUNNING
  └──────────────────────────────────────────────────────────┘
   ❌ EXEC FAILED chain=1 user=?... reason=Unknown format '', attempted to normalize to '0x'
   ✅ Execution 459942c9... completed: failed

  📊 [phase_1_cold_start] 6.84h | P&L: $0.00 | Rate: $0.00/hr | TXs: 54 | Cap: $0.00 | Mult: inactive
   ⏱️  Scan #532 | Positions: 891 | Watchlist: 344 | Opps found: 59 | ETH gas: 0.0430 gwei | Vectors: 4/6 active

  ┌─ STATUS [6:50:32] ─────────────────────────────────────────┐
  │ Profits: 0/5 | Total P&L: $0.00 | Phase: phase_1_cold_start
  │ Positions: 891 | Opps: found=59 exec=54 skip=5
  │ Vectors: standard_liquidation=2, preemptive_liquidation=52, new_protocol=5, undercollateralized_pool=1599
  │ Gas: 0.0430 gwei | Engine: RUNNING
  └──────────────────────────────────────────────────────────┘
   ⏱️  Scan #533 | Positions: 891 | Watchlist: 344 | Opps found: 59 | ETH gas: 0.0447 gwei | Vectors: 4/6 active

  ┌─ STATUS [6:51:29] ─────────────────────────────────────────┐
  │ Profits: 0/5 | Total P&L: $0.00 | Phase: phase_1_cold_start
  │ Positions: 891 | Opps: found=59 exec=54 skip=5
  │ Vectors: standard_liquidation=2, preemptive_liquidation=52, new_protocol=5, undercollateralized_pool=1602
  │ Gas: 0.0447 gwei | Engine: RUNNING
  └──────────────────────────────────────────────────────────┘

  📊 [phase_1_cold_start] 6.87h | P&L: $0.00 | Rate: $0.00/hr | TXs: 54 | Cap: $0.00 | Mult: inactive
   ⚡ [ZRP] positions=893 checks=8025 fired=0 confirmed=0 reverted=0 profit=$0.00 gas=$0.0000
      Index: ETH/USD:893
   📡 [RPC Gateway] reqs=0 rps=0.0 batched=0 failovers=0 429s=0
   ⏱️  Scan #534 | Positions: 891 | Watchlist: 344 | Opps found: 59 | ETH gas: 0.0382 gwei | Vectors: 4/6 active

  ┌─ STATUS [6:52:23] ─────────────────────────────────────────┐
  │ Profits: 0/5 | Total P&L: $0.00 | Phase: phase_1_cold_start
  │ Positions: 891 | Opps: found=59 exec=54 skip=5
  │ Vectors: standard_liquidation=2, preemptive_liquidation=52, new_protocol=5, undercollateralized_pool=1605
  │ Gas: 0.0382 gwei | Engine: RUNNING
  └──────────────────────────────────────────────────────────┘
   📝 Queued execution cbc9ee3a... (priority 8)
   🎯 [preemptive_liquidation] chain=1 profit=$107.48 conf=6% pri=8

  🔧 ADAPTIVE: No new profits in 300s
     min_profit: $0.01 → $0.01
     min_confidence: 0.01 → 0.01
     Positions tracked: 891

  📊 HEALTH FACTOR DISTRIBUTION (sampled 30 of 891):
           <1.0:   0 
       1.0-1.05:   0 
      1.05-1.10:   0 
      1.10-1.20:   2 ██
      1.20-1.50:   3 ███
          >1.50:  25 █████████████████████████
          error:   0 
     Closest to liquidation: HF=1.1123 debt=$4,547 (0xcc7373ec...)
   ⏱️  Scan #535 | Positions: 891 | Watchlist: 344 | Opps found: 60 | ETH gas: 0.0431 gwei | Vectors: 4/6 active

  ┌─ STATUS [6:53:13] ─────────────────────────────────────────┐
  │ Profits: 0/5 | Total P&L: $0.00 | Phase: phase_1_cold_start
  │ Positions: 891 | Opps: found=60 exec=55 skip=5
  │ Vectors: standard_liquidation=2, preemptive_liquidation=53, new_protocol=5, undercollateralized_pool=1608
  │ Gas: 0.0431 gwei | Engine: RUNNING
  └──────────────────────────────────────────────────────────┘
   ❌ EXEC FAILED chain=1 user=?... reason=Unknown format '', attempted to normalize to '0x'
   ✅ Execution cbc9ee3a... completed: failed

  📊 [phase_1_cold_start] 6.90h | P&L: $0.00 | Rate: $0.00/hr | TXs: 55 | Cap: $0.00 | Mult: inactive
   ⏱️  Scan #536 | Positions: 891 | Watchlist: 344 | Opps found: 60 | ETH gas: 0.0462 gwei | Vectors: 4/6 active

  ┌─ STATUS [6:54:04] ─────────────────────────────────────────┐
  │ Profits: 0/5 | Total P&L: $0.00 | Phase: phase_1_cold_start
  │ Positions: 891 | Opps: found=60 exec=55 skip=5
  │ Vectors: standard_liquidation=2, preemptive_liquidation=53, new_protocol=5, undercollateralized_pool=1611
  │ Gas: 0.0462 gwei | Engine: RUNNING
  └──────────────────────────────────────────────────────────┘
   ⏱️  Scan #537 | Positions: 891 | Watchlist: 344 | Opps found: 60 | ETH gas: 0.0420 gwei | Vectors: 4/6 active
   ⚡ [ZRP] positions=893 checks=8070 fired=0 confirmed=0 reverted=0 profit=$0.00 gas=$0.0000
      Index: ETH/USD:893
   📡 [RPC Gateway] reqs=0 rps=0.0 batched=0 failovers=0 429s=0

  ┌─ STATUS [6:55:00] ─────────────────────────────────────────┐
  │ Profits: 0/5 | Total P&L: $0.00 | Phase: phase_1_cold_start
  │ Positions: 891 | Opps: found=60 exec=55 skip=5
  │ Vectors: standard_liquidation=2, preemptive_liquidation=53, new_protocol=5, undercollateralized_pool=1614
  │ Gas: 0.0420 gwei | Engine: RUNNING
  └──────────────────────────────────────────────────────────┘

  📊 [phase_1_cold_start] 6.93h | P&L: $0.00 | Rate: $0.00/hr | TXs: 55 | Cap: $0.00 | Mult: inactive
   ⏱️  Scan #538 | Positions: 891 | Watchlist: 344 | Opps found: 60 | ETH gas: 0.0415 gwei | Vectors: 4/6 active

  ┌─ STATUS [6:55:42] ─────────────────────────────────────────┐
  │ Profits: 0/5 | Total P&L: $0.00 | Phase: phase_1_cold_start
  │ Positions: 891 | Opps: found=60 exec=55 skip=5
  │ Vectors: standard_liquidation=2, preemptive_liquidation=53, new_protocol=5, undercollateralized_pool=1617
  │ Gas: 0.0415 gwei | Engine: RUNNING
  └──────────────────────────────────────────────────────────┘
   ⏱️  Scan #539 | Positions: 891 | Watchlist: 344 | Opps found: 60 | ETH gas: 0.0311 gwei | Vectors: 4/6 active
   📇 Chain 1: +1 borrowers from 2316 events (total tracked: 892)
   📇 Chain 137: +1 borrowers from 47 events (total tracked: 893)

  ┌─ STATUS [6:56:29] ─────────────────────────────────────────┐
  │ Profits: 0/5 | Total P&L: $0.00 | Phase: phase_1_cold_start
  │ Positions: 893 | Opps: found=60 exec=55 skip=5
  │ Vectors: standard_liquidation=2, preemptive_liquidation=53, new_protocol=5, undercollateralized_pool=1620
  │ Gas: 0.0311 gwei | Engine: RUNNING
  └──────────────────────────────────────────────────────────┘
   👁️  WATCHLIST +1: HF=1.1456 debt=$188 chain=137 (0xd6272c8162...)

  📊 [phase_1_cold_start] 6.95h | P&L: $0.00 | Rate: $0.00/hr | TXs: 55 | Cap: $0.00 | Mult: inactive
   ⚠️ SELF-HEAL: No new opportunities in 10 minutes — relaxing thresholds
   ⏱️  Scan #540 | Positions: 893 | Watchlist: 345 | Opps found: 60 | ETH gas: 0.0379 gwei | Vectors: 4/6 active

  ┌─ STATUS [6:57:18] ─────────────────────────────────────────┐
  │ Profits: 0/5 | Total P&L: $0.00 | Phase: phase_1_cold_start
  │ Positions: 893 | Opps: found=60 exec=55 skip=5
  │ Vectors: standard_liquidation=2, preemptive_liquidation=53, new_protocol=5, undercollateralized_pool=1623
  │ Gas: 0.0379 gwei | Engine: RUNNING
  └──────────────────────────────────────────────────────────┘
   ⚡ [ZRP] positions=894 checks=8115 fired=0 confirmed=0 reverted=0 profit=$0.00 gas=$0.0000
      Index: ETH/USD:894
   📡 [RPC Gateway] reqs=0 rps=0.0 batched=0 failovers=0 429s=0
   📇 Chain 1: +2 borrowers from 2317 events (total tracked: 895)
   ⏱️  Scan #541 | Positions: 895 | Watchlist: 345 | Opps found: 60 | ETH gas: 0.0360 gwei | Vectors: 4/6 active

  ┌─ STATUS [6:58:14] ─────────────────────────────────────────┐
  │ Profits: 0/5 | Total P&L: $0.00 | Phase: phase_1_cold_start
  │ Positions: 895 | Opps: found=60 exec=55 skip=5
  │ Vectors: standard_liquidation=2, preemptive_liquidation=53, new_protocol=5, undercollateralized_pool=1626
  │ Gas: 0.0360 gwei | Engine: RUNNING
  └──────────────────────────────────────────────────────────┘

  🔧 ADAPTIVE: No new profits in 300s
     min_profit: $0.01 → $0.01
     min_confidence: 0.01 → 0.01
     Positions tracked: 895

  📊 HEALTH FACTOR DISTRIBUTION (sampled 30 of 895):
           <1.0:   0 
       1.0-1.05:   0 
      1.05-1.10:   0 
      1.10-1.20:   2 ██
      1.20-1.50:   3 ███
          >1.50:  25 █████████████████████████
          error:   0 
     Closest to liquidation: HF=1.1121 debt=$4,547 (0xcc7373ec...)

  📊 [phase_1_cold_start] 6.99h | P&L: $0.00 | Rate: $0.00/hr | TXs: 55 | Cap: $0.00 | Mult: inactive
   ⏱️  Scan #542 | Positions: 895 | Watchlist: 345 | Opps found: 60 | ETH gas: 0.0348 gwei | Vectors: 4/6 active

  ┌─ STATUS [6:59:11] ─────────────────────────────────────────┐
  │ Profits: 0/5 | Total P&L: $0.00 | Phase: phase_1_cold_start
  │ Positions: 895 | Opps: found=60 exec=55 skip=5
  │ Vectors: standard_liquidation=2, preemptive_liquidation=53, new_protocol=5, undercollateralized_pool=1629
  │ Gas: 0.0348 gwei | Engine: RUNNING
  └──────────────────────────────────────────────────────────┘
   👁️  WATCHLIST +1: HF=1.1998 debt=$117,334 chain=1 (0x3cb1021b03...)
   ⚡ [ZRP] positions=897 checks=8160 fired=0 confirmed=0 reverted=0 profit=$0.00 gas=$0.0000
      Index: ETH/USD:897
   📡 [RPC Gateway] reqs=0 rps=0.0 batched=0 failovers=0 429s=0
   ⏱️  Scan #543 | Positions: 895 | Watchlist: 347 | Opps found: 60 | ETH gas: 0.0374 gwei | Vectors: 4/6 active

  ┌─ STATUS [6:59:58] ─────────────────────────────────────────┐
  │ Profits: 0/5 | Total P&L: $0.00 | Phase: phase_1_cold_start
  │ Positions: 895 | Opps: found=60 exec=55 skip=5
  │ Vectors: standard_liquidation=2, preemptive_liquidation=53, new_protocol=5, undercollateralized_pool=1632
  │ Gas: 0.0374 gwei | Engine: RUNNING
  └──────────────────────────────────────────────────────────┘

  📊 [phase_1_cold_start] 7.01h | P&L: $0.00 | Rate: $0.00/hr | TXs: 55 | Cap: $0.00 | Mult: inactive
   ⏱️  Scan #544 | Positions: 895 | Watchlist: 347 | Opps found: 60 | ETH gas: 0.0342 gwei | Vectors: 4/6 active

  ┌─ STATUS [7:00:49] ─────────────────────────────────────────┐
  │ Profits: 0/5 | Total P&L: $0.00 | Phase: phase_1_cold_start
  │ Positions: 895 | Opps: found=60 exec=55 skip=5
  │ Vectors: standard_liquidation=2, preemptive_liquidation=53, new_protocol=5, undercollateralized_pool=1635
  │ Gas: 0.0342 gwei | Engine: RUNNING
  └──────────────────────────────────────────────────────────┘
   📇 Chain 1: +1 borrowers from 2313 events (total tracked: 896)
   ⏱️  Scan #545 | Positions: 896 | Watchlist: 346 | Opps found: 60 | ETH gas: 0.0345 gwei | Vectors: 4/6 active

  ┌─ STATUS [7:01:46] ─────────────────────────────────────────┐
  │ Profits: 0/5 | Total P&L: $0.00 | Phase: phase_1_cold_start
  │ Positions: 896 | Opps: found=60 exec=55 skip=5
  │ Vectors: standard_liquidation=2, preemptive_liquidation=53, new_protocol=5, undercollateralized_pool=1638
  │ Gas: 0.0345 gwei | Engine: RUNNING
  └──────────────────────────────────────────────────────────┘

  📊 [phase_1_cold_start] 7.04h | P&L: $0.00 | Rate: $0.00/hr | TXs: 55 | Cap: $0.00 | Mult: inactive
   ⚡ [ZRP] positions=898 checks=8205 fired=0 confirmed=0 reverted=0 profit=$0.00 gas=$0.0000
      Index: ETH/USD:898
   📡 [RPC Gateway] reqs=0 rps=0.0 batched=0 failovers=0 429s=0
   ⏱️  Scan #546 | Positions: 896 | Watchlist: 346 | Opps found: 60 | ETH gas: 0.0388 gwei | Vectors: 4/6 active

  ┌─ STATUS [7:02:27] ─────────────────────────────────────────┐
  │ Profits: 0/5 | Total P&L: $0.00 | Phase: phase_1_cold_start
  │ Positions: 896 | Opps: found=60 exec=55 skip=5
  │ Vectors: standard_liquidation=2, preemptive_liquidation=53, new_protocol=5, undercollateralized_pool=1641
  │ Gas: 0.0388 gwei | Engine: RUNNING
  └──────────────────────────────────────────────────────────┘
   📝 Queued execution 1ead0bbd... (priority 8)
   🎯 [preemptive_liquidation] chain=1 profit=$105.33 conf=6% pri=8
   ⏱️  Scan #547 | Positions: 896 | Watchlist: 347 | Opps found: 61 | ETH gas: 0.0357 gwei | Vectors: 4/6 active

  ┌─ STATUS [7:03:16] ─────────────────────────────────────────┐
  │ Profits: 0/5 | Total P&L: $0.00 | Phase: phase_1_cold_start
  │ Positions: 896 | Opps: found=61 exec=56 skip=5
  │ Vectors: standard_liquidation=2, preemptive_liquidation=54, new_protocol=5, undercollateralized_pool=1644
  │ Gas: 0.0357 gwei | Engine: RUNNING
  └──────────────────────────────────────────────────────────┘
   ❌ EXEC FAILED chain=1 user=?... reason=Unknown format '', attempted to normalize to '0x'
   ✅ Execution 1ead0bbd... completed: failed

  📊 [phase_1_cold_start] 7.07h | P&L: $0.00 | Rate: $0.00/hr | TXs: 56 | Cap: $0.00 | Mult: inactive
   ⏱️  Scan #548 | Positions: 896 | Watchlist: 347 | Opps found: 61 | ETH gas: 0.0339 gwei | Vectors: 4/6 active

  ┌─ STATUS [7:04:07] ─────────────────────────────────────────┐
  │ Profits: 0/5 | Total P&L: $0.00 | Phase: phase_1_cold_start
  │ Positions: 896 | Opps: found=61 exec=56 skip=5
  │ Vectors: standard_liquidation=2, preemptive_liquidation=54, new_protocol=5, undercollateralized_pool=1647
  │ Gas: 0.0339 gwei | Engine: RUNNING
  └──────────────────────────────────────────────────────────┘

  🔧 ADAPTIVE: No new profits in 300s
     min_profit: $0.01 → $0.01
     min_confidence: 0.01 → 0.01
     Positions tracked: 896

  📊 HEALTH FACTOR DISTRIBUTION (sampled 30 of 896):
           <1.0:   0 
       1.0-1.05:   0 
      1.05-1.10:   0 
      1.10-1.20:   2 ██
      1.20-1.50:   3 ███
          >1.50:  25 █████████████████████████
          error:   0 
     Closest to liquidation: HF=1.1121 debt=$4,547 (0xcc7373ec...)
   📇 Chain 1: +2 borrowers from 2317 events (total tracked: 898)
   📇 Chain 137: +1 borrowers from 47 events (total tracked: 899)
   👁️  WATCHLIST +1: HF=1.0983 debt=$1,319 chain=137 (0xeac8126601...)
   ⏱️  Scan #549 | Positions: 899 | Watchlist: 348 | Opps found: 61 | ETH gas: 0.0365 gwei | Vectors: 4/6 active
   ⚡ [ZRP] positions=901 checks=8250 fired=0 confirmed=0 reverted=0 profit=$0.00 gas=$0.0000
      Index: ETH/USD:901
   📡 [RPC Gateway] reqs=0 rps=0.0 batched=0 failovers=0 429s=0

  ┌─ STATUS [7:05:07] ─────────────────────────────────────────┐
  │ Profits: 0/5 | Total P&L: $0.00 | Phase: phase_1_cold_start
  │ Positions: 899 | Opps: found=61 exec=56 skip=5
  │ Vectors: standard_liquidation=2, preemptive_liquidation=54, new_protocol=5, undercollateralized_pool=1650
  │ Gas: 0.0365 gwei | Engine: RUNNING
  └──────────────────────────────────────────────────────────┘

  📊 [phase_1_cold_start] 7.09h | P&L: $0.00 | Rate: $0.00/hr | TXs: 56 | Cap: $0.00 | Mult: inactive
   ⏱️  Scan #550 | Positions: 899 | Watchlist: 348 | Opps found: 61 | ETH gas: 0.0382 gwei | Vectors: 4/6 active

  ┌─ STATUS [7:06:01] ─────────────────────────────────────────┐
  │ Profits: 0/5 | Total P&L: $0.00 | Phase: phase_1_cold_start
  │ Positions: 899 | Opps: found=61 exec=56 skip=5
  │ Vectors: standard_liquidation=2, preemptive_liquidation=54, new_protocol=5, undercollateralized_pool=1653
  │ Gas: 0.0382 gwei | Engine: RUNNING
  └──────────────────────────────────────────────────────────┘
   ⏱️  Scan #551 | Positions: 899 | Watchlist: 348 | Opps found: 61 | ETH gas: 0.0391 gwei | Vectors: 4/6 active

  ┌─ STATUS [7:06:50] ─────────────────────────────────────────┐
  │ Profits: 0/5 | Total P&L: $0.00 | Phase: phase_1_cold_start
  │ Positions: 899 | Opps: found=61 exec=56 skip=5
  │ Vectors: standard_liquidation=2, preemptive_liquidation=54, new_protocol=5, undercollateralized_pool=1656
  │ Gas: 0.0391 gwei | Engine: RUNNING
  └──────────────────────────────────────────────────────────┘
   ⚠️ SELF-HEAL: No new opportunities in 10 minutes — relaxing thresholds

  📊 [phase_1_cold_start] 7.12h | P&L: $0.00 | Rate: $0.00/hr | TXs: 56 | Cap: $0.00 | Mult: inactive
   ⏱️  Scan #552 | Positions: 899 | Watchlist: 348 | Opps found: 61 | ETH gas: 0.0307 gwei | Vectors: 4/6 active
   ⚡ [ZRP] positions=901 checks=8295 fired=0 confirmed=0 reverted=0 profit=$0.00 gas=$0.0000
      Index: ETH/USD:901
   📡 [RPC Gateway] reqs=0 rps=0.0 batched=0 failovers=0 429s=0

  ┌─ STATUS [7:07:42] ─────────────────────────────────────────┐
  │ Profits: 0/5 | Total P&L: $0.00 | Phase: phase_1_cold_start
  │ Positions: 899 | Opps: found=61 exec=56 skip=5
  │ Vectors: standard_liquidation=2, preemptive_liquidation=54, new_protocol=5, undercollateralized_pool=1659
  │ Gas: 0.0307 gwei | Engine: RUNNING
  └──────────────────────────────────────────────────────────┘
   📇 Chain 1: +1 borrowers from 2318 events (total tracked: 900)
   ⏱️  Scan #553 | Positions: 900 | Watchlist: 348 | Opps found: 61 | ETH gas: 0.0361 gwei | Vectors: 4/6 active

  ┌─ STATUS [7:08:40] ─────────────────────────────────────────┐
  │ Profits: 0/5 | Total P&L: $0.00 | Phase: phase_1_cold_start
  │ Positions: 900 | Opps: found=61 exec=56 skip=5
  │ Vectors: standard_liquidation=2, preemptive_liquidation=54, new_protocol=5, undercollateralized_pool=1662
  │ Gas: 0.0361 gwei | Engine: RUNNING
  └──────────────────────────────────────────────────────────┘

  📊 [phase_1_cold_start] 7.15h | P&L: $0.00 | Rate: $0.00/hr | TXs: 56 | Cap: $0.00 | Mult: inactive
   ⏱️  Scan #554 | Positions: 900 | Watchlist: 348 | Opps found: 61 | ETH gas: 0.0311 gwei | Vectors: 4/6 active

  ┌─ STATUS [7:09:22] ─────────────────────────────────────────┐
  │ Profits: 0/5 | Total P&L: $0.00 | Phase: phase_1_cold_start
  │ Positions: 900 | Opps: found=61 exec=56 skip=5
  │ Vectors: standard_liquidation=2, preemptive_liquidation=54, new_protocol=5, undercollateralized_pool=1665
  │ Gas: 0.0311 gwei | Engine: RUNNING
  └──────────────────────────────────────────────────────────┘

  🔧 ADAPTIVE: No new profits in 300s
     min_profit: $0.01 → $0.01
     min_confidence: 0.01 → 0.01
     Positions tracked: 900

  📊 HEALTH FACTOR DISTRIBUTION (sampled 30 of 900):
           <1.0:   0 
       1.0-1.05:   0 
      1.05-1.10:   0 
      1.10-1.20:   2 ██
      1.20-1.50:   3 ███
          >1.50:  25 █████████████████████████
          error:   0 
     Closest to liquidation: HF=1.1121 debt=$4,547 (0xcc7373ec...)
   📇 Chain 1: +1 borrowers from 2319 events (total tracked: 901)
   ⏱️  Scan #555 | Positions: 901 | Watchlist: 348 | Opps found: 61 | ETH gas: 0.0330 gwei | Vectors: 4/6 active
   📡 [RPC Gateway] reqs=0 rps=0.0 batched=0 failovers=0 429s=0
   ⚡ [ZRP] positions=903 checks=8340 fired=0 confirmed=0 reverted=0 profit=$0.00 gas=$0.0000
      Index: ETH/USD:903

  ┌─ STATUS [7:10:15] ─────────────────────────────────────────┐
  │ Profits: 0/5 | Total P&L: $0.00 | Phase: phase_1_cold_start
  │ Positions: 901 | Opps: found=61 exec=56 skip=5
  │ Vectors: standard_liquidation=2, preemptive_liquidation=54, new_protocol=5, undercollateralized_pool=1668
  │ Gas: 0.0330 gwei | Engine: RUNNING
  └──────────────────────────────────────────────────────────┘

  📊 [phase_1_cold_start] 7.18h | P&L: $0.00 | Rate: $0.00/hr | TXs: 56 | Cap: $0.00 | Mult: inactive
   ⏱️  Scan #556 | Positions: 901 | Watchlist: 348 | Opps found: 61 | ETH gas: 0.0301 gwei | Vectors: 4/6 active

  ┌─ STATUS [7:11:09] ─────────────────────────────────────────┐
  │ Profits: 0/5 | Total P&L: $0.00 | Phase: phase_1_cold_start
  │ Positions: 901 | Opps: found=61 exec=56 skip=5
  │ Vectors: standard_liquidation=2, preemptive_liquidation=54, new_protocol=5, undercollateralized_pool=1671
  │ Gas: 0.0301 gwei | Engine: RUNNING
  └──────────────────────────────────────────────────────────┘
   ⏱️  Scan #557 | Positions: 901 | Watchlist: 348 | Opps found: 61 | ETH gas: 0.0362 gwei | Vectors: 4/6 active

  ┌─ STATUS [7:12:05] ─────────────────────────────────────────┐
  │ Profits: 0/5 | Total P&L: $0.00 | Phase: phase_1_cold_start
  │ Positions: 901 | Opps: found=61 exec=56 skip=5
  │ Vectors: standard_liquidation=2, preemptive_liquidation=54, new_protocol=5, undercollateralized_pool=1674
  │ Gas: 0.0362 gwei | Engine: RUNNING
  └──────────────────────────────────────────────────────────┘

  📊 [phase_1_cold_start] 7.21h | P&L: $0.00 | Rate: $0.00/hr | TXs: 56 | Cap: $0.00 | Mult: inactive
   ⚡ [ZRP] positions=903 checks=8385 fired=0 confirmed=0 reverted=0 profit=$0.00 gas=$0.0000
      Index: ETH/USD:903
   📡 [RPC Gateway] reqs=0 rps=0.0 batched=0 failovers=0 429s=0
   ⏱️  Scan #558 | Positions: 901 | Watchlist: 348 | Opps found: 61 | ETH gas: 0.0362 gwei | Vectors: 4/6 active

  ┌─ STATUS [7:12:50] ─────────────────────────────────────────┐
  │ Profits: 0/5 | Total P&L: $0.00 | Phase: phase_1_cold_start
  │ Positions: 901 | Opps: found=61 exec=56 skip=5
  │ Vectors: standard_liquidation=2, preemptive_liquidation=54, new_protocol=5, undercollateralized_pool=1677
  │ Gas: 0.0362 gwei | Engine: RUNNING
  └──────────────────────────────────────────────────────────┘
   ⏱️  Scan #559 | Positions: 901 | Watchlist: 348 | Opps found: 61 | ETH gas: 0.0336 gwei | Vectors: 4/6 active

  ┌─ STATUS [7:13:42] ─────────────────────────────────────────┐
  │ Profits: 0/5 | Total P&L: $0.00 | Phase: phase_1_cold_start
  │ Positions: 901 | Opps: found=61 exec=56 skip=5
  │ Vectors: standard_liquidation=2, preemptive_liquidation=54, new_protocol=5, undercollateralized_pool=1680
  │ Gas: 0.0336 gwei | Engine: RUNNING
  └──────────────────────────────────────────────────────────┘

  📊 [phase_1_cold_start] 7.24h | P&L: $0.00 | Rate: $0.00/hr | TXs: 56 | Cap: $0.00 | Mult: inactive
   ⏱️  Scan #560 | Positions: 901 | Watchlist: 348 | Opps found: 61 | ETH gas: 0.0338 gwei | Vectors: 4/6 active

  ┌─ STATUS [7:14:36] ─────────────────────────────────────────┐
  │ Profits: 0/5 | Total P&L: $0.00 | Phase: phase_1_cold_start
  │ Positions: 901 | Opps: found=61 exec=56 skip=5
  │ Vectors: standard_liquidation=2, preemptive_liquidation=54, new_protocol=5, undercollateralized_pool=1683
  │ Gas: 0.0338 gwei | Engine: RUNNING
  └──────────────────────────────────────────────────────────┘

  🔧 ADAPTIVE: No new profits in 300s
     min_profit: $0.01 → $0.01
     min_confidence: 0.01 → 0.01
     Positions tracked: 901

  📊 HEALTH FACTOR DISTRIBUTION (sampled 30 of 901):
           <1.0:   0 
       1.0-1.05:   0 
      1.05-1.10:   0 
      1.10-1.20:   2 ██
      1.20-1.50:   3 ███
          >1.50:  25 █████████████████████████
          error:   0 
     Closest to liquidation: HF=1.1121 debt=$4,547 (0xcc7373ec...)
   👁️  WATCHLIST +1: HF=1.0494 debt=$3,000,095 chain=1 (0x6a73204db7...)
   📡 [RPC Gateway] reqs=0 rps=0.0 batched=0 failovers=0 429s=0
   ⚡ [ZRP] positions=903 checks=8430 fired=0 confirmed=0 reverted=0 profit=$0.00 gas=$0.0000
      Index: ETH/USD:903
   ⏱️  Scan #561 | Positions: 901 | Watchlist: 348 | Opps found: 61 | ETH gas: 0.0375 gwei | Vectors: 4/6 active

  ┌─ STATUS [7:15:23] ─────────────────────────────────────────┐
  │ Profits: 0/5 | Total P&L: $0.00 | Phase: phase_1_cold_start
  │ Positions: 901 | Opps: found=61 exec=56 skip=5
  │ Vectors: standard_liquidation=2, preemptive_liquidation=54, new_protocol=5, undercollateralized_pool=1686
  │ Gas: 0.0375 gwei | Engine: RUNNING
  └──────────────────────────────────────────────────────────┘

  📊 [phase_1_cold_start] 7.27h | P&L: $0.00 | Rate: $0.00/hr | TXs: 56 | Cap: $0.00 | Mult: inactive
   ⏱️  Scan #562 | Positions: 901 | Watchlist: 348 | Opps found: 61 | ETH gas: 0.0378 gwei | Vectors: 4/6 active

  ┌─ STATUS [7:16:09] ─────────────────────────────────────────┐
  │ Profits: 0/5 | Total P&L: $0.00 | Phase: phase_1_cold_start
  │ Positions: 901 | Opps: found=61 exec=56 skip=5
  │ Vectors: standard_liquidation=2, preemptive_liquidation=54, new_protocol=5, undercollateralized_pool=1689
  │ Gas: 0.0378 gwei | Engine: RUNNING
  └──────────────────────────────────────────────────────────┘
   👁️  WATCHLIST +1: HF=1.0523 debt=$55,214 chain=1 (0x54e3ae2c3b...)
   📇 Chain 137: +1 borrowers from 48 events (total tracked: 902)
   ⏱️  Scan #563 | Positions: 902 | Watchlist: 353 | Opps found: 61 | ETH gas: 0.0365 gwei | Vectors: 4/6 active

  ┌─ STATUS [7:17:02] ─────────────────────────────────────────┐
  │ Profits: 0/5 | Total P&L: $0.00 | Phase: phase_1_cold_start
  │ Positions: 902 | Opps: found=61 exec=56 skip=5
  │ Vectors: standard_liquidation=2, preemptive_liquidation=54, new_protocol=5, undercollateralized_pool=1692
  │ Gas: 0.0365 gwei | Engine: RUNNING
  └──────────────────────────────────────────────────────────┘
   ⚠️ SELF-HEAL: No new opportunities in 10 minutes — relaxing thresholds

  📊 [phase_1_cold_start] 7.29h | P&L: $0.00 | Rate: $0.00/hr | TXs: 56 | Cap: $0.00 | Mult: inactive
   ⏱️  Scan #564 | Positions: 902 | Watchlist: 354 | Opps found: 61 | ETH gas: 0.0341 gwei | Vectors: 4/6 active
   📡 [RPC Gateway] reqs=0 rps=0.0 batched=0 failovers=0 429s=0
   ⚡ [ZRP] positions=904 checks=8475 fired=0 confirmed=0 reverted=0 profit=$0.00 gas=$0.0000
      Index: ETH/USD:904

  ┌─ STATUS [7:17:57] ─────────────────────────────────────────┐
  │ Profits: 0/5 | Total P&L: $0.00 | Phase: phase_1_cold_start
  │ Positions: 902 | Opps: found=61 exec=56 skip=5
  │ Vectors: standard_liquidation=2, preemptive_liquidation=54, new_protocol=5, undercollateralized_pool=1695
  │ Gas: 0.0341 gwei | Engine: RUNNING
  └──────────────────────────────────────────────────────────┘
   📇 Chain 1: +3 borrowers from 2323 events (total tracked: 905)
   ⏱️  Scan #565 | Positions: 905 | Watchlist: 354 | Opps found: 61 | ETH gas: 0.0329 gwei | Vectors: 4/6 active

  ┌─ STATUS [7:18:53] ─────────────────────────────────────────┐
  │ Profits: 0/5 | Total P&L: $0.00 | Phase: phase_1_cold_start
  │ Positions: 905 | Opps: found=61 exec=56 skip=5
  │ Vectors: standard_liquidation=2, preemptive_liquidation=54, new_protocol=5, undercollateralized_pool=1698
  │ Gas: 0.0329 gwei | Engine: RUNNING
  └──────────────────────────────────────────────────────────┘

  📊 [phase_1_cold_start] 7.32h | P&L: $0.00 | Rate: $0.00/hr | TXs: 56 | Cap: $0.00 | Mult: inactive
   ⏱️  Scan #566 | Positions: 905 | Watchlist: 354 | Opps found: 61 | ETH gas: 0.0296 gwei | Vectors: 4/6 active

  ┌─ STATUS [7:19:40] ─────────────────────────────────────────┐
  │ Profits: 0/5 | Total P&L: $0.00 | Phase: phase_1_cold_start
  │ Positions: 905 | Opps: found=61 exec=56 skip=5
  │ Vectors: standard_liquidation=2, preemptive_liquidation=54, new_protocol=5, undercollateralized_pool=1701
  │ Gas: 0.0296 gwei | Engine: RUNNING
  └──────────────────────────────────────────────────────────┘
   📇 Chain 1: +1 borrowers from 2322 events (total tracked: 906)
   📝 Queued execution 6f2cf931... (priority 7)
   🎯 [preemptive_liquidation] chain=1 profit=$77.21 conf=3% pri=7
   ⏱️  Scan #567 | Positions: 906 | Watchlist: 354 | Opps found: 62 | ETH gas: 0.0365 gwei | Vectors: 4/6 active
   ⚡ [ZRP] positions=907 checks=8520 fired=0 confirmed=0 reverted=0 profit=$0.00 gas=$0.0000
      Index: ETH/USD:907
   📡 [RPC Gateway] reqs=0 rps=0.0 batched=0 failovers=0 429s=0

  ┌─ STATUS [7:20:36] ─────────────────────────────────────────┐
  │ Profits: 0/5 | Total P&L: $0.00 | Phase: phase_1_cold_start
  │ Positions: 906 | Opps: found=62 exec=57 skip=5
  │ Vectors: standard_liquidation=2, preemptive_liquidation=55, new_protocol=5, undercollateralized_pool=1704
  │ Gas: 0.0365 gwei | Engine: RUNNING
  └──────────────────────────────────────────────────────────┘
   ❌ EXEC FAILED chain=1 user=?... reason=Unknown format '', attempted to normalize to '0x'
   ✅ Execution 6f2cf931... completed: failed

  🔧 ADAPTIVE: No new profits in 300s
     min_profit: $0.01 → $0.01
     min_confidence: 0.01 → 0.01
     Positions tracked: 906

  📊 HEALTH FACTOR DISTRIBUTION (sampled 30 of 906):
           <1.0:   0 
       1.0-1.05:   0 
      1.05-1.10:   0 
      1.10-1.20:   2 ██
      1.20-1.50:   3 ███
          >1.50:  25 █████████████████████████
          error:   0 
     Closest to liquidation: HF=1.1123 debt=$4,547 (0xcc7373ec...)

  📊 [phase_1_cold_start] 7.35h | P&L: $0.00 | Rate: $0.00/hr | TXs: 57 | Cap: $0.00 | Mult: inactive
   ⏱️  Scan #568 | Positions: 906 | Watchlist: 354 | Opps found: 62 | ETH gas: 0.0345 gwei | Vectors: 4/6 active

  ┌─ STATUS [7:21:33] ─────────────────────────────────────────┐
  │ Profits: 0/5 | Total P&L: $0.00 | Phase: phase_1_cold_start
  │ Positions: 906 | Opps: found=62 exec=57 skip=5
  │ Vectors: standard_liquidation=2, preemptive_liquidation=55, new_protocol=5, undercollateralized_pool=1707
  │ Gas: 0.0345 gwei | Engine: RUNNING
  └──────────────────────────────────────────────────────────┘
   ⏱️  Scan #569 | Positions: 906 | Watchlist: 354 | Opps found: 62 | ETH gas: 0.0321 gwei | Vectors: 4/6 active

  ┌─ STATUS [7:22:19] ─────────────────────────────────────────┐
  │ Profits: 0/5 | Total P&L: $0.00 | Phase: phase_1_cold_start
  │ Positions: 906 | Opps: found=62 exec=57 skip=5
  │ Vectors: standard_liquidation=2, preemptive_liquidation=55, new_protocol=5, undercollateralized_pool=1710
  │ Gas: 0.0321 gwei | Engine: RUNNING
  └──────────────────────────────────────────────────────────┘

  📊 [phase_1_cold_start] 7.38h | P&L: $0.00 | Rate: $0.00/hr | TXs: 57 | Cap: $0.00 | Mult: inactive
   ⏱️  Scan #570 | Positions: 906 | Watchlist: 354 | Opps found: 62 | ETH gas: 0.0347 gwei | Vectors: 4/6 active
   ⚡ [ZRP] positions=908 checks=8565 fired=0 confirmed=0 reverted=0 profit=$0.00 gas=$0.0000
      Index: ETH/USD:908
   📡 [RPC Gateway] reqs=0 rps=0.0 batched=0 failovers=0 429s=0

  ┌─ STATUS [7:23:09] ─────────────────────────────────────────┐
  │ Profits: 0/5 | Total P&L: $0.00 | Phase: phase_1_cold_start
  │ Positions: 906 | Opps: found=62 exec=57 skip=5
  │ Vectors: standard_liquidation=2, preemptive_liquidation=55, new_protocol=5, undercollateralized_pool=1713
  │ Gas: 0.0347 gwei | Engine: RUNNING
  └──────────────────────────────────────────────────────────┘
   📇 Chain 1: +2 borrowers from 2322 events (total tracked: 908)
   👁️  WATCHLIST +1: HF=1.1521 debt=$6,883 chain=137 (0x4631c54ee8...)
   ⏱️  Scan #571 | Positions: 908 | Watchlist: 354 | Opps found: 62 | ETH gas: 0.0343 gwei | Vectors: 4/6 active

  ┌─ STATUS [7:24:06] ─────────────────────────────────────────┐
  │ Profits: 0/5 | Total P&L: $0.00 | Phase: phase_1_cold_start
  │ Positions: 908 | Opps: found=62 exec=57 skip=5
  │ Vectors: standard_liquidation=2, preemptive_liquidation=55, new_protocol=5, undercollateralized_pool=1716
  │ Gas: 0.0343 gwei | Engine: RUNNING
  └──────────────────────────────────────────────────────────┘

  📊 [phase_1_cold_start] 7.41h | P&L: $0.00 | Rate: $0.00/hr | TXs: 57 | Cap: $0.00 | Mult: inactive
   ⏱️  Scan #572 | Positions: 908 | Watchlist: 354 | Opps found: 62 | ETH gas: 0.0293 gwei | Vectors: 4/6 active

  ┌─ STATUS [7:25:01] ─────────────────────────────────────────┐
  │ Profits: 0/5 | Total P&L: $0.00 | Phase: phase_1_cold_start
  │ Positions: 908 | Opps: found=62 exec=57 skip=5
  │ Vectors: standard_liquidation=2, preemptive_liquidation=55, new_protocol=5, undercollateralized_pool=1719
  │ Gas: 0.0293 gwei | Engine: RUNNING
  └──────────────────────────────────────────────────────────┘
   📇 Chain 1: +1 borrowers from 2317 events (total tracked: 909)
   📡 [RPC Gateway] reqs=0 rps=0.0 batched=0 failovers=0 429s=0
   ⚡ [ZRP] positions=910 checks=8610 fired=0 confirmed=0 reverted=0 profit=$0.00 gas=$0.0000
      Index: ETH/USD:910
   ⏱️  Scan #573 | Positions: 909 | Watchlist: 354 | Opps found: 62 | ETH gas: 0.0266 gwei | Vectors: 4/6 active

  ┌─ STATUS [7:25:50] ─────────────────────────────────────────┐
  │ Profits: 0/5 | Total P&L: $0.00 | Phase: phase_1_cold_start
  │ Positions: 909 | Opps: found=62 exec=57 skip=5
  │ Vectors: standard_liquidation=2, preemptive_liquidation=55, new_protocol=5, undercollateralized_pool=1722
  │ Gas: 0.0266 gwei | Engine: RUNNING
  └──────────────────────────────────────────────────────────┘

  🔧 ADAPTIVE: No new profits in 300s
     min_profit: $0.01 → $0.01
     min_confidence: 0.01 → 0.01
     Positions tracked: 909

  📊 HEALTH FACTOR DISTRIBUTION (sampled 30 of 909):
           <1.0:   0 
       1.0-1.05:   0 
      1.05-1.10:   0 
      1.10-1.20:   2 ██
      1.20-1.50:   3 ███
          >1.50:  25 █████████████████████████
          error:   0 
     Closest to liquidation: HF=1.1210 debt=$4,547 (0xcc7373ec...)

  📊 [phase_1_cold_start] 7.44h | P&L: $0.00 | Rate: $0.00/hr | TXs: 57 | Cap: $0.00 | Mult: inactive
   📝 Queued execution 38077847... (priority 8)
   🎯 [preemptive_liquidation] chain=1 profit=$109.06 conf=6% pri=8
   📝 Queued execution 3618ddf6... (priority 8)
   🎯 [preemptive_liquidation] chain=1 profit=$103.95 conf=5% pri=8
   ⏱️  Scan #574 | Positions: 909 | Watchlist: 354 | Opps found: 64 | ETH gas: 0.0248 gwei | Vectors: 4/6 active

  ┌─ STATUS [7:26:45] ─────────────────────────────────────────┐
  │ Profits: 0/5 | Total P&L: $0.00 | Phase: phase_1_cold_start
  │ Positions: 909 | Opps: found=64 exec=59 skip=5
  │ Vectors: standard_liquidation=2, preemptive_liquidation=57, new_protocol=5, undercollateralized_pool=1725
  │ Gas: 0.0248 gwei | Engine: RUNNING
  └──────────────────────────────────────────────────────────┘
   ❌ EXEC FAILED chain=1 user=?... reason=Unknown format '', attempted to normalize to '0x'
   ✅ Execution 38077847... completed: failed
   ❌ EXEC FAILED chain=1 user=?... reason=Unknown format '', attempted to normalize to '0x'
   ✅ Execution 3618ddf6... completed: failed
   📝 Queued execution 50368c91... (priority 8)
   🎯 [preemptive_liquidation] chain=1 profit=$133.23 conf=8% pri=8
   📝 Queued execution 23b6584f... (priority 8)
   🎯 [preemptive_liquidation] chain=1 profit=$104.10 conf=5% pri=8
   ⏱️  Scan #575 | Positions: 909 | Watchlist: 354 | Opps found: 66 | ETH gas: 0.0328 gwei | Vectors: 4/6 active

  ┌─ STATUS [7:27:42] ─────────────────────────────────────────┐
  │ Profits: 0/5 | Total P&L: $0.00 | Phase: phase_1_cold_start
  │ Positions: 909 | Opps: found=66 exec=61 skip=5
  │ Vectors: standard_liquidation=2, preemptive_liquidation=59, new_protocol=5, undercollateralized_pool=1728
  │ Gas: 0.0328 gwei | Engine: RUNNING
  └──────────────────────────────────────────────────────────┘
   ❌ EXEC FAILED chain=1 user=?... reason=Unknown format '', attempted to normalize to '0x'
   ✅ Execution 50368c91... completed: failed
   ❌ EXEC FAILED chain=1 user=?... reason=Unknown format '', attempted to normalize to '0x'
   ✅ Execution 23b6584f... completed: failed

  📊 [phase_1_cold_start] 7.47h | P&L: $0.00 | Rate: $0.00/hr | TXs: 61 | Cap: $0.00 | Mult: inactive
   ⚡ [ZRP] positions=911 checks=8655 fired=0 confirmed=0 reverted=0 profit=$0.00 gas=$0.0000
      Index: ETH/USD:911
   📡 [RPC Gateway] reqs=0 rps=0.0 batched=0 failovers=0 429s=0
   ⏱️  Scan #576 | Positions: 909 | Watchlist: 354 | Opps found: 66 | ETH gas: 0.0397 gwei | Vectors: 4/6 active

  ┌─ STATUS [7:28:26] ─────────────────────────────────────────┐
  │ Profits: 0/5 | Total P&L: $0.00 | Phase: phase_1_cold_start
  │ Positions: 909 | Opps: found=66 exec=61 skip=5
  │ Vectors: standard_liquidation=2, preemptive_liquidation=59, new_protocol=5, undercollateralized_pool=1731
  │ Gas: 0.0397 gwei | Engine: RUNNING
  └──────────────────────────────────────────────────────────┘
   ⏱️  Scan #577 | Positions: 909 | Watchlist: 354 | Opps found: 66 | ETH gas: 0.0351 gwei | Vectors: 4/6 active

  ┌─ STATUS [7:29:18] ─────────────────────────────────────────┐
  │ Profits: 0/5 | Total P&L: $0.00 | Phase: phase_1_cold_start
  │ Positions: 909 | Opps: found=66 exec=61 skip=5
  │ Vectors: standard_liquidation=2, preemptive_liquidation=59, new_protocol=5, undercollateralized_pool=1734
  │ Gas: 0.0351 gwei | Engine: RUNNING
  └──────────────────────────────────────────────────────────┘
   ⚠️ SELF-HEAL: No new opportunities in 10 minutes — relaxing thresholds

  📊 [phase_1_cold_start] 7.50h | P&L: $0.00 | Rate: $0.00/hr | TXs: 61 | Cap: $0.00 | Mult: inactive
   ⏱️  Scan #578 | Positions: 909 | Watchlist: 354 | Opps found: 66 | ETH gas: 0.0455 gwei | Vectors: 4/6 active

  ┌─ STATUS [7:30:14] ─────────────────────────────────────────┐
  │ Profits: 0/5 | Total P&L: $0.00 | Phase: phase_1_cold_start
  │ Positions: 909 | Opps: found=66 exec=61 skip=5
  │ Vectors: standard_liquidation=2, preemptive_liquidation=59, new_protocol=5, undercollateralized_pool=1737
  │ Gas: 0.0455 gwei | Engine: RUNNING
  └──────────────────────────────────────────────────────────┘
   ⚡ [ZRP] positions=911 checks=8700 fired=0 confirmed=0 reverted=0 profit=$0.00 gas=$0.0000
      Index: ETH/USD:911
   📡 [RPC Gateway] reqs=0 rps=0.0 batched=0 failovers=0 429s=0
   ⏱️  Scan #579 | Positions: 909 | Watchlist: 354 | Opps found: 66 | ETH gas: 0.0420 gwei | Vectors: 4/6 active

  ┌─ STATUS [7:31:11] ─────────────────────────────────────────┐
  │ Profits: 0/5 | Total P&L: $0.00 | Phase: phase_1_cold_start
  │ Positions: 909 | Opps: found=66 exec=61 skip=5
  │ Vectors: standard_liquidation=2, preemptive_liquidation=59, new_protocol=5, undercollateralized_pool=1740
  │ Gas: 0.0420 gwei | Engine: RUNNING
  └──────────────────────────────────────────────────────────┘

  📊 [phase_1_cold_start] 7.53h | P&L: $0.00 | Rate: $0.00/hr | TXs: 61 | Cap: $0.00 | Mult: inactive
   📝 Queued execution f50618c8... (priority 8)
   🎯 [preemptive_liquidation] chain=1 profit=$104.76 conf=5% pri=8
   ⏱️  Scan #580 | Positions: 909 | Watchlist: 354 | Opps found: 67 | ETH gas: 0.0476 gwei | Vectors: 4/6 active

  🔧 ADAPTIVE: No new profits in 300s
     min_profit: $0.01 → $0.01
     min_confidence: 0.01 → 0.01
     Positions tracked: 909

  📊 HEALTH FACTOR DISTRIBUTION (sampled 30 of 909):
           <1.0:   0 
       1.0-1.05:   0 
      1.05-1.10:   0 
      1.10-1.20:   2 ██
      1.20-1.50:   3 ███
          >1.50:  25 █████████████████████████
          error:   0 
     Closest to liquidation: HF=1.1214 debt=$4,547 (0xcc7373ec...)

  ┌─ STATUS [7:32:00] ─────────────────────────────────────────┐
  │ Profits: 0/5 | Total P&L: $0.00 | Phase: phase_1_cold_start
  │ Positions: 909 | Opps: found=67 exec=62 skip=5
  │ Vectors: standard_liquidation=2, preemptive_liquidation=60, new_protocol=5, undercollateralized_pool=1743
  │ Gas: 0.0476 gwei | Engine: RUNNING
  └──────────────────────────────────────────────────────────┘
   ❌ EXEC FAILED chain=1 user=?... reason=Unknown format '', attempted to normalize to '0x'
   ✅ Execution f50618c8... completed: failed
   📇 Chain 1: +1 borrowers from 2324 events (total tracked: 910)
   ⏱️  Scan #581 | Positions: 910 | Watchlist: 354 | Opps found: 67 | ETH gas: 0.0505 gwei | Vectors: 4/6 active

  ┌─ STATUS [7:32:55] ─────────────────────────────────────────┐
  │ Profits: 0/5 | Total P&L: $0.00 | Phase: phase_1_cold_start
  │ Positions: 910 | Opps: found=67 exec=62 skip=5
  │ Vectors: standard_liquidation=2, preemptive_liquidation=60, new_protocol=5, undercollateralized_pool=1746
  │ Gas: 0.0505 gwei | Engine: RUNNING
  └──────────────────────────────────────────────────────────┘

  📊 [phase_1_cold_start] 7.56h | P&L: $0.00 | Rate: $0.00/hr | TXs: 62 | Cap: $0.00 | Mult: inactive
   📝 Queued execution 40ba33ae... (priority 8)
   🎯 [preemptive_liquidation] chain=1 profit=$105.67 conf=6% pri=8
   ⚡ [ZRP] positions=912 checks=8745 fired=0 confirmed=0 reverted=0 profit=$0.00 gas=$0.0000
      Index: ETH/USD:912
   📡 [RPC Gateway] reqs=0 rps=0.0 batched=0 failovers=0 429s=0
   ⏱️  Scan #582 | Positions: 910 | Watchlist: 354 | Opps found: 68 | ETH gas: 0.0523 gwei | Vectors: 4/6 active

  ┌─ STATUS [7:33:50] ─────────────────────────────────────────┐
  │ Profits: 0/5 | Total P&L: $0.00 | Phase: phase_1_cold_start
  │ Positions: 910 | Opps: found=68 exec=63 skip=5
  │ Vectors: standard_liquidation=2, preemptive_liquidation=61, new_protocol=5, undercollateralized_pool=1749
  │ Gas: 0.0523 gwei | Engine: RUNNING
  └──────────────────────────────────────────────────────────┘
   ❌ EXEC FAILED chain=1 user=?... reason=Unknown format '', attempted to normalize to '0x'
   ✅ Execution 40ba33ae... completed: failed
   ⏱️  Scan #583 | Positions: 910 | Watchlist: 354 | Opps found: 68 | ETH gas: 0.0518 gwei | Vectors: 4/6 active

  ┌─ STATUS [7:34:37] ─────────────────────────────────────────┐
  │ Profits: 0/5 | Total P&L: $0.00 | Phase: phase_1_cold_start
  │ Positions: 910 | Opps: found=68 exec=63 skip=5
  │ Vectors: standard_liquidation=2, preemptive_liquidation=61, new_protocol=5, undercollateralized_pool=1752
  │ Gas: 0.0518 gwei | Engine: RUNNING
  └──────────────────────────────────────────────────────────┘

  📊 [phase_1_cold_start] 7.59h | P&L: $0.00 | Rate: $0.00/hr | TXs: 63 | Cap: $0.00 | Mult: inactive
   ⏱️  Scan #584 | Positions: 910 | Watchlist: 354 | Opps found: 68 | ETH gas: 0.0507 gwei | Vectors: 4/6 active

  ┌─ STATUS [7:35:26] ─────────────────────────────────────────┐
  │ Profits: 0/5 | Total P&L: $0.00 | Phase: phase_1_cold_start
  │ Positions: 910 | Opps: found=68 exec=63 skip=5
  │ Vectors: standard_liquidation=2, preemptive_liquidation=61, new_protocol=5, undercollateralized_pool=1755
  │ Gas: 0.0507 gwei | Engine: RUNNING
  └──────────────────────────────────────────────────────────┘
   ⏱️  Scan #585 | Positions: 910 | Watchlist: 354 | Opps found: 68 | ETH gas: 0.0392 gwei | Vectors: 4/6 active
   📡 [RPC Gateway] reqs=0 rps=0.0 batched=0 failovers=0 429s=0
   ⚡ [ZRP] positions=912 checks=8790 fired=0 confirmed=0 reverted=0 profit=$0.00 gas=$0.0000
      Index: ETH/USD:912

  ┌─ STATUS [7:36:23] ─────────────────────────────────────────┐
  │ Profits: 0/5 | Total P&L: $0.00 | Phase: phase_1_cold_start
  │ Positions: 910 | Opps: found=68 exec=63 skip=5
  │ Vectors: standard_liquidation=2, preemptive_liquidation=61, new_protocol=5, undercollateralized_pool=1758
  │ Gas: 0.0392 gwei | Engine: RUNNING
  └──────────────────────────────────────────────────────────┘

  📊 [phase_1_cold_start] 7.62h | P&L: $0.00 | Rate: $0.00/hr | TXs: 63 | Cap: $0.00 | Mult: inactive
   ⏱️  Scan #586 | Positions: 910 | Watchlist: 354 | Opps found: 68 | ETH gas: 0.0401 gwei | Vectors: 4/6 active

  ┌─ STATUS [7:37:18] ─────────────────────────────────────────┐
  │ Profits: 0/5 | Total P&L: $0.00 | Phase: phase_1_cold_start
  │ Positions: 910 | Opps: found=68 exec=63 skip=5
  │ Vectors: standard_liquidation=2, preemptive_liquidation=61, new_protocol=5, undercollateralized_pool=1761
  │ Gas: 0.0401 gwei | Engine: RUNNING
  └──────────────────────────────────────────────────────────┘

  🔧 ADAPTIVE: No new profits in 300s
     min_profit: $0.01 → $0.01
     min_confidence: 0.01 → 0.01
     Positions tracked: 910

  📊 HEALTH FACTOR DISTRIBUTION (sampled 30 of 910):
           <1.0:   0 
       1.0-1.05:   0 
      1.05-1.10:   0 
      1.10-1.20:   2 ██
      1.20-1.50:   3 ███
          >1.50:  25 █████████████████████████
          error:   0 
     Closest to liquidation: HF=1.1214 debt=$4,547 (0xcc7373ec...)
   📇 Chain 137: +1 borrowers from 47 events (total tracked: 911)
   ⏱️  Scan #587 | Positions: 911 | Watchlist: 354 | Opps found: 68 | ETH gas: 0.0452 gwei | Vectors: 4/6 active

  ┌─ STATUS [7:38:10] ─────────────────────────────────────────┐
  │ Profits: 0/5 | Total P&L: $0.00 | Phase: phase_1_cold_start
  │ Positions: 911 | Opps: found=68 exec=63 skip=5
  │ Vectors: standard_liquidation=2, preemptive_liquidation=61, new_protocol=5, undercollateralized_pool=1764
  │ Gas: 0.0452 gwei | Engine: RUNNING
  └──────────────────────────────────────────────────────────┘

  📊 [phase_1_cold_start] 7.65h | P&L: $0.00 | Rate: $0.00/hr | TXs: 63 | Cap: $0.00 | Mult: inactive
   ⚡ [ZRP] positions=913 checks=8835 fired=0 confirmed=0 reverted=0 profit=$0.00 gas=$0.0000
      Index: ETH/USD:913
   📡 [RPC Gateway] reqs=0 rps=0.0 batched=0 failovers=0 429s=0
   ⏱️  Scan #588 | Positions: 911 | Watchlist: 354 | Opps found: 68 | ETH gas: 0.0409 gwei | Vectors: 4/6 active

  ┌─ STATUS [7:39:01] ─────────────────────────────────────────┐
  │ Profits: 0/5 | Total P&L: $0.00 | Phase: phase_1_cold_start
  │ Positions: 911 | Opps: found=68 exec=63 skip=5
  │ Vectors: standard_liquidation=2, preemptive_liquidation=61, new_protocol=5, undercollateralized_pool=1767
  │ Gas: 0.0409 gwei | Engine: RUNNING
  └──────────────────────────────────────────────────────────┘
   ⏱️  Scan #589 | Positions: 911 | Watchlist: 354 | Opps found: 68 | ETH gas: 0.0403 gwei | Vectors: 4/6 active

  ┌─ STATUS [7:39:58] ─────────────────────────────────────────┐
  │ Profits: 0/5 | Total P&L: $0.00 | Phase: phase_1_cold_start
  │ Positions: 911 | Opps: found=68 exec=63 skip=5
  │ Vectors: standard_liquidation=2, preemptive_liquidation=61, new_protocol=5, undercollateralized_pool=1770
  │ Gas: 0.0403 gwei | Engine: RUNNING
  └──────────────────────────────────────────────────────────┘
   ⚠️ SELF-HEAL: No new opportunities in 10 minutes — relaxing thresholds

  📊 [phase_1_cold_start] 7.68h | P&L: $0.00 | Rate: $0.00/hr | TXs: 63 | Cap: $0.00 | Mult: inactive
   ⏱️  Scan #590 | Positions: 911 | Watchlist: 354 | Opps found: 68 | ETH gas: 0.0404 gwei | Vectors: 4/6 active

  ┌─ STATUS [7:40:42] ─────────────────────────────────────────┐
  │ Profits: 0/5 | Total P&L: $0.00 | Phase: phase_1_cold_start
  │ Positions: 911 | Opps: found=68 exec=63 skip=5
  │ Vectors: standard_liquidation=2, preemptive_liquidation=61, new_protocol=5, undercollateralized_pool=1773
  │ Gas: 0.0404 gwei | Engine: RUNNING
  └──────────────────────────────────────────────────────────┘
   ⏱️  Scan #591 | Positions: 911 | Watchlist: 354 | Opps found: 68 | ETH gas: 0.0394 gwei | Vectors: 4/6 active
   📡 [RPC Gateway] reqs=0 rps=0.0 batched=0 failovers=0 429s=0
   ⚡ [ZRP] positions=913 checks=8880 fired=0 confirmed=0 reverted=0 profit=$0.00 gas=$0.0000
      Index: ETH/USD:913

  ┌─ STATUS [7:41:34] ─────────────────────────────────────────┐
  │ Profits: 0/5 | Total P&L: $0.00 | Phase: phase_1_cold_start
  │ Positions: 911 | Opps: found=68 exec=63 skip=5
  │ Vectors: standard_liquidation=2, preemptive_liquidation=61, new_protocol=5, undercollateralized_pool=1776
  │ Gas: 0.0394 gwei | Engine: RUNNING
  └──────────────────────────────────────────────────────────┘

  📊 [phase_1_cold_start] 7.70h | P&L: $0.00 | Rate: $0.00/hr | TXs: 63 | Cap: $0.00 | Mult: inactive
   ⏱️  Scan #592 | Positions: 911 | Watchlist: 354 | Opps found: 68 | ETH gas: 0.0397 gwei | Vectors: 4/6 active

  ┌─ STATUS [7:42:28] ─────────────────────────────────────────┐
  │ Profits: 0/5 | Total P&L: $0.00 | Phase: phase_1_cold_start
  │ Positions: 911 | Opps: found=68 exec=63 skip=5
  │ Vectors: standard_liquidation=2, preemptive_liquidation=61, new_protocol=5, undercollateralized_pool=1779
  │ Gas: 0.0397 gwei | Engine: RUNNING
  └──────────────────────────────────────────────────────────┘
   ⏱️  Scan #593 | Positions: 911 | Watchlist: 354 | Opps found: 68 | ETH gas: 0.0430 gwei | Vectors: 4/6 active

  🔧 ADAPTIVE: No new profits in 300s
     min_profit: $0.01 → $0.01
     min_confidence: 0.01 → 0.01
     Positions tracked: 911

  📊 HEALTH FACTOR DISTRIBUTION (sampled 30 of 911):
           <1.0:   0 
       1.0-1.05:   0 
      1.05-1.10:   0 
      1.10-1.20:   2 ██
      1.20-1.50:   3 ███
          >1.50:  25 █████████████████████████
          error:   0 
     Closest to liquidation: HF=1.1214 debt=$4,547 (0xcc7373ec...)

  ┌─ STATUS [7:43:29] ─────────────────────────────────────────┐
  │ Profits: 0/5 | Total P&L: $0.00 | Phase: phase_1_cold_start
  │ Positions: 911 | Opps: found=68 exec=63 skip=5
  │ Vectors: standard_liquidation=2, preemptive_liquidation=61, new_protocol=5, undercollateralized_pool=1782
  │ Gas: 0.0430 gwei | Engine: RUNNING
  └──────────────────────────────────────────────────────────┘

  📊 [phase_1_cold_start] 7.73h | P&L: $0.00 | Rate: $0.00/hr | TXs: 63 | Cap: $0.00 | Mult: inactive
   ⚡ [ZRP] positions=913 checks=8925 fired=0 confirmed=0 reverted=0 profit=$0.00 gas=$0.0000
      Index: ETH/USD:913
   📡 [RPC Gateway] reqs=0 rps=0.0 batched=0 failovers=0 429s=0
   ⏱️  Scan #594 | Positions: 911 | Watchlist: 354 | Opps found: 68 | ETH gas: 0.0366 gwei | Vectors: 4/6 active

  ┌─ STATUS [7:44:15] ─────────────────────────────────────────┐
  │ Profits: 0/5 | Total P&L: $0.00 | Phase: phase_1_cold_start
  │ Positions: 911 | Opps: found=68 exec=63 skip=5
  │ Vectors: standard_liquidation=2, preemptive_liquidation=61, new_protocol=5, undercollateralized_pool=1785
  │ Gas: 0.0366 gwei | Engine: RUNNING
  └──────────────────────────────────────────────────────────┘
   📝 Queued execution 6a08155d... (priority 8)
   🎯 [preemptive_liquidation] chain=1 profit=$113.36 conf=6% pri=8
   ⏱️  Scan #595 | Positions: 911 | Watchlist: 351 | Opps found: 69 | ETH gas: 0.0343 gwei | Vectors: 4/6 active

  ┌─ STATUS [7:45:11] ─────────────────────────────────────────┐
  │ Profits: 0/5 | Total P&L: $0.00 | Phase: phase_1_cold_start
  │ Positions: 911 | Opps: found=69 exec=64 skip=5
  │ Vectors: standard_liquidation=2, preemptive_liquidation=62, new_protocol=5, undercollateralized_pool=1788
  │ Gas: 0.0343 gwei | Engine: RUNNING
  └──────────────────────────────────────────────────────────┘
   ❌ EXEC FAILED chain=1 user=?... reason=Unknown format '', attempted to normalize to '0x'
   ✅ Execution 6a08155d... completed: failed

  📊 [phase_1_cold_start] 7.76h | P&L: $0.00 | Rate: $0.00/hr | TXs: 64 | Cap: $0.00 | Mult: inactive
   ⏱️  Scan #596 | Positions: 911 | Watchlist: 351 | Opps found: 69 | ETH gas: 0.0282 gwei | Vectors: 4/6 active

  ┌─ STATUS [7:46:05] ─────────────────────────────────────────┐
  │ Profits: 0/5 | Total P&L: $0.00 | Phase: phase_1_cold_start
  │ Positions: 911 | Opps: found=69 exec=64 skip=5
  │ Vectors: standard_liquidation=2, preemptive_liquidation=62, new_protocol=5, undercollateralized_pool=1791
  │ Gas: 0.0282 gwei | Engine: RUNNING
  └──────────────────────────────────────────────────────────┘
   📇 Chain 137: +1 borrowers from 47 events (total tracked: 912)
   👁️  WATCHLIST +1: HF=1.1633 debt=$31,749 chain=137 (0x37b1f97242...)
   ⚡ [ZRP] positions=914 checks=8970 fired=0 confirmed=0 reverted=0 profit=$0.00 gas=$0.0000
      Index: ETH/USD:914
   📡 [RPC Gateway] reqs=0 rps=0.0 batched=0 failovers=0 429s=0
   ⏱️  Scan #597 | Positions: 912 | Watchlist: 352 | Opps found: 69 | ETH gas: 0.0349 gwei | Vectors: 4/6 active

  ┌─ STATUS [7:46:49] ─────────────────────────────────────────┐
  │ Profits: 0/5 | Total P&L: $0.00 | Phase: phase_1_cold_start
  │ Positions: 912 | Opps: found=69 exec=64 skip=5
  │ Vectors: standard_liquidation=2, preemptive_liquidation=62, new_protocol=5, undercollateralized_pool=1794
  │ Gas: 0.0349 gwei | Engine: RUNNING
  └──────────────────────────────────────────────────────────┘

  📊 [phase_1_cold_start] 7.79h | P&L: $0.00 | Rate: $0.00/hr | TXs: 64 | Cap: $0.00 | Mult: inactive
   ⏱️  Scan #598 | Positions: 912 | Watchlist: 352 | Opps found: 69 | ETH gas: 0.0367 gwei | Vectors: 4/6 active

  ┌─ STATUS [7:47:36] ─────────────────────────────────────────┐
  │ Profits: 0/5 | Total P&L: $0.00 | Phase: phase_1_cold_start
  │ Positions: 912 | Opps: found=69 exec=64 skip=5
  │ Vectors: standard_liquidation=2, preemptive_liquidation=62, new_protocol=5, undercollateralized_pool=1797
  │ Gas: 0.0367 gwei | Engine: RUNNING
  └──────────────────────────────────────────────────────────┘
   📇 Chain 1: +1 borrowers from 2316 events (total tracked: 913)
   📝 Queued execution a5933f6b... (priority 8)
   🎯 [preemptive_liquidation] chain=1 profit=$104.02 conf=5% pri=8
   ⏱️  Scan #599 | Positions: 913 | Watchlist: 352 | Opps found: 70 | ETH gas: 0.0315 gwei | Vectors: 4/6 active

  ┌─ STATUS [7:48:33] ─────────────────────────────────────────┐
  │ Profits: 0/5 | Total P&L: $0.00 | Phase: phase_1_cold_start
  │ Positions: 913 | Opps: found=70 exec=65 skip=5
  │ Vectors: standard_liquidation=2, preemptive_liquidation=63, new_protocol=5, undercollateralized_pool=1800
  │ Gas: 0.0315 gwei | Engine: RUNNING
  └──────────────────────────────────────────────────────────┘
   ❌ EXEC FAILED chain=1 user=?... reason=Unknown format '', attempted to normalize to '0x'
   ✅ Execution a5933f6b... completed: failed

  📊 [phase_1_cold_start] 7.82h | P&L: $0.00 | Rate: $0.00/hr | TXs: 65 | Cap: $0.00 | Mult: inactive

  🔧 ADAPTIVE: No new profits in 300s
     min_profit: $0.01 → $0.01
     min_confidence: 0.01 → 0.01
     Positions tracked: 913

  📊 HEALTH FACTOR DISTRIBUTION (sampled 30 of 913):
           <1.0:   0 
       1.0-1.05:   0 
      1.05-1.10:   0 
      1.10-1.20:   2 ██
      1.20-1.50:   3 ███
          >1.50:  25 █████████████████████████
          error:   0 
     Closest to liquidation: HF=1.1212 debt=$4,547 (0xcc7373ec...)
   📡 [RPC Gateway] reqs=0 rps=0.0 batched=0 failovers=0 429s=0
   ⚡ [ZRP] positions=915 checks=9015 fired=0 confirmed=0 reverted=0 profit=$0.00 gas=$0.0000
      Index: ETH/USD:915
   ⏱️  Scan #600 | Positions: 913 | Watchlist: 352 | Opps found: 70 | ETH gas: 0.0288 gwei | Vectors: 4/6 active

  ┌─ STATUS [7:49:31] ─────────────────────────────────────────┐
  │ Profits: 0/5 | Total P&L: $0.00 | Phase: phase_1_cold_start
  │ Positions: 913 | Opps: found=70 exec=65 skip=5
  │ Vectors: standard_liquidation=2, preemptive_liquidation=63, new_protocol=5, undercollateralized_pool=1803
  │ Gas: 0.0288 gwei | Engine: RUNNING
  └──────────────────────────────────────────────────────────┘
   ⏱️  Scan #601 | Positions: 913 | Watchlist: 355 | Opps found: 70 | ETH gas: 0.0333 gwei | Vectors: 4/6 active

  ┌─ STATUS [7:50:19] ─────────────────────────────────────────┐
  │ Profits: 0/5 | Total P&L: $0.00 | Phase: phase_1_cold_start
  │ Positions: 913 | Opps: found=70 exec=65 skip=5
  │ Vectors: standard_liquidation=2, preemptive_liquidation=63, new_protocol=5, undercollateralized_pool=1806
  │ Gas: 0.0333 gwei | Engine: RUNNING
  └──────────────────────────────────────────────────────────┘

  📊 [phase_1_cold_start] 7.85h | P&L: $0.00 | Rate: $0.00/hr | TXs: 65 | Cap: $0.00 | Mult: inactive
   ⚠️ SELF-HEAL: No new opportunities in 10 minutes — relaxing thresholds
   📝 Queued execution d4c07682... (priority 8)
   🎯 [preemptive_liquidation] chain=1 profit=$100.91 conf=5% pri=8
   ⏱️  Scan #602 | Positions: 913 | Watchlist: 355 | Opps found: 71 | ETH gas: 0.0368 gwei | Vectors: 4/6 active

  ┌─ STATUS [7:51:12] ─────────────────────────────────────────┐
  │ Profits: 0/5 | Total P&L: $0.00 | Phase: phase_1_cold_start
  │ Positions: 913 | Opps: found=71 exec=66 skip=5
  │ Vectors: standard_liquidation=2, preemptive_liquidation=64, new_protocol=5, undercollateralized_pool=1809
  │ Gas: 0.0368 gwei | Engine: RUNNING
  └──────────────────────────────────────────────────────────┘
   ❌ EXEC FAILED chain=1 user=?... reason=Unknown format '', attempted to normalize to '0x'
   ✅ Execution d4c07682... completed: failed
   📝 Queued execution 73ae60a4... (priority 8)
   🎯 [preemptive_liquidation] chain=1 profit=$100.46 conf=5% pri=8
   📝 Queued execution 675ae8aa... (priority 8)
   🎯 [preemptive_liquidation] chain=1 profit=$110.41 conf=6% pri=8
   ⏱️  Scan #603 | Positions: 913 | Watchlist: 356 | Opps found: 73 | ETH gas: 0.0388 gwei | Vectors: 4/6 active
   ⚡ [ZRP] positions=915 checks=9060 fired=0 confirmed=0 reverted=0 profit=$0.00 gas=$0.0000
      Index: ETH/USD:915
   📡 [RPC Gateway] reqs=0 rps=0.0 batched=0 failovers=0 429s=0

  ┌─ STATUS [7:52:07] ─────────────────────────────────────────┐
  │ Profits: 0/5 | Total P&L: $0.00 | Phase: phase_1_cold_start
  │ Positions: 913 | Opps: found=73 exec=68 skip=5
  │ Vectors: standard_liquidation=2, preemptive_liquidation=66, new_protocol=5, undercollateralized_pool=1812
  │ Gas: 0.0388 gwei | Engine: RUNNING
  └──────────────────────────────────────────────────────────┘
   ❌ EXEC FAILED chain=1 user=?... reason=Unknown format '', attempted to normalize to '0x'
   ✅ Execution 73ae60a4... completed: failed
   ❌ EXEC FAILED chain=1 user=?... reason=Unknown format '', attempted to normalize to '0x'
   ✅ Execution 675ae8aa... completed: failed

  📊 [phase_1_cold_start] 7.88h | P&L: $0.00 | Rate: $0.00/hr | TXs: 68 | Cap: $0.00 | Mult: inactive
   📝 Queued execution 65b4ef26... (priority 8)
   🎯 [preemptive_liquidation] chain=1 profit=$109.80 conf=6% pri=8
   ⏱️  Scan #604 | Positions: 913 | Watchlist: 356 | Opps found: 74 | ETH gas: 0.0370 gwei | Vectors: 4/6 active

  ┌─ STATUS [7:52:53] ─────────────────────────────────────────┐
  │ Profits: 0/5 | Total P&L: $0.00 | Phase: phase_1_cold_start
  │ Positions: 913 | Opps: found=74 exec=69 skip=5
  │ Vectors: standard_liquidation=2, preemptive_liquidation=67, new_protocol=5, undercollateralized_pool=1815
  │ Gas: 0.0370 gwei | Engine: RUNNING
  └──────────────────────────────────────────────────────────┘
   ❌ EXEC FAILED chain=1 user=?... reason=Unknown format '', attempted to normalize to '0x'
   ✅ Execution 65b4ef26... completed: failed
   📇 Chain 1: +1 borrowers from 2317 events (total tracked: 914)
   ⏱️  Scan #605 | Positions: 914 | Watchlist: 356 | Opps found: 74 | ETH gas: 0.0522 gwei | Vectors: 4/6 active

  ┌─ STATUS [7:53:46] ─────────────────────────────────────────┐
  │ Profits: 0/5 | Total P&L: $0.00 | Phase: phase_1_cold_start
  │ Positions: 914 | Opps: found=74 exec=69 skip=5
  │ Vectors: standard_liquidation=2, preemptive_liquidation=67, new_protocol=5, undercollateralized_pool=1818
  │ Gas: 0.0522 gwei | Engine: RUNNING
  └──────────────────────────────────────────────────────────┘

  📊 [phase_1_cold_start] 7.91h | P&L: $0.00 | Rate: $0.00/hr | TXs: 69 | Cap: $0.00 | Mult: inactive
   ⏱️  Scan #606 | Positions: 914 | Watchlist: 355 | Opps found: 74 | ETH gas: 0.0634 gwei | Vectors: 4/6 active
   ⚡ [ZRP] positions=916 checks=9105 fired=0 confirmed=0 reverted=0 profit=$0.00 gas=$0.0000
      Index: ETH/USD:916
   📡 [RPC Gateway] reqs=0 rps=0.0 batched=0 failovers=0 429s=0

  🔧 ADAPTIVE: No new profits in 300s
     min_profit: $0.01 → $0.01
     min_confidence: 0.01 → 0.01
     Positions tracked: 914

  📊 HEALTH FACTOR DISTRIBUTION (sampled 30 of 914):
           <1.0:   0 
       1.0-1.05:   0 
      1.05-1.10:   0 
      1.10-1.20:   2 ██
      1.20-1.50:   3 ███
          >1.50:  25 █████████████████████████
          error:   0 
     Closest to liquidation: HF=1.1363 debt=$4,547 (0xcc7373ec...)

  ┌─ STATUS [7:54:44] ─────────────────────────────────────────┐
  │ Profits: 0/5 | Total P&L: $0.00 | Phase: phase_1_cold_start
  │ Positions: 914 | Opps: found=74 exec=69 skip=5
  │ Vectors: standard_liquidation=2, preemptive_liquidation=67, new_protocol=5, undercollateralized_pool=1821
  │ Gas: 0.0634 gwei | Engine: RUNNING
  └──────────────────────────────────────────────────────────┘
   ⏱️  Scan #607 | Positions: 914 | Watchlist: 356 | Opps found: 74 | ETH gas: 0.0642 gwei | Vectors: 4/6 active

  ┌─ STATUS [7:55:30] ─────────────────────────────────────────┐
  │ Profits: 0/5 | Total P&L: $0.00 | Phase: phase_1_cold_start
  │ Positions: 914 | Opps: found=74 exec=69 skip=5
  │ Vectors: standard_liquidation=2, preemptive_liquidation=67, new_protocol=5, undercollateralized_pool=1824
  │ Gas: 0.0642 gwei | Engine: RUNNING
  └──────────────────────────────────────────────────────────┘

  📊 [phase_1_cold_start] 7.93h | P&L: $0.00 | Rate: $0.00/hr | TXs: 69 | Cap: $0.00 | Mult: inactive
   ⏱️  Scan #608 | Positions: 914 | Watchlist: 354 | Opps found: 74 | ETH gas: 0.0765 gwei | Vectors: 4/6 active

  ┌─ STATUS [7:56:19] ─────────────────────────────────────────┐
  │ Profits: 0/5 | Total P&L: $0.00 | Phase: phase_1_cold_start
  │ Positions: 914 | Opps: found=74 exec=69 skip=5
  │ Vectors: standard_liquidation=2, preemptive_liquidation=67, new_protocol=5, undercollateralized_pool=1827
  │ Gas: 0.0765 gwei | Engine: RUNNING
  └──────────────────────────────────────────────────────────┘
   📇 Chain 1: +2 borrowers from 2324 events (total tracked: 916)
   ⏱️  Scan #609 | Positions: 916 | Watchlist: 354 | Opps found: 74 | ETH gas: 0.0758 gwei | Vectors: 4/6 active
   📡 [RPC Gateway] reqs=0 rps=0.0 batched=0 failovers=0 429s=0
   ⚡ [ZRP] positions=916 checks=9150 fired=0 confirmed=0 reverted=0 profit=$0.00 gas=$0.0000
      Index: ETH/USD:916

  ┌─ STATUS [7:57:16] ─────────────────────────────────────────┐
  │ Profits: 0/5 | Total P&L: $0.00 | Phase: phase_1_cold_start
  │ Positions: 916 | Opps: found=74 exec=69 skip=5
  │ Vectors: standard_liquidation=2, preemptive_liquidation=67, new_protocol=5, undercollateralized_pool=1830
  │ Gas: 0.0758 gwei | Engine: RUNNING
  └──────────────────────────────────────────────────────────┘

  📊 [phase_1_cold_start] 7.96h | P&L: $0.00 | Rate: $0.00/hr | TXs: 69 | Cap: $0.00 | Mult: inactive
   ⏱️  Scan #610 | Positions: 916 | Watchlist: 354 | Opps found: 74 | ETH gas: 0.0735 gwei | Vectors: 4/6 active

  ┌─ STATUS [7:58:11] ─────────────────────────────────────────┐
  │ Profits: 0/5 | Total P&L: $0.00 | Phase: phase_1_cold_start
  │ Positions: 916 | Opps: found=74 exec=69 skip=5
  │ Vectors: standard_liquidation=2, preemptive_liquidation=67, new_protocol=5, undercollateralized_pool=1833
  │ Gas: 0.0735 gwei | Engine: RUNNING
  └──────────────────────────────────────────────────────────┘
   ⏱️  Scan #611 | Positions: 916 | Watchlist: 354 | Opps found: 74 | ETH gas: 0.0711 gwei | Vectors: 4/6 active

  ┌─ STATUS [7:59:01] ─────────────────────────────────────────┐
  │ Profits: 0/5 | Total P&L: $0.00 | Phase: phase_1_cold_start
  │ Positions: 916 | Opps: found=74 exec=69 skip=5
  │ Vectors: standard_liquidation=2, preemptive_liquidation=67, new_protocol=5, undercollateralized_pool=1836
  │ Gas: 0.0711 gwei | Engine: RUNNING
  └──────────────────────────────────────────────────────────┘

  📊 [phase_1_cold_start] 7.99h | P&L: $0.00 | Rate: $0.00/hr | TXs: 69 | Cap: $0.00 | Mult: inactive
   ⏱️  Scan #612 | Positions: 916 | Watchlist: 354 | Opps found: 74 | ETH gas: 0.0619 gwei | Vectors: 4/6 active
   ⚡ [ZRP] positions=918 checks=9195 fired=0 confirmed=0 reverted=0 profit=$0.00 gas=$0.0000
      Index: ETH/USD:918
   📡 [RPC Gateway] reqs=0 rps=0.0 batched=0 failovers=0 429s=0

  ┌─ STATUS [7:59:54] ─────────────────────────────────────────┐
  │ Profits: 0/5 | Total P&L: $0.00 | Phase: phase_1_cold_start
  │ Positions: 916 | Opps: found=74 exec=69 skip=5
  │ Vectors: standard_liquidation=2, preemptive_liquidation=67, new_protocol=5, undercollateralized_pool=1839
  │ Gas: 0.0619 gwei | Engine: RUNNING
  └──────────────────────────────────────────────────────────┘

  🔧 ADAPTIVE: No new profits in 300s
     min_profit: $0.01 → $0.01
     min_confidence: 0.01 → 0.01
     Positions tracked: 916

  📊 HEALTH FACTOR DISTRIBUTION (sampled 30 of 916):
           <1.0:   0 
       1.0-1.05:   0 
      1.05-1.10:   0 
      1.10-1.20:   2 ██
      1.20-1.50:   3 ███
          >1.50:  25 █████████████████████████
          error:   0 
     Closest to liquidation: HF=1.1299 debt=$4,547 (0xcc7373ec...)
   📇 Chain 1: +2 borrowers from 2328 events (total tracked: 918)
   📝 Queued execution 541fcc2f... (priority 8)
   🎯 [preemptive_liquidation] chain=1 profit=$100.68 conf=5% pri=8
   ⏱️  Scan #613 | Positions: 918 | Watchlist: 354 | Opps found: 75 | ETH gas: 0.0738 gwei | Vectors: 4/6 active

  ┌─ STATUS [8:00:55] ─────────────────────────────────────────┐
  │ Profits: 0/5 | Total P&L: $0.00 | Phase: phase_1_cold_start
  │ Positions: 918 | Opps: found=75 exec=70 skip=5
  │ Vectors: standard_liquidation=2, preemptive_liquidation=68, new_protocol=5, undercollateralized_pool=1842
  │ Gas: 0.0738 gwei | Engine: RUNNING
  └──────────────────────────────────────────────────────────┘
   ❌ EXEC FAILED chain=1 user=?... reason=Unknown format '', attempted to normalize to '0x'
   ✅ Execution 541fcc2f... completed: failed

  📊 [phase_1_cold_start] 8.02h | P&L: $0.00 | Rate: $0.00/hr | TXs: 70 | Cap: $0.00 | Mult: inactive
   ⏱️  Scan #614 | Positions: 918 | Watchlist: 354 | Opps found: 75 | ETH gas: 0.0689 gwei | Vectors: 4/6 active

  ┌─ STATUS [8:01:41] ─────────────────────────────────────────┐
  │ Profits: 0/5 | Total P&L: $0.00 | Phase: phase_1_cold_start
  │ Positions: 918 | Opps: found=75 exec=70 skip=5
  │ Vectors: standard_liquidation=2, preemptive_liquidation=68, new_protocol=5, undercollateralized_pool=1845
  │ Gas: 0.0689 gwei | Engine: RUNNING
  └──────────────────────────────────────────────────────────┘
   📇 Chain 137: +1 borrowers from 47 events (total tracked: 919)
   ⚡ [ZRP] positions=921 checks=9240 fired=0 confirmed=0 reverted=0 profit=$0.00 gas=$0.0000
      Index: ETH/USD:921
   📡 [RPC Gateway] reqs=0 rps=0.0 batched=0 failovers=0 429s=0
   ⏱️  Scan #615 | Positions: 919 | Watchlist: 355 | Opps found: 75 | ETH gas: 0.0762 gwei | Vectors: 4/6 active

  ┌─ STATUS [8:02:34] ─────────────────────────────────────────┐
  │ Profits: 0/5 | Total P&L: $0.00 | Phase: phase_1_cold_start
  │ Positions: 919 | Opps: found=75 exec=70 skip=5
  │ Vectors: standard_liquidation=2, preemptive_liquidation=68, new_protocol=5, undercollateralized_pool=1848
  │ Gas: 0.0762 gwei | Engine: RUNNING
  └──────────────────────────────────────────────────────────┘

  📊 [phase_1_cold_start] 8.05h | P&L: $0.00 | Rate: $0.00/hr | TXs: 70 | Cap: $0.00 | Mult: inactive
   ⚠️ SELF-HEAL: No new opportunities in 10 minutes — relaxing thresholds
   ⏱️  Scan #616 | Positions: 919 | Watchlist: 355 | Opps found: 75 | ETH gas: 0.0801 gwei | Vectors: 4/6 active

  ┌─ STATUS [8:03:29] ─────────────────────────────────────────┐
  │ Profits: 0/5 | Total P&L: $0.00 | Phase: phase_1_cold_start
  │ Positions: 919 | Opps: found=75 exec=70 skip=5
  │ Vectors: standard_liquidation=2, preemptive_liquidation=68, new_protocol=5, undercollateralized_pool=1851
  │ Gas: 0.0801 gwei | Engine: RUNNING
  └──────────────────────────────────────────────────────────┘
   ⏱️  Scan #617 | Positions: 919 | Watchlist: 355 | Opps found: 75 | ETH gas: 0.0748 gwei | Vectors: 4/6 active

  ┌─ STATUS [8:04:15] ─────────────────────────────────────────┐
  │ Profits: 0/5 | Total P&L: $0.00 | Phase: phase_1_cold_start
  │ Positions: 919 | Opps: found=75 exec=70 skip=5
  │ Vectors: standard_liquidation=2, preemptive_liquidation=68, new_protocol=5, undercollateralized_pool=1854
  │ Gas: 0.0748 gwei | Engine: RUNNING
  └──────────────────────────────────────────────────────────┘

  📊 [phase_1_cold_start] 8.08h | P&L: $0.00 | Rate: $0.00/hr | TXs: 70 | Cap: $0.00 | Mult: inactive
Circuit OPEN: alchemy_1_7883 (5 consecutive failures, recovery in 30.0s)
   ⏱️  Scan #618 | Positions: 919 | Watchlist: 355 | Opps found: 75 | ETH gas: 0.0609 gwei | Vectors: 4/6 active
   📡 [RPC Gateway] reqs=0 rps=0.0 batched=0 failovers=0 429s=0
   ⚡ [ZRP] positions=921 checks=9285 fired=0 confirmed=0 reverted=0 profit=$0.00 gas=$0.0000
      Index: ETH/USD:921

  ┌─ STATUS [8:05:04] ─────────────────────────────────────────┐
  │ Profits: 0/5 | Total P&L: $0.00 | Phase: phase_1_cold_start
  │ Positions: 919 | Opps: found=75 exec=70 skip=5
  │ Vectors: standard_liquidation=2, preemptive_liquidation=68, new_protocol=5, undercollateralized_pool=1857
  │ Gas: 0.0609 gwei | Engine: RUNNING
  └──────────────────────────────────────────────────────────┘
   ⏱️  Scan #619 | Positions: 919 | Watchlist: 355 | Opps found: 75 | ETH gas: 0.0436 gwei | Vectors: 4/6 active

  🔧 ADAPTIVE: No new profits in 300s
     min_profit: $0.01 → $0.01
     min_confidence: 0.01 → 0.01
     Positions tracked: 919

  📊 HEALTH FACTOR DISTRIBUTION (sampled 30 of 919):
           <1.0:   0 
       1.0-1.05:   0 
      1.05-1.10:   0 
      1.10-1.20:   2 ██
      1.20-1.50:   3 ███
          >1.50:  25 █████████████████████████
          error:   0 
     Closest to liquidation: HF=1.1299 debt=$4,547 (0xcc7373ec...)

  ┌─ STATUS [8:06:05] ─────────────────────────────────────────┐
  │ Profits: 0/5 | Total P&L: $0.00 | Phase: phase_1_cold_start
  │ Positions: 919 | Opps: found=75 exec=70 skip=5
  │ Vectors: standard_liquidation=2, preemptive_liquidation=68, new_protocol=5, undercollateralized_pool=1860
  │ Gas: 0.0436 gwei | Engine: RUNNING
  └──────────────────────────────────────────────────────────┘
Circuit OPEN: public_1_6186 (5 consecutive failures, recovery in 30.0s)

  📊 [phase_1_cold_start] 8.11h | P&L: $0.00 | Rate: $0.00/hr | TXs: 70 | Cap: $0.00 | Mult: inactive
Circuit OPEN: public_1_9801 (5 consecutive failures, recovery in 30.0s)
   📝 Queued execution 65abd771... (priority 8)
   🎯 [preemptive_liquidation] chain=1 profit=$101.18 conf=5% pri=8
   📝 Queued execution 0e57d4b2... (priority 8)
   🎯 [preemptive_liquidation] chain=1 profit=$113.44 conf=6% pri=8
   ⏱️  Scan #620 | Positions: 919 | Watchlist: 355 | Opps found: 77 | ETH gas: 0.0525 gwei | Vectors: 4/6 active

  ┌─ STATUS [8:07:02] ─────────────────────────────────────────┐
  │ Profits: 0/5 | Total P&L: $0.00 | Phase: phase_1_cold_start
  │ Positions: 919 | Opps: found=77 exec=72 skip=5
  │ Vectors: standard_liquidation=2, preemptive_liquidation=70, new_protocol=5, undercollateralized_pool=1863
  │ Gas: 0.0525 gwei | Engine: RUNNING
  └──────────────────────────────────────────────────────────┘
   ❌ EXEC FAILED chain=1 user=?... reason=Unknown format '', attempted to normalize to '0x'
   ✅ Execution 65abd771... completed: failed
   ❌ EXEC FAILED chain=1 user=?... reason=Unknown format '', attempted to normalize to '0x'
   ✅ Execution 0e57d4b2... completed: failed
   📇 Chain 137: +1 borrowers from 47 events (total tracked: 920)
   👁️  WATCHLIST +1: HF=1.1277 debt=$5,872,933 chain=1 (0xae3279da7e...)
   👁️  WATCHLIST +1: HF=1.1851 debt=$2,195,107 chain=1 (0xb554b9856d...)
Circuit OPEN: public_1_6668 (5 consecutive failures, recovery in 30.0s)
   ⚡ [ZRP] positions=921 checks=9330 fired=0 confirmed=0 reverted=0 profit=$0.00 gas=$0.0000
      Index: ETH/USD:921
   📡 [RPC Gateway] reqs=0 rps=0.0 batched=0 failovers=0 429s=0
   ⏱️  Scan #621 | Positions: 920 | Watchlist: 358 | Opps found: 77 | ETH gas: 0.0501 gwei | Vectors: 4/6 active

  ┌─ STATUS [8:07:47] ─────────────────────────────────────────┐
  │ Profits: 0/5 | Total P&L: $0.00 | Phase: phase_1_cold_start
  │ Positions: 920 | Opps: found=77 exec=72 skip=5
  │ Vectors: standard_liquidation=2, preemptive_liquidation=70, new_protocol=5, undercollateralized_pool=1866
  │ Gas: 0.0501 gwei | Engine: RUNNING
  └──────────────────────────────────────────────────────────┘

  📊 [phase_1_cold_start] 8.14h | P&L: $0.00 | Rate: $0.00/hr | TXs: 72 | Cap: $0.00 | Mult: inactive
   ⏱️  Scan #622 | Positions: 920 | Watchlist: 358 | Opps found: 77 | ETH gas: 0.0549 gwei | Vectors: 4/6 active

  ┌─ STATUS [8:08:37] ─────────────────────────────────────────┐
  │ Profits: 0/5 | Total P&L: $0.00 | Phase: phase_1_cold_start
  │ Positions: 920 | Opps: found=77 exec=72 skip=5
  │ Vectors: standard_liquidation=2, preemptive_liquidation=70, new_protocol=5, undercollateralized_pool=1869
  │ Gas: 0.0549 gwei | Engine: RUNNING
  └──────────────────────────────────────────────────────────┘
Circuit OPEN: flashbots_1_9328 (5 consecutive failures, recovery in 30.0s)
   📇 Chain 1: +2 borrowers from 2319 events (total tracked: 922)
Circuit OPEN: alchemy_42161_6649 (5 consecutive failures, recovery in 30.0s)
   ⏱️  Scan #623 | Positions: 922 | Watchlist: 358 | Opps found: 77 | ETH gas: 0.0507 gwei | Vectors: 4/6 active

  ┌─ STATUS [8:09:35] ─────────────────────────────────────────┐
  │ Profits: 0/5 | Total P&L: $0.00 | Phase: phase_1_cold_start
  │ Positions: 922 | Opps: found=77 exec=72 skip=5
  │ Vectors: standard_liquidation=2, preemptive_liquidation=70, new_protocol=5, undercollateralized_pool=1872
  │ Gas: 0.0507 gwei | Engine: RUNNING
  └──────────────────────────────────────────────────────────┘

  📊 [phase_1_cold_start] 8.17h | P&L: $0.00 | Rate: $0.00/hr | TXs: 72 | Cap: $0.00 | Mult: inactive
   📡 [RPC Gateway] reqs=0 rps=0.0 batched=0 failovers=0 429s=0
   ⚡ [ZRP] positions=924 checks=9375 fired=0 confirmed=0 reverted=0 profit=$0.00 gas=$0.0000
      Index: ETH/USD:924
   ⏱️  Scan #624 | Positions: 922 | Watchlist: 358 | Opps found: 77 | ETH gas: 0.0482 gwei | Vectors: 4/6 active

  ┌─ STATUS [8:10:18] ─────────────────────────────────────────┐
  │ Profits: 0/5 | Total P&L: $0.00 | Phase: phase_1_cold_start
  │ Positions: 922 | Opps: found=77 exec=72 skip=5
  │ Vectors: standard_liquidation=2, preemptive_liquidation=70, new_protocol=5, undercollateralized_pool=1875
  │ Gas: 0.0482 gwei | Engine: RUNNING
  └──────────────────────────────────────────────────────────┘
Circuit OPEN: public_42161_9877 (5 consecutive failures, recovery in 30.0s)
Circuit OPEN: public_42161_8112 (5 consecutive failures, recovery in 30.0s)
   ⏱️  Scan #625 | Positions: 922 | Watchlist: 361 | Opps found: 77 | ETH gas: 0.0418 gwei | Vectors: 4/6 active

  ┌─ STATUS [8:11:07] ─────────────────────────────────────────┐
  │ Profits: 0/5 | Total P&L: $0.00 | Phase: phase_1_cold_start
  │ Positions: 922 | Opps: found=77 exec=72 skip=5
  │ Vectors: standard_liquidation=2, preemptive_liquidation=70, new_protocol=5, undercollateralized_pool=1878
  │ Gas: 0.0418 gwei | Engine: RUNNING
  └──────────────────────────────────────────────────────────┘

  🔧 ADAPTIVE: No new profits in 300s
     min_profit: $0.01 → $0.01
     min_confidence: 0.01 → 0.01
     Positions tracked: 922

  📊 HEALTH FACTOR DISTRIBUTION (sampled 30 of 922):
           <1.0:   0 
       1.0-1.05:   0 
      1.05-1.10:   0 
      1.10-1.20:   2 ██
      1.20-1.50:   3 ███
          >1.50:  25 █████████████████████████
          error:   0 
     Closest to liquidation: HF=1.1243 debt=$4,547 (0xcc7373ec...)

  📊 [phase_1_cold_start] 8.20h | P&L: $0.00 | Rate: $0.00/hr | TXs: 72 | Cap: $0.00 | Mult: inactive
Circuit OPEN: alchemy_10_4817 (5 consecutive failures, recovery in 30.0s)
   ⏱️  Scan #626 | Positions: 922 | Watchlist: 360 | Opps found: 77 | ETH gas: 0.0480 gwei | Vectors: 4/6 active

  ┌─ STATUS [8:12:05] ─────────────────────────────────────────┐
  │ Profits: 0/5 | Total P&L: $0.00 | Phase: phase_1_cold_start
  │ Positions: 922 | Opps: found=77 exec=72 skip=5
  │ Vectors: standard_liquidation=2, preemptive_liquidation=70, new_protocol=5, undercollateralized_pool=1881
  │ Gas: 0.0480 gwei | Engine: RUNNING
  └──────────────────────────────────────────────────────────┘
   📇 Chain 1: +1 borrowers from 2317 events (total tracked: 923)
   📡 [RPC Gateway] reqs=0 rps=0.0 batched=0 failovers=0 429s=0
   ⚡ [ZRP] positions=925 checks=9420 fired=0 confirmed=0 reverted=0 profit=$0.00 gas=$0.0000
      Index: ETH/USD:925
   ⏱️  Scan #627 | Positions: 923 | Watchlist: 360 | Opps found: 77 | ETH gas: 0.0433 gwei | Vectors: 4/6 active

  ┌─ STATUS [8:13:04] ─────────────────────────────────────────┐
  │ Profits: 0/5 | Total P&L: $0.00 | Phase: phase_1_cold_start
  │ Positions: 923 | Opps: found=77 exec=72 skip=5
  │ Vectors: standard_liquidation=2, preemptive_liquidation=70, new_protocol=5, undercollateralized_pool=1884
  │ Gas: 0.0433 gwei | Engine: RUNNING
  └──────────────────────────────────────────────────────────┘
Circuit OPEN: public_10_4846 (5 consecutive failures, recovery in 30.0s)

  📊 [phase_1_cold_start] 8.23h | P&L: $0.00 | Rate: $0.00/hr | TXs: 72 | Cap: $0.00 | Mult: inactive
   ⚠️ SELF-HEAL: No new opportunities in 10 minutes — relaxing thresholds
   ⏱️  Scan #628 | Positions: 923 | Watchlist: 360 | Opps found: 77 | ETH gas: 0.0423 gwei | Vectors: 4/6 active

  ┌─ STATUS [8:13:52] ─────────────────────────────────────────┐
  │ Profits: 0/5 | Total P&L: $0.00 | Phase: phase_1_cold_start
  │ Positions: 923 | Opps: found=77 exec=72 skip=5
  │ Vectors: standard_liquidation=2, preemptive_liquidation=70, new_protocol=5, undercollateralized_pool=1887
  │ Gas: 0.0423 gwei | Engine: RUNNING
  └──────────────────────────────────────────────────────────┘
Circuit OPEN: public_10_6325 (5 consecutive failures, recovery in 30.0s)
   👁️  WATCHLIST +1: HF=1.1529 debt=$8,073 chain=1 (0x81ec2081df...)
   ⏱️  Scan #629 | Positions: 923 | Watchlist: 361 | Opps found: 77 | ETH gas: 0.0367 gwei | Vectors: 4/6 active

  ┌─ STATUS [8:14:50] ─────────────────────────────────────────┐
  │ Profits: 0/5 | Total P&L: $0.00 | Phase: phase_1_cold_start
  │ Positions: 923 | Opps: found=77 exec=72 skip=5
  │ Vectors: standard_liquidation=2, preemptive_liquidation=70, new_protocol=5, undercollateralized_pool=1890
  │ Gas: 0.0367 gwei | Engine: RUNNING
  └──────────────────────────────────────────────────────────┘

  📊 [phase_1_cold_start] 8.26h | P&L: $0.00 | Rate: $0.00/hr | TXs: 72 | Cap: $0.00 | Mult: inactive
   ⚡ [ZRP] positions=925 checks=9465 fired=0 confirmed=0 reverted=0 profit=$0.00 gas=$0.0000
      Index: ETH/USD:925
   📡 [RPC Gateway] reqs=0 rps=0.0 batched=0 failovers=0 429s=0
   ⏱️  Scan #630 | Positions: 923 | Watchlist: 361 | Opps found: 77 | ETH gas: 0.0361 gwei | Vectors: 4/6 active

  ┌─ STATUS [8:15:45] ─────────────────────────────────────────┐
  │ Profits: 0/5 | Total P&L: $0.00 | Phase: phase_1_cold_start
  │ Positions: 923 | Opps: found=77 exec=72 skip=5
  │ Vectors: standard_liquidation=2, preemptive_liquidation=70, new_protocol=5, undercollateralized_pool=1893
  │ Gas: 0.0361 gwei | Engine: RUNNING
  └──────────────────────────────────────────────────────────┘
Circuit OPEN: alchemy_137_1156 (5 consecutive failures, recovery in 30.0s)
Circuit OPEN: public_137_3338 (5 consecutive failures, recovery in 30.0s)
   ⏱️  Scan #631 | Positions: 923 | Watchlist: 361 | Opps found: 77 | ETH gas: 0.0360 gwei | Vectors: 4/6 active

  ┌─ STATUS [8:16:36] ─────────────────────────────────────────┐
  │ Profits: 0/5 | Total P&L: $0.00 | Phase: phase_1_cold_start
  │ Positions: 923 | Opps: found=77 exec=72 skip=5
  │ Vectors: standard_liquidation=2, preemptive_liquidation=70, new_protocol=5, undercollateralized_pool=1896
  │ Gas: 0.0360 gwei | Engine: RUNNING
  └──────────────────────────────────────────────────────────┘

  📊 [phase_1_cold_start] 8.29h | P&L: $0.00 | Rate: $0.00/hr | TXs: 72 | Cap: $0.00 | Mult: inactive
Circuit OPEN: public_137_410 (5 consecutive failures, recovery in 30.0s)

  🔧 ADAPTIVE: No new profits in 300s
     min_profit: $0.01 → $0.01
     min_confidence: 0.01 → 0.01
     Positions tracked: 923

  📊 HEALTH FACTOR DISTRIBUTION (sampled 30 of 923):
           <1.0:   0 
       1.0-1.05:   0 
      1.05-1.10:   0 
      1.10-1.20:   2 ██
      1.20-1.50:   3 ███
          >1.50:  25 █████████████████████████
          error:   0 
     Closest to liquidation: HF=1.1243 debt=$4,547 (0xcc7373ec...)
   ⏱️  Scan #632 | Positions: 923 | Watchlist: 361 | Opps found: 77 | ETH gas: 0.0384 gwei | Vectors: 4/6 active

  ┌─ STATUS [8:17:33] ─────────────────────────────────────────┐
  │ Profits: 0/5 | Total P&L: $0.00 | Phase: phase_1_cold_start
  │ Positions: 923 | Opps: found=77 exec=72 skip=5
  │ Vectors: standard_liquidation=2, preemptive_liquidation=70, new_protocol=5, undercollateralized_pool=1899
  │ Gas: 0.0384 gwei | Engine: RUNNING
  └──────────────────────────────────────────────────────────┘
   📇 Chain 1: +1 borrowers from 2317 events (total tracked: 924)
Circuit OPEN: alchemy_8453_4341 (5 consecutive failures, recovery in 30.0s)
   ⚡ [ZRP] positions=926 checks=9510 fired=0 confirmed=0 reverted=0 profit=$0.00 gas=$0.0000
      Index: ETH/USD:926
   📡 [RPC Gateway] reqs=0 rps=0.0 batched=0 failovers=0 429s=0
   ⏱️  Scan #633 | Positions: 924 | Watchlist: 358 | Opps found: 77 | ETH gas: 0.0369 gwei | Vectors: 4/6 active

  ┌─ STATUS [8:18:31] ─────────────────────────────────────────┐
  │ Profits: 0/5 | Total P&L: $0.00 | Phase: phase_1_cold_start
  │ Positions: 924 | Opps: found=77 exec=72 skip=5
  │ Vectors: standard_liquidation=2, preemptive_liquidation=70, new_protocol=5, undercollateralized_pool=1902
  │ Gas: 0.0369 gwei | Engine: RUNNING
  └──────────────────────────────────────────────────────────┘

  📊 [phase_1_cold_start] 8.32h | P&L: $0.00 | Rate: $0.00/hr | TXs: 72 | Cap: $0.00 | Mult: inactive
Circuit OPEN: public_8453_611 (5 consecutive failures, recovery in 30.0s)
   ⏱️  Scan #634 | Positions: 924 | Watchlist: 358 | Opps found: 77 | ETH gas: 0.0306 gwei | Vectors: 4/6 active

  ┌─ STATUS [8:19:18] ─────────────────────────────────────────┐
  │ Profits: 0/5 | Total P&L: $0.00 | Phase: phase_1_cold_start
  │ Positions: 924 | Opps: found=77 exec=72 skip=5
  │ Vectors: standard_liquidation=2, preemptive_liquidation=70, new_protocol=5, undercollateralized_pool=1905
  │ Gas: 0.0306 gwei | Engine: RUNNING
  └──────────────────────────────────────────────────────────┘
   ⏱️  Scan #635 | Positions: 924 | Watchlist: 358 | Opps found: 77 | ETH gas: 0.0341 gwei | Vectors: 4/6 active

  ┌─ STATUS [8:20:14] ─────────────────────────────────────────┐
  │ Profits: 0/5 | Total P&L: $0.00 | Phase: phase_1_cold_start
  │ Positions: 924 | Opps: found=77 exec=72 skip=5
  │ Vectors: standard_liquidation=2, preemptive_liquidation=70, new_protocol=5, undercollateralized_pool=1908
  │ Gas: 0.0341 gwei | Engine: RUNNING
  └──────────────────────────────────────────────────────────┘
Circuit OPEN: public_8453_6388 (5 consecutive failures, recovery in 30.0s)

  📊 [phase_1_cold_start] 8.35h | P&L: $0.00 | Rate: $0.00/hr | TXs: 72 | Cap: $0.00 | Mult: inactive
   📡 [RPC Gateway] reqs=0 rps=0.0 batched=0 failovers=0 429s=0
   ⚡ [ZRP] positions=926 checks=9555 fired=0 confirmed=0 reverted=0 profit=$0.00 gas=$0.0000
      Index: ETH/USD:926
   ⏱️  Scan #636 | Positions: 924 | Watchlist: 358 | Opps found: 77 | ETH gas: 0.0416 gwei | Vectors: 4/6 active

  ┌─ STATUS [8:21:10] ─────────────────────────────────────────┐
  │ Profits: 0/5 | Total P&L: $0.00 | Phase: phase_1_cold_start
  │ Positions: 924 | Opps: found=77 exec=72 skip=5
  │ Vectors: standard_liquidation=2, preemptive_liquidation=70, new_protocol=5, undercollateralized_pool=1911
  │ Gas: 0.0416 gwei | Engine: RUNNING
  └──────────────────────────────────────────────────────────┘
Circuit OPEN: alchemy_43114_4196 (5 consecutive failures, recovery in 30.0s)
   📇 Chain 1: +1 borrowers from 2319 events (total tracked: 925)
   ⏱️  Scan #637 | Positions: 925 | Watchlist: 358 | Opps found: 77 | ETH gas: 0.0336 gwei | Vectors: 4/6 active

  ┌─ STATUS [8:22:02] ─────────────────────────────────────────┐
  │ Profits: 0/5 | Total P&L: $0.00 | Phase: phase_1_cold_start
  │ Positions: 925 | Opps: found=77 exec=72 skip=5
  │ Vectors: standard_liquidation=2, preemptive_liquidation=70, new_protocol=5, undercollateralized_pool=1914
  │ Gas: 0.0336 gwei | Engine: RUNNING
  └──────────────────────────────────────────────────────────┘

  📊 [phase_1_cold_start] 8.38h | P&L: $0.00 | Rate: $0.00/hr | TXs: 72 | Cap: $0.00 | Mult: inactive
   ⏱️  Scan #638 | Positions: 925 | Watchlist: 358 | Opps found: 77 | ETH gas: 0.0341 gwei | Vectors: 4/6 active

  🔧 ADAPTIVE: No new profits in 300s
     min_profit: $0.01 → $0.01
     min_confidence: 0.01 → 0.01
     Positions tracked: 925

  📊 HEALTH FACTOR DISTRIBUTION (sampled 30 of 925):
           <1.0:   0 
       1.0-1.05:   0 
      1.05-1.10:   0 
      1.10-1.20:   2 ██
      1.20-1.50:   3 ███
          >1.50:  25 █████████████████████████
          error:   0 
     Closest to liquidation: HF=1.1243 debt=$4,547 (0xcc7373ec...)

  ┌─ STATUS [8:23:02] ─────────────────────────────────────────┐
  │ Profits: 0/5 | Total P&L: $0.00 | Phase: phase_1_cold_start
  │ Positions: 925 | Opps: found=77 exec=72 skip=5
  │ Vectors: standard_liquidation=2, preemptive_liquidation=70, new_protocol=5, undercollateralized_pool=1917
  │ Gas: 0.0341 gwei | Engine: RUNNING
  └──────────────────────────────────────────────────────────┘
Circuit OPEN: public_43114_3782 (5 consecutive failures, recovery in 30.0s)
   📇 Chain 1: +1 borrowers from 2319 events (total tracked: 926)
Circuit OPEN: alchemy_56_5043 (5 consecutive failures, recovery in 30.0s)
   📡 [RPC Gateway] reqs=0 rps=0.0 batched=0 failovers=0 429s=0
   ⚡ [ZRP] positions=928 checks=9600 fired=0 confirmed=0 reverted=0 profit=$0.00 gas=$0.0000
      Index: ETH/USD:928
   ⏱️  Scan #639 | Positions: 926 | Watchlist: 359 | Opps found: 77 | ETH gas: 0.0356 gwei | Vectors: 4/6 active

  ┌─ STATUS [8:24:03] ─────────────────────────────────────────┐
  │ Profits: 0/5 | Total P&L: $0.00 | Phase: phase_1_cold_start
  │ Positions: 926 | Opps: found=77 exec=72 skip=5
  │ Vectors: standard_liquidation=2, preemptive_liquidation=70, new_protocol=5, undercollateralized_pool=1920
  │ Gas: 0.0356 gwei | Engine: RUNNING
  └──────────────────────────────────────────────────────────┘
   ⚠️ SELF-HEAL: No new opportunities in 10 minutes — relaxing thresholds

  📊 [phase_1_cold_start] 8.40h | P&L: $0.00 | Rate: $0.00/hr | TXs: 72 | Cap: $0.00 | Mult: inactive
Circuit OPEN: public_56_6500 (5 consecutive failures, recovery in 30.0s)
   ⏱️  Scan #640 | Positions: 926 | Watchlist: 359 | Opps found: 77 | ETH gas: 0.0328 gwei | Vectors: 4/6 active

  ┌─ STATUS [8:24:49] ─────────────────────────────────────────┐
  │ Profits: 0/5 | Total P&L: $0.00 | Phase: phase_1_cold_start
  │ Positions: 926 | Opps: found=77 exec=72 skip=5
  │ Vectors: standard_liquidation=2, preemptive_liquidation=70, new_protocol=5, undercollateralized_pool=1923
  │ Gas: 0.0328 gwei | Engine: RUNNING
  └──────────────────────────────────────────────────────────┘
   📇 Chain 1: +1 borrowers from 2323 events (total tracked: 927)

  📊 [phase_1_cold_start] 8.43h | P&L: $0.00 | Rate: $0.00/hr | TXs: 72 | Cap: $0.00 | Mult: inactive
   ⏱️  Scan #641 | Positions: 927 | Watchlist: 358 | Opps found: 77 | ETH gas: 0.0326 gwei | Vectors: 4/6 active

  ┌─ STATUS [8:25:44] ─────────────────────────────────────────┐
  │ Profits: 0/5 | Total P&L: $0.00 | Phase: phase_1_cold_start
  │ Positions: 927 | Opps: found=77 exec=72 skip=5
  │ Vectors: standard_liquidation=2, preemptive_liquidation=70, new_protocol=5, undercollateralized_pool=1926
  │ Gas: 0.0326 gwei | Engine: RUNNING
  └──────────────────────────────────────────────────────────┘
Circuit OPEN: public_56_8107 (5 consecutive failures, recovery in 30.0s)
   ⏱️  Scan #642 | Positions: 927 | Watchlist: 358 | Opps found: 77 | ETH gas: 0.0308 gwei | Vectors: 4/6 active
   📡 [RPC Gateway] reqs=0 rps=0.0 batched=0 failovers=0 429s=0
   ⚡ [ZRP] positions=929 checks=9645 fired=0 confirmed=0 reverted=0 profit=$0.00 gas=$0.0000
      Index: ETH/USD:929

  ┌─ STATUS [8:26:39] ─────────────────────────────────────────┐
  │ Profits: 0/5 | Total P&L: $0.00 | Phase: phase_1_cold_start
  │ Positions: 927 | Opps: found=77 exec=72 skip=5
  │ Vectors: standard_liquidation=2, preemptive_liquidation=70, new_protocol=5, undercollateralized_pool=1929
  │ Gas: 0.0308 gwei | Engine: RUNNING
  └──────────────────────────────────────────────────────────┘
Circuit OPEN: alchemy_324_2386 (5 consecutive failures, recovery in 30.0s)
   📇 Chain 137: +2 borrowers from 50 events (total tracked: 929)

  📊 [phase_1_cold_start] 8.46h | P&L: $0.00 | Rate: $0.00/hr | TXs: 72 | Cap: $0.00 | Mult: inactive
   ⏱️  Scan #643 | Positions: 929 | Watchlist: 359 | Opps found: 77 | ETH gas: 0.0335 gwei | Vectors: 4/6 active

  ┌─ STATUS [8:27:37] ─────────────────────────────────────────┐
  │ Profits: 0/5 | Total P&L: $0.00 | Phase: phase_1_cold_start
  │ Positions: 929 | Opps: found=77 exec=72 skip=5
  │ Vectors: standard_liquidation=2, preemptive_liquidation=70, new_protocol=5, undercollateralized_pool=1932
  │ Gas: 0.0335 gwei | Engine: RUNNING
  └──────────────────────────────────────────────────────────┘
   👁️  WATCHLIST +1: HF=1.0397 debt=$59,539,376 chain=1 (0x0591926d5d...)
   👁️  WATCHLIST +1: HF=1.1037 debt=$425 chain=1 (0x1c5daa0e35...)
   ⏱️  Scan #644 | Positions: 929 | Watchlist: 361 | Opps found: 77 | ETH gas: 0.0318 gwei | Vectors: 4/6 active

  🔧 ADAPTIVE: No new profits in 300s
     min_profit: $0.01 → $0.01
     min_confidence: 0.01 → 0.01
     Positions tracked: 929

  📊 HEALTH FACTOR DISTRIBUTION (sampled 30 of 929):
           <1.0:   0 
       1.0-1.05:   0 
      1.05-1.10:   0 
      1.10-1.20:   2 ██
      1.20-1.50:   3 ███
          >1.50:  25 █████████████████████████
          error:   0 
     Closest to liquidation: HF=1.1243 debt=$4,547 (0xcc7373ec...)

  ┌─ STATUS [8:28:35] ─────────────────────────────────────────┐
  │ Profits: 0/5 | Total P&L: $0.00 | Phase: phase_1_cold_start
  │ Positions: 929 | Opps: found=77 exec=72 skip=5
  │ Vectors: standard_liquidation=2, preemptive_liquidation=70, new_protocol=5, undercollateralized_pool=1935
  │ Gas: 0.0318 gwei | Engine: RUNNING
  └──────────────────────────────────────────────────────────┘
Circuit OPEN: public_324_1282 (5 consecutive failures, recovery in 30.0s)

  📊 [phase_1_cold_start] 8.49h | P&L: $0.00 | Rate: $0.00/hr | TXs: 72 | Cap: $0.00 | Mult: inactive
   ⚡ [ZRP] positions=931 checks=9690 fired=0 confirmed=0 reverted=0 profit=$0.00 gas=$0.0000
      Index: ETH/USD:931
   📡 [RPC Gateway] reqs=0 rps=0.0 batched=0 failovers=0 429s=0
   ⏱️  Scan #645 | Positions: 929 | Watchlist: 362 | Opps found: 77 | ETH gas: 0.0304 gwei | Vectors: 4/6 active

  ┌─ STATUS [8:29:27] ─────────────────────────────────────────┐
  │ Profits: 0/5 | Total P&L: $0.00 | Phase: phase_1_cold_start
  │ Positions: 929 | Opps: found=77 exec=72 skip=5
  │ Vectors: standard_liquidation=2, preemptive_liquidation=70, new_protocol=5, undercollateralized_pool=1938
  │ Gas: 0.0304 gwei | Engine: RUNNING
  └──────────────────────────────────────────────────────────┘
   👁️  WATCHLIST +1: HF=1.1316 debt=$569,289 chain=1 (0xf0e637f09e...)
   ⏱️  Scan #646 | Positions: 929 | Watchlist: 362 | Opps found: 77 | ETH gas: 0.0293 gwei | Vectors: 4/6 active

  ┌─ STATUS [8:30:20] ─────────────────────────────────────────┐
  │ Profits: 0/5 | Total P&L: $0.00 | Phase: phase_1_cold_start
  │ Positions: 929 | Opps: found=77 exec=72 skip=5
  │ Vectors: standard_liquidation=2, preemptive_liquidation=70, new_protocol=5, undercollateralized_pool=1941
  │ Gas: 0.0293 gwei | Engine: RUNNING
  └──────────────────────────────────────────────────────────┘

  📊 [phase_1_cold_start] 8.52h | P&L: $0.00 | Rate: $0.00/hr | TXs: 72 | Cap: $0.00 | Mult: inactive
   ⏱️  Scan #647 | Positions: 929 | Watchlist: 362 | Opps found: 77 | ETH gas: 0.0336 gwei | Vectors: 4/6 active

  ┌─ STATUS [8:31:08] ─────────────────────────────────────────┐
  │ Profits: 0/5 | Total P&L: $0.00 | Phase: phase_1_cold_start
  │ Positions: 929 | Opps: found=77 exec=72 skip=5
  │ Vectors: standard_liquidation=2, preemptive_liquidation=70, new_protocol=5, undercollateralized_pool=1944
  │ Gas: 0.0336 gwei | Engine: RUNNING
  └──────────────────────────────────────────────────────────┘
   ⏱️  Scan #648 | Positions: 929 | Watchlist: 361 | Opps found: 77 | ETH gas: 0.0374 gwei | Vectors: 4/6 active
   ⚡ [ZRP] positions=931 checks=9735 fired=0 confirmed=0 reverted=0 profit=$0.00 gas=$0.0000
      Index: ETH/USD:931
   📡 [RPC Gateway] reqs=0 rps=0.0 batched=0 failovers=0 429s=0

  ┌─ STATUS [8:32:03] ─────────────────────────────────────────┐
  │ Profits: 0/5 | Total P&L: $0.00 | Phase: phase_1_cold_start
  │ Positions: 929 | Opps: found=77 exec=72 skip=5
  │ Vectors: standard_liquidation=2, preemptive_liquidation=70, new_protocol=5, undercollateralized_pool=1947
  │ Gas: 0.0374 gwei | Engine: RUNNING
  └──────────────────────────────────────────────────────────┘
   📇 Chain 1: +1 borrowers from 2318 events (total tracked: 930)

  📊 [phase_1_cold_start] 8.54h | P&L: $0.00 | Rate: $0.00/hr | TXs: 72 | Cap: $0.00 | Mult: inactive
   ⏱️  Scan #649 | Positions: 930 | Watchlist: 361 | Opps found: 77 | ETH gas: 0.0339 gwei | Vectors: 4/6 active

  ┌─ STATUS [8:33:02] ─────────────────────────────────────────┐
  │ Profits: 0/5 | Total P&L: $0.00 | Phase: phase_1_cold_start
  │ Positions: 930 | Opps: found=77 exec=72 skip=5
  │ Vectors: standard_liquidation=2, preemptive_liquidation=70, new_protocol=5, undercollateralized_pool=1950
  │ Gas: 0.0339 gwei | Engine: RUNNING
  └──────────────────────────────────────────────────────────┘
   ⏱️  Scan #650 | Positions: 930 | Watchlist: 360 | Opps found: 77 | ETH gas: 0.0311 gwei | Vectors: 4/6 active

  ┌─ STATUS [8:33:44] ─────────────────────────────────────────┐
  │ Profits: 0/5 | Total P&L: $0.00 | Phase: phase_1_cold_start
  │ Positions: 930 | Opps: found=77 exec=72 skip=5
  │ Vectors: standard_liquidation=2, preemptive_liquidation=70, new_protocol=5, undercollateralized_pool=1953
  │ Gas: 0.0311 gwei | Engine: RUNNING
  └──────────────────────────────────────────────────────────┘

  🔧 ADAPTIVE: No new profits in 300s
     min_profit: $0.01 → $0.01
     min_confidence: 0.01 → 0.01
     Positions tracked: 930

  📊 HEALTH FACTOR DISTRIBUTION (sampled 30 of 930):
           <1.0:   0 
       1.0-1.05:   0 
      1.05-1.10:   0 
      1.10-1.20:   2 ██
      1.20-1.50:   3 ███
          >1.50:  25 █████████████████████████
          error:   0 
     Closest to liquidation: HF=1.1243 debt=$4,547 (0xcc7373ec...)
   ⚠️ SELF-HEAL: No new opportunities in 10 minutes — relaxing thresholds

  📊 [phase_1_cold_start] 8.57h | P&L: $0.00 | Rate: $0.00/hr | TXs: 72 | Cap: $0.00 | Mult: inactive
   ⏱️  Scan #651 | Positions: 930 | Watchlist: 358 | Opps found: 77 | ETH gas: 0.0345 gwei | Vectors: 4/6 active
   📡 [RPC Gateway] reqs=0 rps=0.0 batched=0 failovers=0 429s=0
   ⚡ [ZRP] positions=932 checks=9780 fired=0 confirmed=0 reverted=0 profit=$0.00 gas=$0.0000
      Index: ETH/USD:932

  ┌─ STATUS [8:34:40] ─────────────────────────────────────────┐
  │ Profits: 0/5 | Total P&L: $0.00 | Phase: phase_1_cold_start
  │ Positions: 930 | Opps: found=77 exec=72 skip=5
  │ Vectors: standard_liquidation=2, preemptive_liquidation=70, new_protocol=5, undercollateralized_pool=1956
  │ Gas: 0.0345 gwei | Engine: RUNNING
  └──────────────────────────────────────────────────────────┘
   ⏱️  Scan #652 | Positions: 930 | Watchlist: 358 | Opps found: 77 | ETH gas: 0.0309 gwei | Vectors: 4/6 active

  ┌─ STATUS [8:35:36] ─────────────────────────────────────────┐
  │ Profits: 0/5 | Total P&L: $0.00 | Phase: phase_1_cold_start
  │ Positions: 930 | Opps: found=77 exec=72 skip=5
  │ Vectors: standard_liquidation=2, preemptive_liquidation=70, new_protocol=5, undercollateralized_pool=1959
  │ Gas: 0.0309 gwei | Engine: RUNNING
  └──────────────────────────────────────────────────────────┘

  📊 [phase_1_cold_start] 8.60h | P&L: $0.00 | Rate: $0.00/hr | TXs: 72 | Cap: $0.00 | Mult: inactive
   📇 Chain 1: +1 borrowers from 2315 events (total tracked: 931)
   ⏱️  Scan #653 | Positions: 931 | Watchlist: 358 | Opps found: 77 | ETH gas: 0.0329 gwei | Vectors: 4/6 active

  ┌─ STATUS [8:36:22] ─────────────────────────────────────────┐
  │ Profits: 0/5 | Total P&L: $0.00 | Phase: phase_1_cold_start
  │ Positions: 931 | Opps: found=77 exec=72 skip=5
  │ Vectors: standard_liquidation=2, preemptive_liquidation=70, new_protocol=5, undercollateralized_pool=1962
  │ Gas: 0.0329 gwei | Engine: RUNNING
  └──────────────────────────────────────────────────────────┘
   ⏱️  Scan #654 | Positions: 931 | Watchlist: 358 | Opps found: 77 | ETH gas: 0.0305 gwei | Vectors: 4/6 active
   📡 [RPC Gateway] reqs=0 rps=0.0 batched=0 failovers=0 429s=0
   ⚡ [ZRP] positions=933 checks=9825 fired=0 confirmed=0 reverted=0 profit=$0.00 gas=$0.0000
      Index: ETH/USD:933

  ┌─ STATUS [8:37:13] ─────────────────────────────────────────┐
  │ Profits: 0/5 | Total P&L: $0.00 | Phase: phase_1_cold_start
  │ Positions: 931 | Opps: found=77 exec=72 skip=5
  │ Vectors: standard_liquidation=2, preemptive_liquidation=70, new_protocol=5, undercollateralized_pool=1965
  │ Gas: 0.0305 gwei | Engine: RUNNING
  └──────────────────────────────────────────────────────────┘

  📊 [phase_1_cold_start] 8.63h | P&L: $0.00 | Rate: $0.00/hr | TXs: 72 | Cap: $0.00 | Mult: inactive
   📇 Chain 137: +1 borrowers from 50 events (total tracked: 932)
   ⏱️  Scan #655 | Positions: 932 | Watchlist: 358 | Opps found: 77 | ETH gas: 0.0317 gwei | Vectors: 4/6 active

  ┌─ STATUS [8:38:05] ─────────────────────────────────────────┐
  │ Profits: 0/5 | Total P&L: $0.00 | Phase: phase_1_cold_start
  │ Positions: 932 | Opps: found=77 exec=72 skip=5
  │ Vectors: standard_liquidation=2, preemptive_liquidation=70, new_protocol=5, undercollateralized_pool=1968
  │ Gas: 0.0317 gwei | Engine: RUNNING
  └──────────────────────────────────────────────────────────┘
   ⏱️  Scan #656 | Positions: 932 | Watchlist: 358 | Opps found: 77 | ETH gas: 0.0333 gwei | Vectors: 4/6 active

  ┌─ STATUS [8:39:00] ─────────────────────────────────────────┐
  │ Profits: 0/5 | Total P&L: $0.00 | Phase: phase_1_cold_start
  │ Positions: 932 | Opps: found=77 exec=72 skip=5
  │ Vectors: standard_liquidation=2, preemptive_liquidation=70, new_protocol=5, undercollateralized_pool=1971
  │ Gas: 0.0333 gwei | Engine: RUNNING
  └──────────────────────────────────────────────────────────┘

  📊 [phase_1_cold_start] 8.66h | P&L: $0.00 | Rate: $0.00/hr | TXs: 72 | Cap: $0.00 | Mult: inactive

  🔧 ADAPTIVE: No new profits in 300s
     min_profit: $0.01 → $0.01
     min_confidence: 0.01 → 0.01
     Positions tracked: 932

  📊 HEALTH FACTOR DISTRIBUTION (sampled 30 of 932):
           <1.0:   0 
       1.0-1.05:   0 
      1.05-1.10:   0 
      1.10-1.20:   2 ██
      1.20-1.50:   3 ███
          >1.50:  25 █████████████████████████
          error:   0 
     Closest to liquidation: HF=1.1243 debt=$4,547 (0xcc7373ec...)
   ⚡ [ZRP] positions=934 checks=9870 fired=0 confirmed=0 reverted=0 profit=$0.00 gas=$0.0000
      Index: ETH/USD:934
   📡 [RPC Gateway] reqs=0 rps=0.0 batched=0 failovers=0 429s=0
   ⏱️  Scan #657 | Positions: 932 | Watchlist: 359 | Opps found: 77 | ETH gas: 0.0303 gwei | Vectors: 4/6 active

  ┌─ STATUS [8:39:49] ─────────────────────────────────────────┐
  │ Profits: 0/5 | Total P&L: $0.00 | Phase: phase_1_cold_start
  │ Positions: 932 | Opps: found=77 exec=72 skip=5
  │ Vectors: standard_liquidation=2, preemptive_liquidation=70, new_protocol=5, undercollateralized_pool=1974
  │ Gas: 0.0303 gwei | Engine: RUNNING
  └──────────────────────────────────────────────────────────┘
   ⏱️  Scan #658 | Positions: 932 | Watchlist: 359 | Opps found: 77 | ETH gas: 0.0342 gwei | Vectors: 4/6 active

  ┌─ STATUS [8:40:39] ─────────────────────────────────────────┐
  │ Profits: 0/5 | Total P&L: $0.00 | Phase: phase_1_cold_start
  │ Positions: 932 | Opps: found=77 exec=72 skip=5
  │ Vectors: standard_liquidation=2, preemptive_liquidation=70, new_protocol=5, undercollateralized_pool=1977
  │ Gas: 0.0342 gwei | Engine: RUNNING
  └──────────────────────────────────────────────────────────┘

  📊 [phase_1_cold_start] 8.69h | P&L: $0.00 | Rate: $0.00/hr | TXs: 72 | Cap: $0.00 | Mult: inactive
   ⏱️  Scan #659 | Positions: 932 | Watchlist: 358 | Opps found: 77 | ETH gas: 0.0340 gwei | Vectors: 4/6 active

  ┌─ STATUS [8:41:38] ─────────────────────────────────────────┐
  │ Profits: 0/5 | Total P&L: $0.00 | Phase: phase_1_cold_start
  │ Positions: 932 | Opps: found=77 exec=72 skip=5
  │ Vectors: standard_liquidation=2, preemptive_liquidation=70, new_protocol=5, undercollateralized_pool=1980
  │ Gas: 0.0340 gwei | Engine: RUNNING
  └──────────────────────────────────────────────────────────┘
   ⚡ [ZRP] positions=934 checks=9915 fired=0 confirmed=0 reverted=0 profit=$0.00 gas=$0.0000
      Index: ETH/USD:934
   📡 [RPC Gateway] reqs=0 rps=0.0 batched=0 failovers=0 429s=0
   ⏱️  Scan #660 | Positions: 932 | Watchlist: 358 | Opps found: 77 | ETH gas: 0.0324 gwei | Vectors: 4/6 active

  ┌─ STATUS [8:42:23] ─────────────────────────────────────────┐
  │ Profits: 0/5 | Total P&L: $0.00 | Phase: phase_1_cold_start
  │ Positions: 932 | Opps: found=77 exec=72 skip=5
  │ Vectors: standard_liquidation=2, preemptive_liquidation=70, new_protocol=5, undercollateralized_pool=1983
  │ Gas: 0.0324 gwei | Engine: RUNNING
  └──────────────────────────────────────────────────────────┘

  📊 [phase_1_cold_start] 8.72h | P&L: $0.00 | Rate: $0.00/hr | TXs: 72 | Cap: $0.00 | Mult: inactive
   ⏱️  Scan #661 | Positions: 932 | Watchlist: 358 | Opps found: 77 | ETH gas: 0.0344 gwei | Vectors: 4/6 active

  ┌─ STATUS [8:43:17] ─────────────────────────────────────────┐
  │ Profits: 0/5 | Total P&L: $0.00 | Phase: phase_1_cold_start
  │ Positions: 932 | Opps: found=77 exec=72 skip=5
  │ Vectors: standard_liquidation=2, preemptive_liquidation=70, new_protocol=5, undercollateralized_pool=1986
  │ Gas: 0.0344 gwei | Engine: RUNNING
  └──────────────────────────────────────────────────────────┘
   👁️  WATCHLIST +1: HF=1.0353 debt=$1,609 chain=1 (0x1e6153fce0...)
   ⏱️  Scan #662 | Positions: 932 | Watchlist: 361 | Opps found: 77 | ETH gas: 0.0335 gwei | Vectors: 4/6 active

  ┌─ STATUS [8:44:12] ─────────────────────────────────────────┐
  │ Profits: 0/5 | Total P&L: $0.00 | Phase: phase_1_cold_start
  │ Positions: 932 | Opps: found=77 exec=72 skip=5
  │ Vectors: standard_liquidation=2, preemptive_liquidation=70, new_protocol=5, undercollateralized_pool=1989
  │ Gas: 0.0335 gwei | Engine: RUNNING
  └──────────────────────────────────────────────────────────┘
   ⚠️ SELF-HEAL: No new opportunities in 10 minutes — relaxing thresholds

  📊 [phase_1_cold_start] 8.75h | P&L: $0.00 | Rate: $0.00/hr | TXs: 72 | Cap: $0.00 | Mult: inactive
   📇 Chain 1: +1 borrowers from 2315 events (total tracked: 933)
   📡 [RPC Gateway] reqs=0 rps=0.0 batched=0 failovers=0 429s=0
   ⚡ [ZRP] positions=935 checks=9960 fired=0 confirmed=0 reverted=0 profit=$0.00 gas=$0.0000
      Index: ETH/USD:935
   ⏱️  Scan #663 | Positions: 933 | Watchlist: 361 | Opps found: 77 | ETH gas: 0.0361 gwei | Vectors: 4/6 active

  🔧 ADAPTIVE: No new profits in 300s
     min_profit: $0.01 → $0.01
     min_confidence: 0.01 → 0.01
     Positions tracked: 933

  📊 HEALTH FACTOR DISTRIBUTION (sampled 30 of 933):
           <1.0:   0 
       1.0-1.05:   0 
      1.05-1.10:   0 
      1.10-1.20:   2 ██
      1.20-1.50:   3 ███
          >1.50:  25 █████████████████████████
          error:   0 
     Closest to liquidation: HF=1.1243 debt=$4,547 (0xcc7373ec...)

  ┌─ STATUS [8:45:04] ─────────────────────────────────────────┐
  │ Profits: 0/5 | Total P&L: $0.00 | Phase: phase_1_cold_start
  │ Positions: 933 | Opps: found=77 exec=72 skip=5
  │ Vectors: standard_liquidation=2, preemptive_liquidation=70, new_protocol=5, undercollateralized_pool=1992
  │ Gas: 0.0361 gwei | Engine: RUNNING
  └──────────────────────────────────────────────────────────┘
   ⏱️  Scan #664 | Positions: 933 | Watchlist: 361 | Opps found: 77 | ETH gas: 0.0323 gwei | Vectors: 4/6 active

  ┌─ STATUS [8:45:59] ─────────────────────────────────────────┐
  │ Profits: 0/5 | Total P&L: $0.00 | Phase: phase_1_cold_start
  │ Positions: 933 | Opps: found=77 exec=72 skip=5
  │ Vectors: standard_liquidation=2, preemptive_liquidation=70, new_protocol=5, undercollateralized_pool=1995
  │ Gas: 0.0323 gwei | Engine: RUNNING
  └──────────────────────────────────────────────────────────┘

  📊 [phase_1_cold_start] 8.78h | P&L: $0.00 | Rate: $0.00/hr | TXs: 72 | Cap: $0.00 | Mult: inactive
   ⏱️  Scan #665 | Positions: 933 | Watchlist: 362 | Opps found: 77 | ETH gas: 0.0357 gwei | Vectors: 4/6 active

  ┌─ STATUS [8:46:56] ─────────────────────────────────────────┐
  │ Profits: 0/5 | Total P&L: $0.00 | Phase: phase_1_cold_start
  │ Positions: 933 | Opps: found=77 exec=72 skip=5
  │ Vectors: standard_liquidation=2, preemptive_liquidation=70, new_protocol=5, undercollateralized_pool=1998
  │ Gas: 0.0357 gwei | Engine: RUNNING
  └──────────────────────────────────────────────────────────┘
   📡 [RPC Gateway] reqs=0 rps=0.0 batched=0 failovers=0 429s=0
   ⚡ [ZRP] positions=935 checks=10005 fired=0 confirmed=0 reverted=0 profit=$0.00 gas=$0.0000
      Index: ETH/USD:935
   ⏱️  Scan #666 | Positions: 933 | Watchlist: 362 | Opps found: 77 | ETH gas: 0.0323 gwei | Vectors: 4/6 active

  ┌─ STATUS [8:47:44] ─────────────────────────────────────────┐
  │ Profits: 0/5 | Total P&L: $0.00 | Phase: phase_1_cold_start
  │ Positions: 933 | Opps: found=77 exec=72 skip=5
  │ Vectors: standard_liquidation=2, preemptive_liquidation=70, new_protocol=5, undercollateralized_pool=2001
  │ Gas: 0.0323 gwei | Engine: RUNNING
  └──────────────────────────────────────────────────────────┘

  📊 [phase_1_cold_start] 8.80h | P&L: $0.00 | Rate: $0.00/hr | TXs: 72 | Cap: $0.00 | Mult: inactive
   📝 Queued execution 06e69a0b... (priority 8)
   🎯 [preemptive_liquidation] chain=1 profit=$113.48 conf=6% pri=8
   ⏱️  Scan #667 | Positions: 933 | Watchlist: 362 | Opps found: 78 | ETH gas: 0.0274 gwei | Vectors: 4/6 active

  ┌─ STATUS [8:48:42] ─────────────────────────────────────────┐
  │ Profits: 0/5 | Total P&L: $0.00 | Phase: phase_1_cold_start
  │ Positions: 933 | Opps: found=78 exec=73 skip=5
  │ Vectors: standard_liquidation=2, preemptive_liquidation=71, new_protocol=5, undercollateralized_pool=2004
  │ Gas: 0.0274 gwei | Engine: RUNNING
  └──────────────────────────────────────────────────────────┘
   ❌ EXEC FAILED chain=1 user=?... reason=Unknown format '', attempted to normalize to '0x'
   ✅ Execution 06e69a0b... completed: failed
   📝 Queued execution 8535db3f... (priority 8)
   🎯 [preemptive_liquidation] chain=1 profit=$112.32 conf=6% pri=8
   📝 Queued execution 96d03f23... (priority 8)
   🎯 [preemptive_liquidation] chain=1 profit=$101.49 conf=5% pri=8
   ⏱️  Scan #668 | Positions: 933 | Watchlist: 362 | Opps found: 80 | ETH gas: 0.0339 gwei | Vectors: 4/6 active

  ┌─ STATUS [8:49:38] ─────────────────────────────────────────┐
  │ Profits: 0/5 | Total P&L: $0.00 | Phase: phase_1_cold_start
  │ Positions: 933 | Opps: found=80 exec=75 skip=5
  │ Vectors: standard_liquidation=2, preemptive_liquidation=73, new_protocol=5, undercollateralized_pool=2007
  │ Gas: 0.0339 gwei | Engine: RUNNING
  └──────────────────────────────────────────────────────────┘
   ❌ EXEC FAILED chain=1 user=?... reason=Unknown format '', attempted to normalize to '0x'
   ✅ Execution 8535db3f... completed: failed
   ❌ EXEC FAILED chain=1 user=?... reason=Unknown format '', attempted to normalize to '0x'
   ✅ Execution 96d03f23... completed: failed

  📊 [phase_1_cold_start] 8.83h | P&L: $0.00 | Rate: $0.00/hr | TXs: 75 | Cap: $0.00 | Mult: inactive
   📡 [RPC Gateway] reqs=0 rps=0.0 batched=0 failovers=0 429s=0
   ⚡ [ZRP] positions=935 checks=10050 fired=0 confirmed=0 reverted=0 profit=$0.00 gas=$0.0000
      Index: ETH/USD:935
   ⏱️  Scan #669 | Positions: 933 | Watchlist: 362 | Opps found: 80 | ETH gas: 0.0389 gwei | Vectors: 4/6 active

  🔧 ADAPTIVE: No new profits in 300s
     min_profit: $0.01 → $0.01
     min_confidence: 0.01 → 0.01
     Positions tracked: 933

  📊 HEALTH FACTOR DISTRIBUTION (sampled 30 of 933):
           <1.0:   0 
       1.0-1.05:   0 
      1.05-1.10:   0 
      1.10-1.20:   2 ██
      1.20-1.50:   3 ███
          >1.50:  25 █████████████████████████
          error:   0 
     Closest to liquidation: HF=1.1138 debt=$4,547 (0xcc7373ec...)

  ┌─ STATUS [8:50:32] ─────────────────────────────────────────┐
  │ Profits: 0/5 | Total P&L: $0.00 | Phase: phase_1_cold_start
  │ Positions: 933 | Opps: found=80 exec=75 skip=5
  │ Vectors: standard_liquidation=2, preemptive_liquidation=73, new_protocol=5, undercollateralized_pool=2010
  │ Gas: 0.0389 gwei | Engine: RUNNING
  └──────────────────────────────────────────────────────────┘

  📊 [phase_1_cold_start] 8.86h | P&L: $0.00 | Rate: $0.00/hr | TXs: 75 | Cap: $0.00 | Mult: inactive
   ⏱️  Scan #670 | Positions: 933 | Watchlist: 362 | Opps found: 80 | ETH gas: 0.0319 gwei | Vectors: 4/6 active

  ┌─ STATUS [8:51:27] ─────────────────────────────────────────┐
  │ Profits: 0/5 | Total P&L: $0.00 | Phase: phase_1_cold_start
  │ Positions: 933 | Opps: found=80 exec=75 skip=5
  │ Vectors: standard_liquidation=2, preemptive_liquidation=73, new_protocol=5, undercollateralized_pool=2013
  │ Gas: 0.0319 gwei | Engine: RUNNING
  └──────────────────────────────────────────────────────────┘
   📝 Queued execution 4aa02b13... (priority 8)
   🎯 [preemptive_liquidation] chain=1 profit=$105.32 conf=6% pri=8
   ⏱️  Scan #671 | Positions: 933 | Watchlist: 363 | Opps found: 81 | ETH gas: 0.0330 gwei | Vectors: 4/6 active

  ┌─ STATUS [8:52:25] ─────────────────────────────────────────┐
  │ Profits: 0/5 | Total P&L: $0.00 | Phase: phase_1_cold_start
  │ Positions: 933 | Opps: found=81 exec=76 skip=5
  │ Vectors: standard_liquidation=2, preemptive_liquidation=74, new_protocol=5, undercollateralized_pool=2016
  │ Gas: 0.0330 gwei | Engine: RUNNING
  └──────────────────────────────────────────────────────────┘
   ❌ EXEC FAILED chain=1 user=?... reason=Unknown format '', attempted to normalize to '0x'
   ✅ Execution 4aa02b13... completed: failed

  📊 [phase_1_cold_start] 8.88h | P&L: $0.00 | Rate: $0.00/hr | TXs: 76 | Cap: $0.00 | Mult: inactive
   📡 [RPC Gateway] reqs=0 rps=0.0 batched=0 failovers=0 429s=0
   ⚡ [ZRP] positions=935 checks=10095 fired=0 confirmed=0 reverted=0 profit=$0.00 gas=$0.0000
      Index: ETH/USD:935
   📝 Queued execution c992245d... (priority 8)
   🎯 [preemptive_liquidation] chain=1 profit=$102.37 conf=5% pri=8
   ⏱️  Scan #672 | Positions: 933 | Watchlist: 364 | Opps found: 82 | ETH gas: 0.0385 gwei | Vectors: 4/6 active

  ┌─ STATUS [8:53:14] ─────────────────────────────────────────┐
  │ Profits: 0/5 | Total P&L: $0.00 | Phase: phase_1_cold_start
  │ Positions: 933 | Opps: found=82 exec=77 skip=5
  │ Vectors: standard_liquidation=2, preemptive_liquidation=75, new_protocol=5, undercollateralized_pool=2019
  │ Gas: 0.0385 gwei | Engine: RUNNING
  └──────────────────────────────────────────────────────────┘
   ❌ EXEC FAILED chain=1 user=?... reason=Unknown format '', attempted to normalize to '0x'
   ✅ Execution c992245d... completed: failed
   ⏱️  Scan #673 | Positions: 933 | Watchlist: 364 | Opps found: 82 | ETH gas: 0.0451 gwei | Vectors: 4/6 active

  ┌─ STATUS [8:54:13] ─────────────────────────────────────────┐
  │ Profits: 0/5 | Total P&L: $0.00 | Phase: phase_1_cold_start
  │ Positions: 933 | Opps: found=82 exec=77 skip=5
  │ Vectors: standard_liquidation=2, preemptive_liquidation=75, new_protocol=5, undercollateralized_pool=2022
  │ Gas: 0.0451 gwei | Engine: RUNNING
  └──────────────────────────────────────────────────────────┘

  📊 [phase_1_cold_start] 8.91h | P&L: $0.00 | Rate: $0.00/hr | TXs: 77 | Cap: $0.00 | Mult: inactive
   ⏱️  Scan #674 | Positions: 933 | Watchlist: 364 | Opps found: 82 | ETH gas: 0.0446 gwei | Vectors: 4/6 active

  ┌─ STATUS [8:54:55] ─────────────────────────────────────────┐
  │ Profits: 0/5 | Total P&L: $0.00 | Phase: phase_1_cold_start
  │ Positions: 933 | Opps: found=82 exec=77 skip=5
  │ Vectors: standard_liquidation=2, preemptive_liquidation=75, new_protocol=5, undercollateralized_pool=2025
  │ Gas: 0.0446 gwei | Engine: RUNNING
  └──────────────────────────────────────────────────────────┘
   ⚡ [ZRP] positions=935 checks=10140 fired=0 confirmed=0 reverted=0 profit=$0.00 gas=$0.0000
      Index: ETH/USD:935
   📡 [RPC Gateway] reqs=0 rps=0.0 batched=0 failovers=0 429s=0
   ⏱️  Scan #675 | Positions: 933 | Watchlist: 364 | Opps found: 82 | ETH gas: 0.0425 gwei | Vectors: 4/6 active

  ┌─ STATUS [8:55:48] ─────────────────────────────────────────┐
  │ Profits: 0/5 | Total P&L: $0.00 | Phase: phase_1_cold_start
  │ Positions: 933 | Opps: found=82 exec=77 skip=5
  │ Vectors: standard_liquidation=2, preemptive_liquidation=75, new_protocol=5, undercollateralized_pool=2028
  │ Gas: 0.0425 gwei | Engine: RUNNING
  └──────────────────────────────────────────────────────────┘

  🔧 ADAPTIVE: No new profits in 300s
     min_profit: $0.01 → $0.01
     min_confidence: 0.01 → 0.01
     Positions tracked: 933

  📊 HEALTH FACTOR DISTRIBUTION (sampled 30 of 933):
           <1.0:   0 
       1.0-1.05:   0 
      1.05-1.10:   0 
      1.10-1.20:   2 ██
      1.20-1.50:   3 ███
          >1.50:  25 █████████████████████████
          error:   0 
     Closest to liquidation: HF=1.1135 debt=$4,547 (0xcc7373ec...)

  📊 [phase_1_cold_start] 8.94h | P&L: $0.00 | Rate: $0.00/hr | TXs: 77 | Cap: $0.00 | Mult: inactive
   ⚠️ SELF-HEAL: No new opportunities in 10 minutes — relaxing thresholds
   ⏱️  Scan #676 | Positions: 933 | Watchlist: 365 | Opps found: 82 | ETH gas: 0.0420 gwei | Vectors: 4/6 active

  ┌─ STATUS [8:56:47] ─────────────────────────────────────────┐
  │ Profits: 0/5 | Total P&L: $0.00 | Phase: phase_1_cold_start
  │ Positions: 933 | Opps: found=82 exec=77 skip=5
  │ Vectors: standard_liquidation=2, preemptive_liquidation=75, new_protocol=5, undercollateralized_pool=2031
  │ Gas: 0.0420 gwei | Engine: RUNNING
  └──────────────────────────────────────────────────────────┘
   ⏱️  Scan #677 | Positions: 933 | Watchlist: 365 | Opps found: 82 | ETH gas: 0.0484 gwei | Vectors: 4/6 active

  ┌─ STATUS [8:57:33] ─────────────────────────────────────────┐
  │ Profits: 0/5 | Total P&L: $0.00 | Phase: phase_1_cold_start
  │ Positions: 933 | Opps: found=82 exec=77 skip=5
  │ Vectors: standard_liquidation=2, preemptive_liquidation=75, new_protocol=5, undercollateralized_pool=2034
  │ Gas: 0.0484 gwei | Engine: RUNNING
  └──────────────────────────────────────────────────────────┘

  📊 [phase_1_cold_start] 8.97h | P&L: $0.00 | Rate: $0.00/hr | TXs: 77 | Cap: $0.00 | Mult: inactive
   ⚡ [ZRP] positions=935 checks=10185 fired=0 confirmed=0 reverted=0 profit=$0.00 gas=$0.0000
      Index: ETH/USD:935
   📡 [RPC Gateway] reqs=0 rps=0.0 batched=0 failovers=0 429s=0
   ⏱️  Scan #678 | Positions: 933 | Watchlist: 365 | Opps found: 82 | ETH gas: 0.0482 gwei | Vectors: 4/6 active

  ┌─ STATUS [8:58:25] ─────────────────────────────────────────┐
  │ Profits: 0/5 | Total P&L: $0.00 | Phase: phase_1_cold_start
  │ Positions: 933 | Opps: found=82 exec=77 skip=5
  │ Vectors: standard_liquidation=2, preemptive_liquidation=75, new_protocol=5, undercollateralized_pool=2037
  │ Gas: 0.0482 gwei | Engine: RUNNING
  └──────────────────────────────────────────────────────────┘
   📇 Chain 1: +1 borrowers from 2318 events (total tracked: 934)
   ⏱️  Scan #679 | Positions: 934 | Watchlist: 364 | Opps found: 82 | ETH gas: 0.0480 gwei | Vectors: 4/6 active

  ┌─ STATUS [8:59:25] ─────────────────────────────────────────┐
  │ Profits: 0/5 | Total P&L: $0.00 | Phase: phase_1_cold_start
  │ Positions: 934 | Opps: found=82 exec=77 skip=5
  │ Vectors: standard_liquidation=2, preemptive_liquidation=75, new_protocol=5, undercollateralized_pool=2040
  │ Gas: 0.0480 gwei | Engine: RUNNING
  └──────────────────────────────────────────────────────────┘

  📊 [phase_1_cold_start] 9.00h | P&L: $0.00 | Rate: $0.00/hr | TXs: 77 | Cap: $0.00 | Mult: inactive
   ⏱️  Scan #680 | Positions: 934 | Watchlist: 362 | Opps found: 82 | ETH gas: 0.0452 gwei | Vectors: 4/6 active

  ┌─ STATUS [9:00:11] ─────────────────────────────────────────┐
  │ Profits: 0/5 | Total P&L: $0.00 | Phase: phase_1_cold_start
  │ Positions: 934 | Opps: found=82 exec=77 skip=5
  │ Vectors: standard_liquidation=2, preemptive_liquidation=75, new_protocol=5, undercollateralized_pool=2043
  │ Gas: 0.0452 gwei | Engine: RUNNING
  └──────────────────────────────────────────────────────────┘
   ⚡ [ZRP] positions=936 checks=10230 fired=0 confirmed=0 reverted=0 profit=$0.00 gas=$0.0000
      Index: ETH/USD:936
   📡 [RPC Gateway] reqs=0 rps=0.0 batched=0 failovers=0 429s=0
   ⏱️  Scan #681 | Positions: 934 | Watchlist: 362 | Opps found: 82 | ETH gas: 0.0400 gwei | Vectors: 4/6 active

  ┌─ STATUS [9:01:06] ─────────────────────────────────────────┐
  │ Profits: 0/5 | Total P&L: $0.00 | Phase: phase_1_cold_start
  │ Positions: 934 | Opps: found=82 exec=77 skip=5
  │ Vectors: standard_liquidation=2, preemptive_liquidation=75, new_protocol=5, undercollateralized_pool=2046
  │ Gas: 0.0400 gwei | Engine: RUNNING
  └──────────────────────────────────────────────────────────┘

  📊 [phase_1_cold_start] 9.03h | P&L: $0.00 | Rate: $0.00/hr | TXs: 77 | Cap: $0.00 | Mult: inactive
   ⏱️  Scan #682 | Positions: 934 | Watchlist: 362 | Opps found: 82 | ETH gas: 0.0357 gwei | Vectors: 4/6 active

  🔧 ADAPTIVE: No new profits in 300s
     min_profit: $0.01 → $0.01
     min_confidence: 0.01 → 0.01
     Positions tracked: 934

  📊 HEALTH FACTOR DISTRIBUTION (sampled 30 of 934):
           <1.0:   0 
       1.0-1.05:   0 
      1.05-1.10:   0 
      1.10-1.20:   2 ██
      1.20-1.50:   3 ███
          >1.50:  25 █████████████████████████
          error:   0 
     Closest to liquidation: HF=1.1135 debt=$4,547 (0xcc7373ec...)

  ┌─ STATUS [9:02:05] ─────────────────────────────────────────┐
  │ Profits: 0/5 | Total P&L: $0.00 | Phase: phase_1_cold_start
  │ Positions: 934 | Opps: found=82 exec=77 skip=5
  │ Vectors: standard_liquidation=2, preemptive_liquidation=75, new_protocol=5, undercollateralized_pool=2049
  │ Gas: 0.0357 gwei | Engine: RUNNING
  └──────────────────────────────────────────────────────────┘
   📇 Chain 1: +1 borrowers from 2321 events (total tracked: 935)
   ⏱️  Scan #683 | Positions: 935 | Watchlist: 361 | Opps found: 82 | ETH gas: 0.0424 gwei | Vectors: 4/6 active

  ┌─ STATUS [9:02:54] ─────────────────────────────────────────┐
  │ Profits: 0/5 | Total P&L: $0.00 | Phase: phase_1_cold_start
  │ Positions: 935 | Opps: found=82 exec=77 skip=5
  │ Vectors: standard_liquidation=2, preemptive_liquidation=75, new_protocol=5, undercollateralized_pool=2052
  │ Gas: 0.0424 gwei | Engine: RUNNING
  └──────────────────────────────────────────────────────────┘

  📊 [phase_1_cold_start] 9.05h | P&L: $0.00 | Rate: $0.00/hr | TXs: 77 | Cap: $0.00 | Mult: inactive
   ⚡ [ZRP] positions=937 checks=10275 fired=0 confirmed=0 reverted=0 profit=$0.00 gas=$0.0000
      Index: ETH/USD:937
   📡 [RPC Gateway] reqs=0 rps=0.0 batched=0 failovers=0 429s=0
   ⏱️  Scan #684 | Positions: 935 | Watchlist: 360 | Opps found: 82 | ETH gas: 0.0429 gwei | Vectors: 4/6 active

  ┌─ STATUS [9:03:45] ─────────────────────────────────────────┐
  │ Profits: 0/5 | Total P&L: $0.00 | Phase: phase_1_cold_start
  │ Positions: 935 | Opps: found=82 exec=77 skip=5
  │ Vectors: standard_liquidation=2, preemptive_liquidation=75, new_protocol=5, undercollateralized_pool=2055
  │ Gas: 0.0429 gwei | Engine: RUNNING
  └──────────────────────────────────────────────────────────┘
   📇 Chain 1: +1 borrowers from 2324 events (total tracked: 936)

  📊 [phase_1_cold_start] 9.08h | P&L: $0.00 | Rate: $0.00/hr | TXs: 77 | Cap: $0.00 | Mult: inactive
   ⏱️  Scan #685 | Positions: 936 | Watchlist: 360 | Opps found: 82 | ETH gas: 0.0315 gwei | Vectors: 4/6 active

  ┌─ STATUS [9:04:40] ─────────────────────────────────────────┐
  │ Profits: 0/5 | Total P&L: $0.00 | Phase: phase_1_cold_start
  │ Positions: 936 | Opps: found=82 exec=77 skip=5
  │ Vectors: standard_liquidation=2, preemptive_liquidation=75, new_protocol=5, undercollateralized_pool=2058
  │ Gas: 0.0315 gwei | Engine: RUNNING
  └──────────────────────────────────────────────────────────┘
   ⏱️  Scan #686 | Positions: 936 | Watchlist: 360 | Opps found: 82 | ETH gas: 0.0354 gwei | Vectors: 4/6 active

  ┌─ STATUS [9:05:28] ─────────────────────────────────────────┐
  │ Profits: 0/5 | Total P&L: $0.00 | Phase: phase_1_cold_start
  │ Positions: 936 | Opps: found=82 exec=77 skip=5
  │ Vectors: standard_liquidation=2, preemptive_liquidation=75, new_protocol=5, undercollateralized_pool=2061
  │ Gas: 0.0354 gwei | Engine: RUNNING
  └──────────────────────────────────────────────────────────┘

  📊 [phase_1_cold_start] 9.11h | P&L: $0.00 | Rate: $0.00/hr | TXs: 77 | Cap: $0.00 | Mult: inactive
   ⚡ [ZRP] positions=938 checks=10320 fired=0 confirmed=0 reverted=0 profit=$0.00 gas=$0.0000
      Index: ETH/USD:938
   📡 [RPC Gateway] reqs=0 rps=0.0 batched=0 failovers=0 429s=0
   ⏱️  Scan #687 | Positions: 936 | Watchlist: 361 | Opps found: 82 | ETH gas: 0.0354 gwei | Vectors: 4/6 active

  ┌─ STATUS [9:06:24] ─────────────────────────────────────────┐
  │ Profits: 0/5 | Total P&L: $0.00 | Phase: phase_1_cold_start
  │ Positions: 936 | Opps: found=82 exec=77 skip=5
  │ Vectors: standard_liquidation=2, preemptive_liquidation=75, new_protocol=5, undercollateralized_pool=2064
  │ Gas: 0.0354 gwei | Engine: RUNNING
  └──────────────────────────────────────────────────────────┘
   ⏱️  Scan #688 | Positions: 936 | Watchlist: 360 | Opps found: 82 | ETH gas: 0.0439 gwei | Vectors: 4/6 active

  ┌─ STATUS [9:07:20] ─────────────────────────────────────────┐
  │ Profits: 0/5 | Total P&L: $0.00 | Phase: phase_1_cold_start
  │ Positions: 936 | Opps: found=82 exec=77 skip=5
  │ Vectors: standard_liquidation=2, preemptive_liquidation=75, new_protocol=5, undercollateralized_pool=2067
  │ Gas: 0.0439 gwei | Engine: RUNNING
  └──────────────────────────────────────────────────────────┘

  🔧 ADAPTIVE: No new profits in 300s
     min_profit: $0.01 → $0.01
     min_confidence: 0.01 → 0.01
     Positions tracked: 936

  📊 HEALTH FACTOR DISTRIBUTION (sampled 30 of 936):
           <1.0:   0 
       1.0-1.05:   0 
      1.05-1.10:   0 
      1.10-1.20:   2 ██
      1.20-1.50:   3 ███
          >1.50:  25 █████████████████████████
          error:   0 
     Closest to liquidation: HF=1.1137 debt=$4,547 (0xcc7373ec...)
   ⚠️ SELF-HEAL: No new opportunities in 10 minutes — relaxing thresholds

  📊 [phase_1_cold_start] 9.13h | P&L: $0.00 | Rate: $0.00/hr | TXs: 77 | Cap: $0.00 | Mult: inactive
   ⏱️  Scan #689 | Positions: 936 | Watchlist: 360 | Opps found: 82 | ETH gas: 0.0408 gwei | Vectors: 4/6 active

  ┌─ STATUS [9:08:15] ─────────────────────────────────────────┐
  │ Profits: 0/5 | Total P&L: $0.00 | Phase: phase_1_cold_start
  │ Positions: 936 | Opps: found=82 exec=77 skip=5
  │ Vectors: standard_liquidation=2, preemptive_liquidation=75, new_protocol=5, undercollateralized_pool=2070
  │ Gas: 0.0408 gwei | Engine: RUNNING
  └──────────────────────────────────────────────────────────┘
   📡 [RPC Gateway] reqs=0 rps=0.0 batched=0 failovers=0 429s=0
   ⚡ [ZRP] positions=938 checks=10365 fired=0 confirmed=0 reverted=0 profit=$0.00 gas=$0.0000
      Index: ETH/USD:938
   ⏱️  Scan #690 | Positions: 936 | Watchlist: 360 | Opps found: 82 | ETH gas: 0.0455 gwei | Vectors: 4/6 active

  ┌─ STATUS [9:09:10] ─────────────────────────────────────────┐
  │ Profits: 0/5 | Total P&L: $0.00 | Phase: phase_1_cold_start
  │ Positions: 936 | Opps: found=82 exec=77 skip=5
  │ Vectors: standard_liquidation=2, preemptive_liquidation=75, new_protocol=5, undercollateralized_pool=2073
  │ Gas: 0.0455 gwei | Engine: RUNNING
  └──────────────────────────────────────────────────────────┘
   📇 Chain 1: +1 borrowers from 2321 events (total tracked: 937)

  📊 [phase_1_cold_start] 9.16h | P&L: $0.00 | Rate: $0.00/hr | TXs: 77 | Cap: $0.00 | Mult: inactive
   ⏱️  Scan #691 | Positions: 937 | Watchlist: 360 | Opps found: 82 | ETH gas: 0.0439 gwei | Vectors: 4/6 active

  ┌─ STATUS [9:10:08] ─────────────────────────────────────────┐
  │ Profits: 0/5 | Total P&L: $0.00 | Phase: phase_1_cold_start
  │ Positions: 937 | Opps: found=82 exec=77 skip=5
  │ Vectors: standard_liquidation=2, preemptive_liquidation=75, new_protocol=5, undercollateralized_pool=2076
  │ Gas: 0.0439 gwei | Engine: RUNNING
  └──────────────────────────────────────────────────────────┘
   ⏱️  Scan #692 | Positions: 937 | Watchlist: 360 | Opps found: 82 | ETH gas: 0.0437 gwei | Vectors: 4/6 active

  ┌─ STATUS [9:10:57] ─────────────────────────────────────────┐
  │ Profits: 0/5 | Total P&L: $0.00 | Phase: phase_1_cold_start
  │ Positions: 937 | Opps: found=82 exec=77 skip=5
  │ Vectors: standard_liquidation=2, preemptive_liquidation=75, new_protocol=5, undercollateralized_pool=2079
  │ Gas: 0.0437 gwei | Engine: RUNNING
  └──────────────────────────────────────────────────────────┘

  📊 [phase_1_cold_start] 9.19h | P&L: $0.00 | Rate: $0.00/hr | TXs: 77 | Cap: $0.00 | Mult: inactive
   ⚡ [ZRP] positions=939 checks=10410 fired=0 confirmed=0 reverted=0 profit=$0.00 gas=$0.0000
      Index: ETH/USD:939
   📡 [RPC Gateway] reqs=0 rps=0.0 batched=0 failovers=0 429s=0
   ⏱️  Scan #693 | Positions: 937 | Watchlist: 361 | Opps found: 82 | ETH gas: 0.0484 gwei | Vectors: 4/6 active

  ┌─ STATUS [9:11:55] ─────────────────────────────────────────┐
  │ Profits: 0/5 | Total P&L: $0.00 | Phase: phase_1_cold_start
  │ Positions: 937 | Opps: found=82 exec=77 skip=5
  │ Vectors: standard_liquidation=2, preemptive_liquidation=75, new_protocol=5, undercollateralized_pool=2082
  │ Gas: 0.0484 gwei | Engine: RUNNING
  └──────────────────────────────────────────────────────────┘
   ⏱️  Scan #694 | Positions: 937 | Watchlist: 361 | Opps found: 82 | ETH gas: 0.0503 gwei | Vectors: 4/6 active

  ┌─ STATUS [9:12:39] ─────────────────────────────────────────┐
  │ Profits: 0/5 | Total P&L: $0.00 | Phase: phase_1_cold_start
  │ Positions: 937 | Opps: found=82 exec=77 skip=5
  │ Vectors: standard_liquidation=2, preemptive_liquidation=75, new_protocol=5, undercollateralized_pool=2085
  │ Gas: 0.0503 gwei | Engine: RUNNING
  └──────────────────────────────────────────────────────────┘

  📊 [phase_1_cold_start] 9.22h | P&L: $0.00 | Rate: $0.00/hr | TXs: 77 | Cap: $0.00 | Mult: inactive
   ⏱️  Scan #695 | Positions: 937 | Watchlist: 361 | Opps found: 82 | ETH gas: 0.0502 gwei | Vectors: 4/6 active

  🔧 ADAPTIVE: No new profits in 300s
     min_profit: $0.01 → $0.01
     min_confidence: 0.01 → 0.01
     Positions tracked: 937

  📊 HEALTH FACTOR DISTRIBUTION (sampled 30 of 937):
           <1.0:   0 
       1.0-1.05:   0 
      1.05-1.10:   0 
      1.10-1.20:   2 ██
      1.20-1.50:   3 ███
          >1.50:  25 █████████████████████████
          error:   0 
     Closest to liquidation: HF=1.1137 debt=$4,547 (0xcc7373ec...)

  ┌─ STATUS [9:13:35] ─────────────────────────────────────────┐
  │ Profits: 0/5 | Total P&L: $0.00 | Phase: phase_1_cold_start
  │ Positions: 937 | Opps: found=82 exec=77 skip=5
  │ Vectors: standard_liquidation=2, preemptive_liquidation=75, new_protocol=5, undercollateralized_pool=2088
  │ Gas: 0.0502 gwei | Engine: RUNNING
  └──────────────────────────────────────────────────────────┘
   ⏱️  Scan #696 | Positions: 937 | Watchlist: 360 | Opps found: 82 | ETH gas: 0.0520 gwei | Vectors: 4/6 active
   ⚡ [ZRP] positions=939 checks=10455 fired=0 confirmed=0 reverted=0 profit=$0.00 gas=$0.0000
      Index: ETH/USD:939
   📡 [RPC Gateway] reqs=0 rps=0.0 batched=0 failovers=0 429s=0

  ┌─ STATUS [9:14:31] ─────────────────────────────────────────┐
  │ Profits: 0/5 | Total P&L: $0.00 | Phase: phase_1_cold_start
  │ Positions: 937 | Opps: found=82 exec=77 skip=5
  │ Vectors: standard_liquidation=2, preemptive_liquidation=75, new_protocol=5, undercollateralized_pool=2091
  │ Gas: 0.0520 gwei | Engine: RUNNING
  └──────────────────────────────────────────────────────────┘

  📊 [phase_1_cold_start] 9.25h | P&L: $0.00 | Rate: $0.00/hr | TXs: 77 | Cap: $0.00 | Mult: inactive
   📝 Queued execution 20dedf10... (priority 8)
   🎯 [preemptive_liquidation] chain=1 profit=$108.84 conf=6% pri=8
   📝 Queued execution 8dc9c32f... (priority 8)
   🎯 [preemptive_liquidation] chain=1 profit=$109.09 conf=6% pri=8
   ⏱️  Scan #697 | Positions: 937 | Watchlist: 358 | Opps found: 84 | ETH gas: 0.0418 gwei | Vectors: 4/6 active

  ┌─ STATUS [9:15:18] ─────────────────────────────────────────┐
  │ Profits: 0/5 | Total P&L: $0.00 | Phase: phase_1_cold_start
  │ Positions: 937 | Opps: found=84 exec=79 skip=5
  │ Vectors: standard_liquidation=2, preemptive_liquidation=77, new_protocol=5, undercollateralized_pool=2094
  │ Gas: 0.0418 gwei | Engine: RUNNING
  └──────────────────────────────────────────────────────────┘
   ❌ EXEC FAILED chain=1 user=?... reason=Unknown format '', attempted to normalize to '0x'
   ✅ Execution 20dedf10... completed: failed
   ❌ EXEC FAILED chain=1 user=?... reason=Unknown format '', attempted to normalize to '0x'
   ✅ Execution 8dc9c32f... completed: failed
   ⏱️  Scan #698 | Positions: 937 | Watchlist: 358 | Opps found: 84 | ETH gas: 0.0590 gwei | Vectors: 4/6 active

  ┌─ STATUS [9:16:09] ─────────────────────────────────────────┐
  │ Profits: 0/5 | Total P&L: $0.00 | Phase: phase_1_cold_start
  │ Positions: 937 | Opps: found=84 exec=79 skip=5
  │ Vectors: standard_liquidation=2, preemptive_liquidation=77, new_protocol=5, undercollateralized_pool=2097
  │ Gas: 0.0590 gwei | Engine: RUNNING
  └──────────────────────────────────────────────────────────┘

  📊 [phase_1_cold_start] 9.28h | P&L: $0.00 | Rate: $0.00/hr | TXs: 79 | Cap: $0.00 | Mult: inactive
   📇 Chain 1: +1 borrowers from 2327 events (total tracked: 938)
   ⏱️  Scan #699 | Positions: 938 | Watchlist: 358 | Opps found: 84 | ETH gas: 0.0585 gwei | Vectors: 4/6 active
   ⚡ [ZRP] positions=940 checks=10500 fired=0 confirmed=0 reverted=0 profit=$0.00 gas=$0.0000
      Index: ETH/USD:940
   📡 [RPC Gateway] reqs=0 rps=0.0 batched=0 failovers=0 429s=0

  ┌─ STATUS [9:17:07] ─────────────────────────────────────────┐
  │ Profits: 0/5 | Total P&L: $0.00 | Phase: phase_1_cold_start
  │ Positions: 938 | Opps: found=84 exec=79 skip=5
  │ Vectors: standard_liquidation=2, preemptive_liquidation=77, new_protocol=5, undercollateralized_pool=2100
  │ Gas: 0.0585 gwei | Engine: RUNNING
  └──────────────────────────────────────────────────────────┘
   ⏱️  Scan #700 | Positions: 938 | Watchlist: 357 | Opps found: 84 | ETH gas: 0.0689 gwei | Vectors: 4/6 active

  ┌─ STATUS [9:17:53] ─────────────────────────────────────────┐
  │ Profits: 0/5 | Total P&L: $0.00 | Phase: phase_1_cold_start
  │ Positions: 938 | Opps: found=84 exec=79 skip=5
  │ Vectors: standard_liquidation=2, preemptive_liquidation=77, new_protocol=5, undercollateralized_pool=2103
  │ Gas: 0.0689 gwei | Engine: RUNNING
  └──────────────────────────────────────────────────────────┘

  📊 [phase_1_cold_start] 9.30h | P&L: $0.00 | Rate: $0.00/hr | TXs: 79 | Cap: $0.00 | Mult: inactive
   👁️  WATCHLIST +1: HF=1.1366 debt=$97 chain=1 (0x38272a1eb3...)
   ⏱️  Scan #701 | Positions: 938 | Watchlist: 359 | Opps found: 84 | ETH gas: 0.0649 gwei | Vectors: 4/6 active

  ┌─ STATUS [9:18:48] ─────────────────────────────────────────┐
  │ Profits: 0/5 | Total P&L: $0.00 | Phase: phase_1_cold_start
  │ Positions: 938 | Opps: found=84 exec=79 skip=5
  │ Vectors: standard_liquidation=2, preemptive_liquidation=77, new_protocol=5, undercollateralized_pool=2106
  │ Gas: 0.0649 gwei | Engine: RUNNING
  └──────────────────────────────────────────────────────────┘

  🔧 ADAPTIVE: No new profits in 300s
     min_profit: $0.01 → $0.01
     min_confidence: 0.01 → 0.01
     Positions tracked: 938

  📊 HEALTH FACTOR DISTRIBUTION (sampled 30 of 938):
           <1.0:   0 
       1.0-1.05:   0 
      1.05-1.10:   0 
      1.10-1.20:   2 ██
      1.20-1.50:   3 ███
          >1.50:  25 █████████████████████████
          error:   0 
     Closest to liquidation: HF=1.1137 debt=$4,547 (0xcc7373ec...)
   ⚠️ SELF-HEAL: No new opportunities in 10 minutes — relaxing thresholds

  📊 [phase_1_cold_start] 9.33h | P&L: $0.00 | Rate: $0.00/hr | TXs: 79 | Cap: $0.00 | Mult: inactive
   ⏱️  Scan #702 | Positions: 938 | Watchlist: 359 | Opps found: 84 | ETH gas: 0.0570 gwei | Vectors: 4/6 active
   📡 [RPC Gateway] reqs=0 rps=0.0 batched=0 failovers=0 429s=0
   ⚡ [ZRP] positions=940 checks=10545 fired=0 confirmed=0 reverted=0 profit=$0.00 gas=$0.0000
      Index: ETH/USD:940

  ┌─ STATUS [9:19:46] ─────────────────────────────────────────┐
  │ Profits: 0/5 | Total P&L: $0.00 | Phase: phase_1_cold_start
  │ Positions: 938 | Opps: found=84 exec=79 skip=5
  │ Vectors: standard_liquidation=2, preemptive_liquidation=77, new_protocol=5, undercollateralized_pool=2108
  │ Gas: 0.0570 gwei | Engine: RUNNING
  └──────────────────────────────────────────────────────────┘
   📇 Chain 1: +1 borrowers from 2327 events (total tracked: 939)
   📇 Chain 137: +1 borrowers from 49 events (total tracked: 940)
   📝 Queued execution 328ede3b... (priority 8)
   🎯 [preemptive_liquidation] chain=1 profit=$101.63 conf=5% pri=8
   ⏱️  Scan #703 | Positions: 940 | Watchlist: 359 | Opps found: 85 | ETH gas: 0.0600 gwei | Vectors: 4/6 active

  ┌─ STATUS [9:20:32] ─────────────────────────────────────────┐
  │ Profits: 0/5 | Total P&L: $0.00 | Phase: phase_1_cold_start
  │ Positions: 940 | Opps: found=85 exec=80 skip=5
  │ Vectors: standard_liquidation=2, preemptive_liquidation=78, new_protocol=5, undercollateralized_pool=2110
  │ Gas: 0.0600 gwei | Engine: RUNNING
  └──────────────────────────────────────────────────────────┘
   ❌ EXEC FAILED chain=1 user=?... reason=Unknown format '', attempted to normalize to '0x'
   ✅ Execution 328ede3b... completed: failed

  📊 [phase_1_cold_start] 9.36h | P&L: $0.00 | Rate: $0.00/hr | TXs: 80 | Cap: $0.00 | Mult: inactive
   ⏱️  Scan #704 | Positions: 940 | Watchlist: 359 | Opps found: 85 | ETH gas: 0.0725 gwei | Vectors: 4/6 active

  ┌─ STATUS [9:21:23] ─────────────────────────────────────────┐
  │ Profits: 0/5 | Total P&L: $0.00 | Phase: phase_1_cold_start
  │ Positions: 940 | Opps: found=85 exec=80 skip=5
  │ Vectors: standard_liquidation=2, preemptive_liquidation=78, new_protocol=5, undercollateralized_pool=2112
  │ Gas: 0.0725 gwei | Engine: RUNNING
  └──────────────────────────────────────────────────────────┘
   ⏱️  Scan #705 | Positions: 940 | Watchlist: 359 | Opps found: 85 | ETH gas: 0.0697 gwei | Vectors: 4/6 active
   ⚡ [ZRP] positions=942 checks=10590 fired=0 confirmed=0 reverted=0 profit=$0.00 gas=$0.0000
      Index: ETH/USD:942
   📡 [RPC Gateway] reqs=0 rps=0.0 batched=0 failovers=0 429s=0

  ┌─ STATUS [9:22:21] ─────────────────────────────────────────┐
  │ Profits: 0/5 | Total P&L: $0.00 | Phase: phase_1_cold_start
  │ Positions: 940 | Opps: found=85 exec=80 skip=5
  │ Vectors: standard_liquidation=2, preemptive_liquidation=78, new_protocol=5, undercollateralized_pool=2114
  │ Gas: 0.0697 gwei | Engine: RUNNING
  └──────────────────────────────────────────────────────────┘

  📊 [phase_1_cold_start] 9.38h | P&L: $0.00 | Rate: $0.00/hr | TXs: 80 | Cap: $0.00 | Mult: inactive
   ⏱️  Scan #706 | Positions: 940 | Watchlist: 359 | Opps found: 85 | ETH gas: 0.0700 gwei | Vectors: 4/6 active

  ┌─ STATUS [9:23:07] ─────────────────────────────────────────┐
  │ Profits: 0/5 | Total P&L: $0.00 | Phase: phase_1_cold_start
  │ Positions: 940 | Opps: found=85 exec=80 skip=5
  │ Vectors: standard_liquidation=2, preemptive_liquidation=78, new_protocol=5, undercollateralized_pool=2116
  │ Gas: 0.0700 gwei | Engine: RUNNING
  └──────────────────────────────────────────────────────────┘
   ⏱️  Scan #707 | Positions: 940 | Watchlist: 359 | Opps found: 85 | ETH gas: 0.0763 gwei | Vectors: 4/6 active

  ┌─ STATUS [9:24:04] ─────────────────────────────────────────┐
  │ Profits: 0/5 | Total P&L: $0.00 | Phase: phase_1_cold_start
  │ Positions: 940 | Opps: found=85 exec=80 skip=5
  │ Vectors: standard_liquidation=2, preemptive_liquidation=78, new_protocol=5, undercollateralized_pool=2118
  │ Gas: 0.0763 gwei | Engine: RUNNING
  └──────────────────────────────────────────────────────────┘

  📊 [phase_1_cold_start] 9.41h | P&L: $0.00 | Rate: $0.00/hr | TXs: 80 | Cap: $0.00 | Mult: inactive
   👁️  WATCHLIST +1: HF=1.0452 debt=$1,564,920 chain=1 (0xe7cd2fa44c...)
   ⏱️  Scan #708 | Positions: 940 | Watchlist: 359 | Opps found: 85 | ETH gas: 0.0737 gwei | Vectors: 4/6 active
   📡 [RPC Gateway] reqs=0 rps=0.0 batched=0 failovers=0 429s=0
   ⚡ [ZRP] positions=942 checks=10635 fired=0 confirmed=0 reverted=0 profit=$0.00 gas=$0.0000
      Index: ETH/USD:942

  🔧 ADAPTIVE: No new profits in 300s
     min_profit: $0.01 → $0.01
     min_confidence: 0.01 → 0.01
     Positions tracked: 940

  📊 HEALTH FACTOR DISTRIBUTION (sampled 30 of 940):
           <1.0:   0 
       1.0-1.05:   0 
      1.05-1.10:   0 
      1.10-1.20:   2 ██
      1.20-1.50:   3 ███
          >1.50:  25 █████████████████████████
          error:   0 
     Closest to liquidation: HF=1.1199 debt=$4,547 (0xcc7373ec...)

  ┌─ STATUS [9:25:02] ─────────────────────────────────────────┐
  │ Profits: 0/5 | Total P&L: $0.00 | Phase: phase_1_cold_start
  │ Positions: 940 | Opps: found=85 exec=80 skip=5
  │ Vectors: standard_liquidation=2, preemptive_liquidation=78, new_protocol=5, undercollateralized_pool=2120
  │ Gas: 0.0737 gwei | Engine: RUNNING
  └──────────────────────────────────────────────────────────┘
   📇 Chain 1: +1 borrowers from 2326 events (total tracked: 941)
   ⏱️  Scan #709 | Positions: 941 | Watchlist: 359 | Opps found: 85 | ETH gas: 0.0673 gwei | Vectors: 4/6 active

  ┌─ STATUS [9:25:53] ─────────────────────────────────────────┐
  │ Profits: 0/5 | Total P&L: $0.00 | Phase: phase_1_cold_start
  │ Positions: 941 | Opps: found=85 exec=80 skip=5
  │ Vectors: standard_liquidation=2, preemptive_liquidation=78, new_protocol=5, undercollateralized_pool=2122
  │ Gas: 0.0673 gwei | Engine: RUNNING
  └──────────────────────────────────────────────────────────┘

  📊 [phase_1_cold_start] 9.43h | P&L: $0.00 | Rate: $0.00/hr | TXs: 80 | Cap: $0.00 | Mult: inactive
   ⏱️  Scan #710 | Positions: 941 | Watchlist: 358 | Opps found: 85 | ETH gas: 0.0714 gwei | Vectors: 4/6 active

  ┌─ STATUS [9:26:48] ─────────────────────────────────────────┐
  │ Profits: 0/5 | Total P&L: $0.00 | Phase: phase_1_cold_start
  │ Positions: 941 | Opps: found=85 exec=80 skip=5
  │ Vectors: standard_liquidation=2, preemptive_liquidation=78, new_protocol=5, undercollateralized_pool=2124
  │ Gas: 0.0714 gwei | Engine: RUNNING
  └──────────────────────────────────────────────────────────┘

  📊 [phase_1_cold_start] 9.46h | P&L: $0.00 | Rate: $0.00/hr | TXs: 80 | Cap: $0.00 | Mult: inactive
   ⚡ [ZRP] positions=943 checks=10680 fired=0 confirmed=0 reverted=0 profit=$0.00 gas=$0.0000
      Index: ETH/USD:943
   📡 [RPC Gateway] reqs=0 rps=0.0 batched=0 failovers=0 429s=0
   ⏱️  Scan #711 | Positions: 941 | Watchlist: 358 | Opps found: 85 | ETH gas: 0.0663 gwei | Vectors: 4/6 active

  ┌─ STATUS [9:27:46] ─────────────────────────────────────────┐
  │ Profits: 0/5 | Total P&L: $0.00 | Phase: phase_1_cold_start
  │ Positions: 941 | Opps: found=85 exec=80 skip=5
  │ Vectors: standard_liquidation=2, preemptive_liquidation=78, new_protocol=5, undercollateralized_pool=2126
  │ Gas: 0.0663 gwei | Engine: RUNNING
  └──────────────────────────────────────────────────────────┘
   ⏱️  Scan #712 | Positions: 941 | Watchlist: 358 | Opps found: 85 | ETH gas: 0.0655 gwei | Vectors: 4/6 active

  ┌─ STATUS [9:28:35] ─────────────────────────────────────────┐
  │ Profits: 0/5 | Total P&L: $0.00 | Phase: phase_1_cold_start
  │ Positions: 941 | Opps: found=85 exec=80 skip=5
  │ Vectors: standard_liquidation=2, preemptive_liquidation=78, new_protocol=5, undercollateralized_pool=2128
  │ Gas: 0.0655 gwei | Engine: RUNNING
  └──────────────────────────────────────────────────────────┘
   📇 Chain 1: +1 borrowers from 2327 events (total tracked: 942)
   ⚠️ SELF-HEAL: No new opportunities in 10 minutes — relaxing thresholds

  📊 [phase_1_cold_start] 9.49h | P&L: $0.00 | Rate: $0.00/hr | TXs: 80 | Cap: $0.00 | Mult: inactive
   ⏱️  Scan #713 | Positions: 942 | Watchlist: 358 | Opps found: 85 | ETH gas: 0.0694 gwei | Vectors: 4/6 active

  ┌─ STATUS [9:29:33] ─────────────────────────────────────────┐
  │ Profits: 0/5 | Total P&L: $0.00 | Phase: phase_1_cold_start
  │ Positions: 942 | Opps: found=85 exec=80 skip=5
  │ Vectors: standard_liquidation=2, preemptive_liquidation=78, new_protocol=5, undercollateralized_pool=2130
  │ Gas: 0.0694 gwei | Engine: RUNNING
  └──────────────────────────────────────────────────────────┘
   ⚡ [ZRP] positions=944 checks=10725 fired=0 confirmed=0 reverted=0 profit=$0.00 gas=$0.0000
      Index: ETH/USD:944
   📡 [RPC Gateway] reqs=0 rps=0.0 batched=0 failovers=0 429s=0
   ⏱️  Scan #714 | Positions: 942 | Watchlist: 356 | Opps found: 85 | ETH gas: 0.0670 gwei | Vectors: 4/6 active

  🔧 ADAPTIVE: No new profits in 300s
     min_profit: $0.01 → $0.01
     min_confidence: 0.01 → 0.01
     Positions tracked: 942

  📊 HEALTH FACTOR DISTRIBUTION (sampled 30 of 942):
           <1.0:   0 
       1.0-1.05:   0 
      1.05-1.10:   0 
      1.10-1.20:   2 ██
      1.20-1.50:   3 ███
          >1.50:  25 █████████████████████████
          error:   0 
     Closest to liquidation: HF=1.1199 debt=$4,547 (0xcc7373ec...)

  ┌─ STATUS [9:30:19] ─────────────────────────────────────────┐
  │ Profits: 0/5 | Total P&L: $0.00 | Phase: phase_1_cold_start
  │ Positions: 942 | Opps: found=85 exec=80 skip=5
  │ Vectors: standard_liquidation=2, preemptive_liquidation=78, new_protocol=5, undercollateralized_pool=2132
  │ Gas: 0.0670 gwei | Engine: RUNNING
  └──────────────────────────────────────────────────────────┘
   👁️  WATCHLIST +1: HF=1.1420 debt=$3,413 chain=137 (0x821d0defd7...)

  📊 [phase_1_cold_start] 9.52h | P&L: $0.00 | Rate: $0.00/hr | TXs: 80 | Cap: $0.00 | Mult: inactive
   ⏱️  Scan #715 | Positions: 942 | Watchlist: 355 | Opps found: 85 | ETH gas: 0.0561 gwei | Vectors: 4/6 active

  ┌─ STATUS [9:31:13] ─────────────────────────────────────────┐
  │ Profits: 0/5 | Total P&L: $0.00 | Phase: phase_1_cold_start
  │ Positions: 942 | Opps: found=85 exec=80 skip=5
  │ Vectors: standard_liquidation=2, preemptive_liquidation=78, new_protocol=5, undercollateralized_pool=2134
  │ Gas: 0.0561 gwei | Engine: RUNNING
  └──────────────────────────────────────────────────────────┘
   ⏱️  Scan #716 | Positions: 942 | Watchlist: 355 | Opps found: 85 | ETH gas: 0.0575 gwei | Vectors: 4/6 active

  ┌─ STATUS [9:32:09] ─────────────────────────────────────────┐
  │ Profits: 0/5 | Total P&L: $0.00 | Phase: phase_1_cold_start
  │ Positions: 942 | Opps: found=85 exec=80 skip=5
  │ Vectors: standard_liquidation=2, preemptive_liquidation=78, new_protocol=5, undercollateralized_pool=2136
  │ Gas: 0.0575 gwei | Engine: RUNNING
  └──────────────────────────────────────────────────────────┘
   📇 Chain 137: +1 borrowers from 48 events (total tracked: 943)

  📊 [phase_1_cold_start] 9.55h | P&L: $0.00 | Rate: $0.00/hr | TXs: 80 | Cap: $0.00 | Mult: inactive
   ⚡ [ZRP] positions=945 checks=10770 fired=0 confirmed=0 reverted=0 profit=$0.00 gas=$0.0000
      Index: ETH/USD:945
   📡 [RPC Gateway] reqs=0 rps=0.0 batched=0 failovers=0 429s=0
   ⏱️  Scan #717 | Positions: 943 | Watchlist: 355 | Opps found: 85 | ETH gas: 0.0610 gwei | Vectors: 4/6 active

  ┌─ STATUS [9:33:08] ─────────────────────────────────────────┐
  │ Profits: 0/5 | Total P&L: $0.00 | Phase: phase_1_cold_start
  │ Positions: 943 | Opps: found=85 exec=80 skip=5
  │ Vectors: standard_liquidation=2, preemptive_liquidation=78, new_protocol=5, undercollateralized_pool=2138
  │ Gas: 0.0610 gwei | Engine: RUNNING
  └──────────────────────────────────────────────────────────┘
   ⏱️  Scan #718 | Positions: 943 | Watchlist: 355 | Opps found: 85 | ETH gas: 0.0617 gwei | Vectors: 4/6 active

  ┌─ STATUS [9:33:56] ─────────────────────────────────────────┐
  │ Profits: 0/5 | Total P&L: $0.00 | Phase: phase_1_cold_start
  │ Positions: 943 | Opps: found=85 exec=80 skip=5
  │ Vectors: standard_liquidation=2, preemptive_liquidation=78, new_protocol=5, undercollateralized_pool=2140
  │ Gas: 0.0617 gwei | Engine: RUNNING
  └──────────────────────────────────────────────────────────┘

  📊 [phase_1_cold_start] 9.58h | P&L: $0.00 | Rate: $0.00/hr | TXs: 80 | Cap: $0.00 | Mult: inactive
   ⏱️  Scan #719 | Positions: 943 | Watchlist: 354 | Opps found: 85 | ETH gas: 0.0655 gwei | Vectors: 4/6 active

  ┌─ STATUS [9:34:55] ─────────────────────────────────────────┐
  │ Profits: 0/5 | Total P&L: $0.00 | Phase: phase_1_cold_start
  │ Positions: 943 | Opps: found=85 exec=80 skip=5
  │ Vectors: standard_liquidation=2, preemptive_liquidation=78, new_protocol=5, undercollateralized_pool=2142
  │ Gas: 0.0655 gwei | Engine: RUNNING
  └──────────────────────────────────────────────────────────┘
   📡 [RPC Gateway] reqs=0 rps=0.0 batched=0 failovers=0 429s=0
   ⚡ [ZRP] positions=945 checks=10815 fired=0 confirmed=0 reverted=0 profit=$0.00 gas=$0.0000
      Index: ETH/USD:945
   ⏱️  Scan #720 | Positions: 943 | Watchlist: 354 | Opps found: 85 | ETH gas: 0.0647 gwei | Vectors: 4/6 active

  🔧 ADAPTIVE: No new profits in 300s
     min_profit: $0.01 → $0.01
     min_confidence: 0.01 → 0.01
     Positions tracked: 943

  📊 HEALTH FACTOR DISTRIBUTION (sampled 30 of 943):
           <1.0:   0 
       1.0-1.05:   0 
      1.05-1.10:   0 
      1.10-1.20:   2 ██
      1.20-1.50:   3 ███
          >1.50:  25 █████████████████████████
          error:   0 
     Closest to liquidation: HF=1.1199 debt=$4,547 (0xcc7373ec...)

  ┌─ STATUS [9:35:41] ─────────────────────────────────────────┐
  │ Profits: 0/5 | Total P&L: $0.00 | Phase: phase_1_cold_start
  │ Positions: 943 | Opps: found=85 exec=80 skip=5
  │ Vectors: standard_liquidation=2, preemptive_liquidation=78, new_protocol=5, undercollateralized_pool=2144
  │ Gas: 0.0647 gwei | Engine: RUNNING
  └──────────────────────────────────────────────────────────┘
   👁️  WATCHLIST +1: HF=1.1098 debt=$9,184 chain=1 (0x60ffe08b24...)

  📊 [phase_1_cold_start] 9.61h | P&L: $0.00 | Rate: $0.00/hr | TXs: 80 | Cap: $0.00 | Mult: inactive
   ⏱️  Scan #721 | Positions: 943 | Watchlist: 357 | Opps found: 85 | ETH gas: 0.0634 gwei | Vectors: 4/6 active

  ┌─ STATUS [9:36:36] ─────────────────────────────────────────┐
  │ Profits: 0/5 | Total P&L: $0.00 | Phase: phase_1_cold_start
  │ Positions: 943 | Opps: found=85 exec=80 skip=5
  │ Vectors: standard_liquidation=2, preemptive_liquidation=78, new_protocol=5, undercollateralized_pool=2146
  │ Gas: 0.0634 gwei | Engine: RUNNING
  └──────────────────────────────────────────────────────────┘
   ⏱️  Scan #722 | Positions: 943 | Watchlist: 357 | Opps found: 85 | ETH gas: 0.0603 gwei | Vectors: 4/6 active

  ┌─ STATUS [9:37:33] ─────────────────────────────────────────┐
  │ Profits: 0/5 | Total P&L: $0.00 | Phase: phase_1_cold_start
  │ Positions: 943 | Opps: found=85 exec=80 skip=5
  │ Vectors: standard_liquidation=2, preemptive_liquidation=78, new_protocol=5, undercollateralized_pool=2148
  │ Gas: 0.0603 gwei | Engine: RUNNING
  └──────────────────────────────────────────────────────────┘
   📇 Chain 1: +1 borrowers from 2332 events (total tracked: 944)
   📡 [RPC Gateway] reqs=0 rps=0.0 batched=0 failovers=0 429s=0
   ⚡ [ZRP] positions=945 checks=10860 fired=0 confirmed=0 reverted=0 profit=$0.00 gas=$0.0000
      Index: ETH/USD:945

  📊 [phase_1_cold_start] 9.64h | P&L: $0.00 | Rate: $0.00/hr | TXs: 80 | Cap: $0.00 | Mult: inactive
   ⏱️  Scan #723 | Positions: 944 | Watchlist: 357 | Opps found: 85 | ETH gas: 0.0594 gwei | Vectors: 4/6 active

  ┌─ STATUS [9:38:20] ─────────────────────────────────────────┐
  │ Profits: 0/5 | Total P&L: $0.00 | Phase: phase_1_cold_start
  │ Positions: 944 | Opps: found=85 exec=80 skip=5
  │ Vectors: standard_liquidation=2, preemptive_liquidation=78, new_protocol=5, undercollateralized_pool=2150
  │ Gas: 0.0594 gwei | Engine: RUNNING
  └──────────────────────────────────────────────────────────┘
   ⏱️  Scan #724 | Positions: 944 | Watchlist: 358 | Opps found: 85 | ETH gas: 0.0571 gwei | Vectors: 4/6 active

  ┌─ STATUS [9:39:11] ─────────────────────────────────────────┐
  │ Profits: 0/5 | Total P&L: $0.00 | Phase: phase_1_cold_start
  │ Positions: 944 | Opps: found=85 exec=80 skip=5
  │ Vectors: standard_liquidation=2, preemptive_liquidation=78, new_protocol=5, undercollateralized_pool=2152
  │ Gas: 0.0571 gwei | Engine: RUNNING
  └──────────────────────────────────────────────────────────┘
   ⚠️ SELF-HEAL: No new opportunities in 10 minutes — relaxing thresholds

  📊 [phase_1_cold_start] 9.67h | P&L: $0.00 | Rate: $0.00/hr | TXs: 80 | Cap: $0.00 | Mult: inactive
   ⏱️  Scan #725 | Positions: 944 | Watchlist: 358 | Opps found: 85 | ETH gas: 0.0496 gwei | Vectors: 4/6 active

  ┌─ STATUS [9:40:10] ─────────────────────────────────────────┐
  │ Profits: 0/5 | Total P&L: $0.00 | Phase: phase_1_cold_start
  │ Positions: 944 | Opps: found=85 exec=80 skip=5
  │ Vectors: standard_liquidation=2, preemptive_liquidation=78, new_protocol=5, undercollateralized_pool=2154
  │ Gas: 0.0496 gwei | Engine: RUNNING
  └──────────────────────────────────────────────────────────┘
   📡 [RPC Gateway] reqs=0 rps=0.0 batched=0 failovers=0 429s=0
   ⚡ [ZRP] positions=946 checks=10905 fired=0 confirmed=0 reverted=0 profit=$0.00 gas=$0.0000
      Index: ETH/USD:946
   ⏱️  Scan #726 | Positions: 944 | Watchlist: 358 | Opps found: 85 | ETH gas: 0.0570 gwei | Vectors: 4/6 active

  ┌─ STATUS [9:40:58] ─────────────────────────────────────────┐
  │ Profits: 0/5 | Total P&L: $0.00 | Phase: phase_1_cold_start
  │ Positions: 944 | Opps: found=85 exec=80 skip=5
  │ Vectors: standard_liquidation=2, preemptive_liquidation=78, new_protocol=5, undercollateralized_pool=2156
  │ Gas: 0.0570 gwei | Engine: RUNNING
  └──────────────────────────────────────────────────────────┘

  🔧 ADAPTIVE: No new profits in 300s
     min_profit: $0.01 → $0.01
     min_confidence: 0.01 → 0.01
     Positions tracked: 944

  📊 HEALTH FACTOR DISTRIBUTION (sampled 30 of 944):
           <1.0:   0 
       1.0-1.05:   0 
      1.05-1.10:   0 
      1.10-1.20:   2 ██
      1.20-1.50:   3 ███
          >1.50:  25 █████████████████████████
          error:   0 
     Closest to liquidation: HF=1.1199 debt=$4,547 (0xcc7373ec...)

  📊 [phase_1_cold_start] 9.70h | P&L: $0.00 | Rate: $0.00/hr | TXs: 80 | Cap: $0.00 | Mult: inactive
   ⏱️  Scan #727 | Positions: 944 | Watchlist: 358 | Opps found: 85 | ETH gas: 0.0647 gwei | Vectors: 4/6 active

  ┌─ STATUS [9:41:58] ─────────────────────────────────────────┐
  │ Profits: 0/5 | Total P&L: $0.00 | Phase: phase_1_cold_start
  │ Positions: 944 | Opps: found=85 exec=80 skip=5
  │ Vectors: standard_liquidation=2, preemptive_liquidation=78, new_protocol=5, undercollateralized_pool=2158
  │ Gas: 0.0647 gwei | Engine: RUNNING
  └──────────────────────────────────────────────────────────┘
   ⏱️  Scan #728 | Positions: 944 | Watchlist: 359 | Opps found: 85 | ETH gas: 0.0518 gwei | Vectors: 4/6 active

  ┌─ STATUS [9:42:54] ─────────────────────────────────────────┐
  │ Profits: 0/5 | Total P&L: $0.00 | Phase: phase_1_cold_start
  │ Positions: 944 | Opps: found=85 exec=80 skip=5
  │ Vectors: standard_liquidation=2, preemptive_liquidation=78, new_protocol=5, undercollateralized_pool=2160
  │ Gas: 0.0518 gwei | Engine: RUNNING
  └──────────────────────────────────────────────────────────┘
   ⚡ [ZRP] positions=946 checks=10950 fired=0 confirmed=0 reverted=0 profit=$0.00 gas=$0.0000
      Index: ETH/USD:946
   📡 [RPC Gateway] reqs=0 rps=0.0 batched=0 failovers=0 429s=0

  📊 [phase_1_cold_start] 9.73h | P&L: $0.00 | Rate: $0.00/hr | TXs: 80 | Cap: $0.00 | Mult: inactive
   ⏱️  Scan #729 | Positions: 944 | Watchlist: 359 | Opps found: 85 | ETH gas: 0.0501 gwei | Vectors: 4/6 active

  ┌─ STATUS [9:43:46] ─────────────────────────────────────────┐
  │ Profits: 0/5 | Total P&L: $0.00 | Phase: phase_1_cold_start
  │ Positions: 944 | Opps: found=85 exec=80 skip=5
  │ Vectors: standard_liquidation=2, preemptive_liquidation=78, new_protocol=5, undercollateralized_pool=2162
  │ Gas: 0.0501 gwei | Engine: RUNNING
  └──────────────────────────────────────────────────────────┘
   ⏱️  Scan #730 | Positions: 944 | Watchlist: 359 | Opps found: 85 | ETH gas: 0.0584 gwei | Vectors: 4/6 active

  ┌─ STATUS [9:44:43] ─────────────────────────────────────────┐
  │ Profits: 0/5 | Total P&L: $0.00 | Phase: phase_1_cold_start
  │ Positions: 944 | Opps: found=85 exec=80 skip=5
  │ Vectors: standard_liquidation=2, preemptive_liquidation=78, new_protocol=5, undercollateralized_pool=2164
  │ Gas: 0.0584 gwei | Engine: RUNNING
  └──────────────────────────────────────────────────────────┘

  📊 [phase_1_cold_start] 9.76h | P&L: $0.00 | Rate: $0.00/hr | TXs: 80 | Cap: $0.00 | Mult: inactive
   📝 Queued execution c6fb639f... (priority 8)
   🎯 [preemptive_liquidation] chain=1 profit=$101.62 conf=5% pri=8
   ⏱️  Scan #731 | Positions: 944 | Watchlist: 359 | Opps found: 86 | ETH gas: 0.0619 gwei | Vectors: 4/6 active

  ┌─ STATUS [9:45:30] ─────────────────────────────────────────┐
  │ Profits: 0/5 | Total P&L: $0.00 | Phase: phase_1_cold_start
  │ Positions: 944 | Opps: found=86 exec=81 skip=5
  │ Vectors: standard_liquidation=2, preemptive_liquidation=79, new_protocol=5, undercollateralized_pool=2166
  │ Gas: 0.0619 gwei | Engine: RUNNING
  └──────────────────────────────────────────────────────────┘
   ❌ EXEC FAILED chain=1 user=?... reason=Unknown format '', attempted to normalize to '0x'
   ✅ Execution c6fb639f... completed: failed
   📡 [RPC Gateway] reqs=0 rps=0.0 batched=0 failovers=0 429s=0
   ⚡ [ZRP] positions=946 checks=10995 fired=0 confirmed=0 reverted=0 profit=$0.00 gas=$0.0000
      Index: ETH/USD:946
   ⏱️  Scan #732 | Positions: 944 | Watchlist: 359 | Opps found: 86 | ETH gas: 0.0570 gwei | Vectors: 4/6 active

  ┌─ STATUS [9:46:28] ─────────────────────────────────────────┐
  │ Profits: 0/5 | Total P&L: $0.00 | Phase: phase_1_cold_start
  │ Positions: 944 | Opps: found=86 exec=81 skip=5
  │ Vectors: standard_liquidation=2, preemptive_liquidation=79, new_protocol=5, undercollateralized_pool=2168
  │ Gas: 0.0570 gwei | Engine: RUNNING
  └──────────────────────────────────────────────────────────┘

  🔧 ADAPTIVE: No new profits in 300s
     min_profit: $0.01 → $0.01
     min_confidence: 0.01 → 0.01
     Positions tracked: 944

  📊 HEALTH FACTOR DISTRIBUTION (sampled 30 of 944):
           <1.0:   0 
       1.0-1.05:   0 
      1.05-1.10:   0 
      1.10-1.20:   2 ██
      1.20-1.50:   3 ███
          >1.50:  25 █████████████████████████
          error:   0 
     Closest to liquidation: HF=1.1144 debt=$4,547 (0xcc7373ec...)

  📊 [phase_1_cold_start] 9.78h | P&L: $0.00 | Rate: $0.00/hr | TXs: 81 | Cap: $0.00 | Mult: inactive
   ⏱️  Scan #733 | Positions: 944 | Watchlist: 359 | Opps found: 86 | ETH gas: 0.0611 gwei | Vectors: 4/6 active

  ┌─ STATUS [9:47:34] ─────────────────────────────────────────┐
  │ Profits: 0/5 | Total P&L: $0.00 | Phase: phase_1_cold_start
  │ Positions: 944 | Opps: found=86 exec=81 skip=5
  │ Vectors: standard_liquidation=2, preemptive_liquidation=79, new_protocol=5, undercollateralized_pool=2170
  │ Gas: 0.0611 gwei | Engine: RUNNING
  └──────────────────────────────────────────────────────────┘
   ⏱️  Scan #734 | Positions: 944 | Watchlist: 359 | Opps found: 86 | ETH gas: 0.0611 gwei | Vectors: 4/6 active

  ┌─ STATUS [9:48:23] ─────────────────────────────────────────┐
  │ Profits: 0/5 | Total P&L: $0.00 | Phase: phase_1_cold_start
  │ Positions: 944 | Opps: found=86 exec=81 skip=5
  │ Vectors: standard_liquidation=2, preemptive_liquidation=79, new_protocol=5, undercollateralized_pool=2172
  │ Gas: 0.0611 gwei | Engine: RUNNING
  └──────────────────────────────────────────────────────────┘

  📊 [phase_1_cold_start] 9.81h | P&L: $0.00 | Rate: $0.00/hr | TXs: 81 | Cap: $0.00 | Mult: inactive
   📡 [RPC Gateway] reqs=0 rps=0.0 batched=0 failovers=0 429s=0
   ⚡ [ZRP] positions=946 checks=11025 fired=0 confirmed=0 reverted=0 profit=$0.00 gas=$0.0000
      Index: ETH/USD:946
